project_id,reporting_date,reporting_month,physical_progress_pct,cumulative_expenditure_cr
PRJ-SYN-000001,2024-10-07,32,37.34,1489.19
PRJ-SYN-000001,2024-11-06,33,38.74,1540.46
PRJ-SYN-000001,2024-12-06,34,40.16,1591.89
PRJ-SYN-000001,2025-01-05,35,41.58,1643.47
PRJ-SYN-000001,2025-02-04,36,43.01,1695.19
PRJ-SYN-000001,2025-03-06,37,44.45,1747.06
PRJ-SYN-000001,2025-04-05,38,45.89,1799.07
PRJ-SYN-000001,2025-05-05,39,47.34,1851.22
PRJ-SYN-000001,2025-06-04,40,48.8,1903.5
PRJ-SYN-000001,2025-07-04,41,50.27,1955.91
PRJ-SYN-000001,2025-08-03,42,51.75,2008.45
PRJ-SYN-000001,2025-09-02,43,53.23,2061.11
PRJ-SYN-000001,2025-10-02,44,54.72,2113.9
PRJ-SYN-000001,2025-11-01,45,56.21,2166.8
PRJ-SYN-000001,2025-12-01,46,57.72,2219.83
PRJ-SYN-000001,2025-12-31,47,59.23,2272.97
PRJ-SYN-000001,2026-01-30,48,60.74,2326.22
PRJ-SYN-000001,2026-03-01,49,62.26,2379.59
PRJ-SYN-000002,2024-10-07,12,15.68,86.34
PRJ-SYN-000002,2024-11-06,13,17.26,94.28
PRJ-SYN-000002,2024-12-06,14,18.86,102.29
PRJ-SYN-000002,2025-01-05,15,20.49,110.35
PRJ-SYN-000002,2025-02-04,16,22.14,118.47
PRJ-SYN-000002,2025-03-06,17,23.81,126.64
PRJ-SYN-000002,2025-04-05,18,25.5,134.86
PRJ-SYN-000002,2025-05-05,19,27.21,143.13
PRJ-SYN-000002,2025-06-04,20,28.94,151.43
PRJ-SYN-000002,2025-07-04,21,30.69,159.78
PRJ-SYN-000002,2025-08-03,22,32.45,168.17
PRJ-SYN-000002,2025-09-02,23,34.23,176.6
PRJ-SYN-000002,2025-10-02,24,36.02,185.06
PRJ-SYN-000002,2025-11-01,25,37.83,193.56
PRJ-SYN-000002,2025-12-01,26,39.65,202.1
PRJ-SYN-000002,2025-12-31,27,41.49,210.66
PRJ-SYN-000002,2026-01-30,28,43.34,219.26
PRJ-SYN-000002,2026-03-01,29,45.2,227.89
PRJ-SYN-000003,2024-10-07,78,77.94,462.68
PRJ-SYN-000003,2024-11-06,79,79.15,469.21
PRJ-SYN-000003,2024-12-06,80,80.35,475.75
PRJ-SYN-000003,2025-01-05,81,81.56,482.29
PRJ-SYN-000003,2025-02-04,82,82.77,488.85
PRJ-SYN-000003,2025-03-06,83,83.98,495.41
PRJ-SYN-000003,2025-04-05,84,85.19,501.98
PRJ-SYN-000003,2025-05-05,85,86.41,508.55
PRJ-SYN-000003,2025-06-04,86,87.63,515.14
PRJ-SYN-000003,2025-07-04,87,88.86,521.73
PRJ-SYN-000003,2025-08-03,88,90.09,528.33
PRJ-SYN-000003,2025-09-02,89,91.32,534.94
PRJ-SYN-000003,2025-10-02,90,92.55,541.56
PRJ-SYN-000003,2025-11-01,91,93.78,548.18
PRJ-SYN-000003,2025-12-01,92,95.02,554.81
PRJ-SYN-000003,2025-12-31,93,96.26,561.45
PRJ-SYN-000003,2026-01-30,94,97.51,568.09
PRJ-SYN-000003,2026-03-01,95,98.75,574.74
PRJ-SYN-000004,2024-10-07,71,76.25,3746.97
PRJ-SYN-000004,2024-11-06,72,77.54,3805.07
PRJ-SYN-000004,2024-12-06,73,78.84,3863.24
PRJ-SYN-000004,2025-01-05,74,80.13,3921.49
PRJ-SYN-000004,2025-02-04,75,81.43,3979.83
PRJ-SYN-000004,2025-03-06,76,82.74,4038.23
PRJ-SYN-000004,2025-04-05,77,84.05,4096.72
PRJ-SYN-000004,2025-05-05,78,85.36,4155.28
PRJ-SYN-000004,2025-06-04,79,86.67,4213.92
PRJ-SYN-000004,2025-07-04,80,87.99,4272.63
PRJ-SYN-000004,2025-08-03,81,89.31,4331.42
PRJ-SYN-000004,2025-09-02,82,90.64,4390.28
PRJ-SYN-000004,2025-10-02,83,91.97,4449.21
PRJ-SYN-000004,2025-11-01,84,93.3,4508.21
PRJ-SYN-000004,2025-12-01,85,94.63,4567.28
PRJ-SYN-000004,2025-12-31,86,95.97,4626.42
PRJ-SYN-000004,2026-01-30,87,97.31,4685.63
PRJ-SYN-000004,2026-03-01,88,98.65,4744.91
PRJ-SYN-000005,2024-10-07,78,77.94,1683.07
PRJ-SYN-000005,2024-11-06,79,79.15,1706.82
PRJ-SYN-000005,2024-12-06,80,80.35,1730.6
PRJ-SYN-000005,2025-01-05,81,81.56,1754.41
PRJ-SYN-000005,2025-02-04,82,82.77,1778.25
PRJ-SYN-000005,2025-03-06,83,83.98,1802.12
PRJ-SYN-000005,2025-04-05,84,85.19,1826.02
PRJ-SYN-000005,2025-05-05,85,86.41,1849.94
PRJ-SYN-000005,2025-06-04,86,87.63,1873.9
PRJ-SYN-000005,2025-07-04,87,88.86,1897.88
PRJ-SYN-000005,2025-08-03,88,90.09,1921.89
PRJ-SYN-000005,2025-09-02,89,91.32,1945.93
PRJ-SYN-000005,2025-10-02,90,92.55,1969.99
PRJ-SYN-000005,2025-11-01,91,93.78,1994.08
PRJ-SYN-000005,2025-12-01,92,95.02,2018.2
PRJ-SYN-000005,2025-12-31,93,96.26,2042.34
PRJ-SYN-000005,2026-01-30,94,97.51,2066.51
PRJ-SYN-000005,2026-03-01,95,98.75,2090.71
PRJ-SYN-000006,2024-10-07,61,73.32,204.29
PRJ-SYN-000006,2024-11-06,62,74.77,207.97
PRJ-SYN-000006,2024-12-06,63,76.22,211.67
PRJ-SYN-000006,2025-01-05,64,77.67,215.37
PRJ-SYN-000006,2025-02-04,65,79.13,219.07
PRJ-SYN-000006,2025-03-06,66,80.59,222.78
PRJ-SYN-000006,2025-04-05,67,82.06,226.5
PRJ-SYN-000006,2025-05-05,68,83.53,230.22
PRJ-SYN-000006,2025-06-04,69,85.01,233.95
PRJ-SYN-000006,2025-07-04,70,86.49,237.68
PRJ-SYN-000006,2025-08-03,71,87.97,241.41
PRJ-SYN-000006,2025-09-02,72,89.46,245.16
PRJ-SYN-000006,2025-10-02,73,90.96,248.91
PRJ-SYN-000006,2025-11-01,74,92.45,252.66
PRJ-SYN-000006,2025-12-01,75,93.96,256.42
PRJ-SYN-000006,2025-12-31,76,95.46,260.18
PRJ-SYN-000006,2026-01-30,77,96.97,263.95
PRJ-SYN-000006,2026-03-01,78,98.48,267.72
PRJ-SYN-000007,2024-10-07,33,59.31,113.41
PRJ-SYN-000007,2024-11-06,34,61.47,117.2
PRJ-SYN-000007,2024-12-06,35,63.65,120.99
PRJ-SYN-000007,2025-01-05,36,65.84,124.8
PRJ-SYN-000007,2025-02-04,37,68.04,128.62
PRJ-SYN-000007,2025-03-06,38,70.25,132.45
PRJ-SYN-000007,2025-04-05,39,72.48,136.29
PRJ-SYN-000007,2025-05-05,40,74.71,140.14
PRJ-SYN-000007,2025-06-04,41,76.96,144.0
PRJ-SYN-000007,2025-07-04,42,79.22,147.86
PRJ-SYN-000007,2025-08-03,43,81.49,151.74
PRJ-SYN-000007,2025-09-02,44,83.76,155.63
PRJ-SYN-000007,2025-10-02,45,86.05,159.52
PRJ-SYN-000007,2025-11-01,46,88.35,163.43
PRJ-SYN-000007,2025-12-01,47,90.66,167.34
PRJ-SYN-000007,2025-12-31,48,92.98,171.26
PRJ-SYN-000007,2026-01-30,49,95.31,175.19
PRJ-SYN-000007,2026-03-01,50,97.65,179.13
PRJ-SYN-000008,2024-10-07,32,43.73,202.78
PRJ-SYN-000008,2024-11-06,33,45.37,209.76
PRJ-SYN-000008,2024-12-06,34,47.03,216.77
PRJ-SYN-000008,2025-01-05,35,48.69,223.79
PRJ-SYN-000008,2025-02-04,36,50.36,230.83
PRJ-SYN-000008,2025-03-06,37,52.05,237.9
PRJ-SYN-000008,2025-04-05,38,53.74,244.98
PRJ-SYN-000008,2025-05-05,39,55.44,252.08
PRJ-SYN-000008,2025-06-04,40,57.15,259.2
PRJ-SYN-000008,2025-07-04,41,58.87,266.34
PRJ-SYN-000008,2025-08-03,42,60.6,273.49
PRJ-SYN-000008,2025-09-02,43,62.33,280.66
PRJ-SYN-000008,2025-10-02,44,64.08,287.85
PRJ-SYN-000008,2025-11-01,45,65.83,295.05
PRJ-SYN-000008,2025-12-01,46,67.59,302.27
PRJ-SYN-000008,2025-12-31,47,69.35,309.51
PRJ-SYN-000008,2026-01-30,48,71.13,316.76
PRJ-SYN-000008,2026-03-01,49,72.91,324.03
PRJ-SYN-000009,2024-10-07,22,34.96,370.53
PRJ-SYN-000009,2024-11-06,23,36.88,389.1
PRJ-SYN-000009,2024-12-06,24,38.81,407.74
PRJ-SYN-000009,2025-01-05,25,40.76,426.47
PRJ-SYN-000009,2025-02-04,26,42.72,445.27
PRJ-SYN-000009,2025-03-06,27,44.7,464.15
PRJ-SYN-000009,2025-04-05,28,46.7,483.09
PRJ-SYN-000009,2025-05-05,29,48.7,502.1
PRJ-SYN-000009,2025-06-04,30,50.73,521.18
PRJ-SYN-000009,2025-07-04,31,52.76,540.32
PRJ-SYN-000009,2025-08-03,32,54.81,559.53
PRJ-SYN-000009,2025-09-02,33,56.87,578.79
PRJ-SYN-000009,2025-10-02,34,58.95,598.11
PRJ-SYN-000009,2025-11-01,35,61.03,617.49
PRJ-SYN-000009,2025-12-01,36,63.13,636.92
PRJ-SYN-000009,2025-12-31,37,65.24,656.41
PRJ-SYN-000009,2026-01-30,38,67.36,675.95
PRJ-SYN-000009,2026-03-01,39,69.5,695.55
PRJ-SYN-000010,2024-10-07,55,57.43,2156.46
PRJ-SYN-000010,2024-11-06,56,58.69,2199.63
PRJ-SYN-000010,2024-12-06,57,59.95,2242.88
PRJ-SYN-000010,2025-01-05,58,61.21,2286.2
PRJ-SYN-000010,2025-02-04,59,62.48,2329.59
PRJ-SYN-000010,2025-03-06,60,63.75,2373.06
PRJ-SYN-000010,2025-04-05,61,65.03,2416.61
PRJ-SYN-000010,2025-05-05,62,66.31,2460.22
PRJ-SYN-000010,2025-06-04,63,67.6,2503.9
PRJ-SYN-000010,2025-07-04,64,68.89,2547.66
PRJ-SYN-000010,2025-08-03,65,70.18,2591.48
PRJ-SYN-000010,2025-09-02,66,71.48,2635.37
PRJ-SYN-000010,2025-10-02,67,72.78,2679.33
PRJ-SYN-000010,2025-11-01,68,74.09,2723.35
PRJ-SYN-000010,2025-12-01,69,75.4,2767.43
PRJ-SYN-000010,2025-12-31,70,76.71,2811.58
PRJ-SYN-000010,2026-01-30,71,78.03,2855.8
PRJ-SYN-000010,2026-03-01,72,79.35,2900.07
PRJ-SYN-000011,2024-10-07,10,20.85,496.14
PRJ-SYN-000011,2024-11-06,11,23.38,550.98
PRJ-SYN-000011,2024-12-06,12,25.95,606.33
PRJ-SYN-000011,2025-01-05,13,28.57,662.13
PRJ-SYN-000011,2025-02-04,14,31.23,718.37
PRJ-SYN-000011,2025-03-06,15,33.92,775.01
PRJ-SYN-000011,2025-04-05,16,36.65,832.03
PRJ-SYN-000011,2025-05-05,17,39.42,889.41
PRJ-SYN-000011,2025-06-04,18,42.22,947.12
PRJ-SYN-000011,2025-07-04,19,45.05,1005.16
PRJ-SYN-000011,2025-08-03,20,47.91,1063.51
PRJ-SYN-000011,2025-09-02,21,50.8,1122.14
PRJ-SYN-000011,2025-10-02,22,53.71,1181.06
PRJ-SYN-000011,2025-11-01,23,56.66,1240.25
PRJ-SYN-000011,2025-12-01,24,59.62,1299.69
PRJ-SYN-000011,2025-12-31,25,62.62,1359.38
PRJ-SYN-000011,2026-01-30,26,65.64,1419.31
PRJ-SYN-000011,2026-03-01,27,68.68,1479.47
PRJ-SYN-000012,2024-10-07,36,56.3,181.87
PRJ-SYN-000012,2024-11-06,37,58.18,187.43
PRJ-SYN-000012,2024-12-06,38,60.07,193.01
PRJ-SYN-000012,2025-01-05,39,61.97,198.61
PRJ-SYN-000012,2025-02-04,40,63.89,204.22
PRJ-SYN-000012,2025-03-06,41,65.81,209.84
PRJ-SYN-000012,2025-04-05,42,67.74,215.48
PRJ-SYN-000012,2025-05-05,43,69.68,221.13
PRJ-SYN-000012,2025-06-04,44,71.63,226.79
PRJ-SYN-000012,2025-07-04,45,73.58,232.46
PRJ-SYN-000012,2025-08-03,46,75.55,238.15
PRJ-SYN-000012,2025-09-02,47,77.53,243.85
PRJ-SYN-000012,2025-10-02,48,79.51,249.57
PRJ-SYN-000012,2025-11-01,49,81.5,255.29
PRJ-SYN-000012,2025-12-01,50,83.5,261.03
PRJ-SYN-000012,2025-12-31,51,85.51,266.78
PRJ-SYN-000012,2026-01-30,52,87.53,272.54
PRJ-SYN-000012,2026-03-01,53,89.55,278.31
PRJ-SYN-000013,2024-10-07,33,59.31,751.97
PRJ-SYN-000013,2024-11-06,34,61.47,777.07
PRJ-SYN-000013,2024-12-06,35,63.65,802.25
PRJ-SYN-000013,2025-01-05,36,65.84,827.5
PRJ-SYN-000013,2025-02-04,37,68.04,852.82
PRJ-SYN-000013,2025-03-06,38,70.25,878.21
PRJ-SYN-000013,2025-04-05,39,72.48,903.66
PRJ-SYN-000013,2025-05-05,40,74.71,929.18
PRJ-SYN-000013,2025-06-04,41,76.96,954.77
PRJ-SYN-000013,2025-07-04,42,79.22,980.41
PRJ-SYN-000013,2025-08-03,43,81.49,1006.12
PRJ-SYN-000013,2025-09-02,44,83.76,1031.89
PRJ-SYN-000013,2025-10-02,45,86.05,1057.71
PRJ-SYN-000013,2025-11-01,46,88.35,1083.6
PRJ-SYN-000013,2025-12-01,47,90.66,1109.54
PRJ-SYN-000013,2025-12-31,48,92.98,1135.53
PRJ-SYN-000013,2026-01-30,49,95.31,1161.58
PRJ-SYN-000013,2026-03-01,50,97.65,1187.68
PRJ-SYN-000014,2024-10-07,39,63.42,126.77
PRJ-SYN-000014,2024-11-06,40,65.38,130.35
PRJ-SYN-000014,2024-12-06,41,67.34,133.94
PRJ-SYN-000014,2025-01-05,42,69.32,137.53
PRJ-SYN-000014,2025-02-04,43,71.3,141.14
PRJ-SYN-000014,2025-03-06,44,73.3,144.75
PRJ-SYN-000014,2025-04-05,45,75.3,148.38
PRJ-SYN-000014,2025-05-05,46,77.31,152.01
PRJ-SYN-000014,2025-06-04,47,79.34,155.65
PRJ-SYN-000014,2025-07-04,48,81.37,159.29
PRJ-SYN-000014,2025-08-03,49,83.4,162.95
PRJ-SYN-000014,2025-09-02,50,85.45,166.61
PRJ-SYN-000014,2025-10-02,51,87.51,170.28
PRJ-SYN-000014,2025-11-01,52,89.57,173.95
PRJ-SYN-000014,2025-12-01,53,91.64,177.64
PRJ-SYN-000014,2025-12-31,54,93.72,181.33
PRJ-SYN-000014,2026-01-30,55,95.8,185.03
PRJ-SYN-000014,2026-03-01,56,97.9,188.73
PRJ-SYN-000015,2024-10-07,26,42.9,910.92
PRJ-SYN-000015,2024-11-06,27,44.88,949.53
PRJ-SYN-000015,2024-12-06,28,46.89,988.29
PRJ-SYN-000015,2025-01-05,29,48.9,1027.18
PRJ-SYN-000015,2025-02-04,30,50.93,1066.21
PRJ-SYN-000015,2025-03-06,31,52.98,1105.37
PRJ-SYN-000015,2025-04-05,32,55.04,1144.66
PRJ-SYN-000015,2025-05-05,33,57.11,1184.06
PRJ-SYN-000015,2025-06-04,34,59.19,1223.59
PRJ-SYN-000015,2025-07-04,35,61.28,1263.24
PRJ-SYN-000015,2025-08-03,36,63.39,1302.99
PRJ-SYN-000015,2025-09-02,37,65.51,1342.86
PRJ-SYN-000015,2025-10-02,38,67.64,1382.84
PRJ-SYN-000015,2025-11-01,39,69.78,1422.92
PRJ-SYN-000015,2025-12-01,40,71.93,1463.11
PRJ-SYN-000015,2025-12-31,41,74.1,1503.39
PRJ-SYN-000015,2026-01-30,42,76.27,1543.78
PRJ-SYN-000015,2026-03-01,43,78.46,1584.26
PRJ-SYN-000016,2024-10-07,10,10.57,494.51
PRJ-SYN-000016,2024-11-06,11,11.86,549.17
PRJ-SYN-000016,2024-12-06,12,13.16,604.33
PRJ-SYN-000016,2025-01-05,13,14.49,659.96
PRJ-SYN-000016,2025-02-04,14,15.84,716.01
PRJ-SYN-000016,2025-03-06,15,17.2,772.46
PRJ-SYN-000016,2025-04-05,16,18.59,829.3
PRJ-SYN-000016,2025-05-05,17,19.99,886.49
PRJ-SYN-000016,2025-06-04,18,21.41,944.01
PRJ-SYN-000016,2025-07-04,19,22.84,1001.86
PRJ-SYN-000016,2025-08-03,20,24.29,1060.01
PRJ-SYN-000016,2025-09-02,21,25.76,1118.46
PRJ-SYN-000016,2025-10-02,22,27.24,1177.18
PRJ-SYN-000016,2025-11-01,23,28.73,1236.17
PRJ-SYN-000016,2025-12-01,24,30.24,1295.42
PRJ-SYN-000016,2025-12-31,25,31.75,1354.91
PRJ-SYN-000016,2026-01-30,26,33.28,1414.65
PRJ-SYN-000016,2026-03-01,27,34.83,1474.61
PRJ-SYN-000017,2024-10-07,52,67.47,502.76
PRJ-SYN-000017,2024-11-06,53,69.03,513.4
PRJ-SYN-000017,2024-12-06,54,70.6,524.07
PRJ-SYN-000017,2025-01-05,55,72.17,534.75
PRJ-SYN-000017,2025-02-04,56,73.75,545.46
PRJ-SYN-000017,2025-03-06,57,75.33,556.18
PRJ-SYN-000017,2025-04-05,58,76.92,566.93
PRJ-SYN-000017,2025-05-05,59,78.51,577.69
PRJ-SYN-000017,2025-06-04,60,80.11,588.47
PRJ-SYN-000017,2025-07-04,61,81.72,599.26
PRJ-SYN-000017,2025-08-03,62,83.33,610.08
PRJ-SYN-000017,2025-09-02,63,84.94,620.91
PRJ-SYN-000017,2025-10-02,64,86.56,631.76
PRJ-SYN-000017,2025-11-01,65,88.19,642.63
PRJ-SYN-000017,2025-12-01,66,89.82,653.51
PRJ-SYN-000017,2025-12-31,67,91.45,664.41
PRJ-SYN-000017,2026-01-30,68,93.09,675.33
PRJ-SYN-000017,2026-03-01,69,94.74,686.26
PRJ-SYN-000018,2024-10-07,23,35.49,2838.04
PRJ-SYN-000018,2024-11-06,24,37.35,2974.06
PRJ-SYN-000018,2024-12-06,25,39.23,3110.66
PRJ-SYN-000018,2025-01-05,26,41.12,3247.8
PRJ-SYN-000018,2025-02-04,27,43.02,3385.46
PRJ-SYN-000018,2025-03-06,28,44.94,3523.64
PRJ-SYN-000018,2025-04-05,29,46.87,3662.32
PRJ-SYN-000018,2025-05-05,30,48.82,3801.47
PRJ-SYN-000018,2025-06-04,31,50.78,3941.09
PRJ-SYN-000018,2025-07-04,32,52.75,4081.15
PRJ-SYN-000018,2025-08-03,33,54.73,4221.66
PRJ-SYN-000018,2025-09-02,34,56.73,4362.59
PRJ-SYN-000018,2025-10-02,35,58.74,4503.94
PRJ-SYN-000018,2025-11-01,36,60.76,4645.69
PRJ-SYN-000018,2025-12-01,37,62.79,4787.84
PRJ-SYN-000018,2025-12-31,38,64.83,4930.37
PRJ-SYN-000018,2026-01-30,39,66.88,5073.28
PRJ-SYN-000018,2026-03-01,40,68.95,5216.56
PRJ-SYN-000019,2024-10-07,17,19.46,101.57
PRJ-SYN-000019,2024-11-06,18,20.85,108.16
PRJ-SYN-000019,2024-12-06,19,22.24,114.79
PRJ-SYN-000019,2025-01-05,20,23.66,121.45
PRJ-SYN-000019,2025-02-04,21,25.08,128.15
PRJ-SYN-000019,2025-03-06,22,26.52,134.87
PRJ-SYN-000019,2025-04-05,23,27.98,141.63
PRJ-SYN-000019,2025-05-05,24,29.44,148.42
PRJ-SYN-000019,2025-06-04,25,30.92,155.24
PRJ-SYN-000019,2025-07-04,26,32.41,162.08
PRJ-SYN-000019,2025-08-03,27,33.91,168.95
PRJ-SYN-000019,2025-09-02,28,35.42,175.85
PRJ-SYN-000019,2025-10-02,29,36.95,182.77
PRJ-SYN-000019,2025-11-01,30,38.48,189.71
PRJ-SYN-000019,2025-12-01,31,40.03,196.68
PRJ-SYN-000019,2025-12-31,32,41.58,203.67
PRJ-SYN-000019,2026-01-30,33,43.14,210.68
PRJ-SYN-000019,2026-03-01,34,44.72,217.72
PRJ-SYN-000020,2024-10-07,68,75.44,1053.65
PRJ-SYN-000020,2024-11-06,69,76.78,1070.71
PRJ-SYN-000020,2024-12-06,70,78.11,1087.79
PRJ-SYN-000020,2025-01-05,71,79.45,1104.89
PRJ-SYN-000020,2025-02-04,72,80.8,1122.02
PRJ-SYN-000020,2025-03-06,73,82.15,1139.18
PRJ-SYN-000020,2025-04-05,74,83.5,1156.35
PRJ-SYN-000020,2025-05-05,75,84.85,1173.56
PRJ-SYN-000020,2025-06-04,76,86.21,1190.78
PRJ-SYN-000020,2025-07-04,77,87.58,1208.02
PRJ-SYN-000020,2025-08-03,78,88.94,1225.29
PRJ-SYN-000020,2025-09-02,79,90.31,1242.58
PRJ-SYN-000020,2025-10-02,80,91.69,1259.9
PRJ-SYN-000020,2025-11-01,81,93.06,1277.23
PRJ-SYN-000020,2025-12-01,82,94.44,1294.59
PRJ-SYN-000020,2025-12-31,83,95.83,1311.96
PRJ-SYN-000020,2026-01-30,84,97.22,1329.36
PRJ-SYN-000020,2026-03-01,85,98.61,1346.78
PRJ-SYN-000021,2024-10-07,24,41.28,206.28
PRJ-SYN-000021,2024-11-06,25,43.35,215.76
PRJ-SYN-000021,2024-12-06,26,45.44,225.27
PRJ-SYN-000021,2025-01-05,27,47.54,234.82
PRJ-SYN-000021,2025-02-04,28,49.66,244.4
PRJ-SYN-000021,2025-03-06,29,51.8,254.02
PRJ-SYN-000021,2025-04-05,30,53.95,263.67
PRJ-SYN-000021,2025-05-05,31,56.12,273.35
PRJ-SYN-000021,2025-06-04,32,58.3,283.07
PRJ-SYN-000021,2025-07-04,33,60.49,292.81
PRJ-SYN-000021,2025-08-03,34,62.7,302.59
PRJ-SYN-000021,2025-09-02,35,64.91,312.39
PRJ-SYN-000021,2025-10-02,36,67.15,322.23
PRJ-SYN-000021,2025-11-01,37,69.39,332.09
PRJ-SYN-000021,2025-12-01,38,71.65,341.97
PRJ-SYN-000021,2025-12-31,39,73.92,351.88
PRJ-SYN-000021,2026-01-30,40,76.2,361.82
PRJ-SYN-000021,2026-03-01,41,78.49,371.78
PRJ-SYN-000022,2024-10-07,60,72.99,856.4
PRJ-SYN-000022,2024-11-06,61,74.45,872.11
PRJ-SYN-000022,2024-12-06,62,75.92,887.85
PRJ-SYN-000022,2025-01-05,63,77.39,903.61
PRJ-SYN-000022,2025-02-04,64,78.87,919.4
PRJ-SYN-000022,2025-03-06,65,80.35,935.22
PRJ-SYN-000022,2025-04-05,66,81.84,951.06
PRJ-SYN-000022,2025-05-05,67,83.33,966.92
PRJ-SYN-000022,2025-06-04,68,84.82,982.81
PRJ-SYN-000022,2025-07-04,69,86.32,998.72
PRJ-SYN-000022,2025-08-03,70,87.82,1014.65
PRJ-SYN-000022,2025-09-02,71,89.33,1030.6
PRJ-SYN-000022,2025-10-02,72,90.84,1046.58
PRJ-SYN-000022,2025-11-01,73,92.36,1062.58
PRJ-SYN-000022,2025-12-01,74,93.88,1078.61
PRJ-SYN-000022,2025-12-31,75,95.4,1094.65
PRJ-SYN-000022,2026-01-30,76,96.93,1110.72
PRJ-SYN-000022,2026-03-01,77,98.46,1126.8
PRJ-SYN-000023,2024-10-07,44,58.39,348.38
PRJ-SYN-000023,2024-11-06,45,59.99,357.09
PRJ-SYN-000023,2024-12-06,46,61.59,365.83
PRJ-SYN-000023,2025-01-05,47,63.2,374.59
PRJ-SYN-000023,2025-02-04,48,64.82,383.37
PRJ-SYN-000023,2025-03-06,49,66.44,392.16
PRJ-SYN-000023,2025-04-05,50,68.07,400.97
PRJ-SYN-000023,2025-05-05,51,69.71,409.8
PRJ-SYN-000023,2025-06-04,52,71.35,418.65
PRJ-SYN-000023,2025-07-04,53,73.0,427.52
PRJ-SYN-000023,2025-08-03,54,74.66,436.4
PRJ-SYN-000023,2025-09-02,55,76.32,445.3
PRJ-SYN-000023,2025-10-02,56,77.99,454.21
PRJ-SYN-000023,2025-11-01,57,79.66,463.14
PRJ-SYN-000023,2025-12-01,58,81.34,472.09
PRJ-SYN-000023,2025-12-31,59,83.03,481.05
PRJ-SYN-000023,2026-01-30,60,84.72,490.02
PRJ-SYN-000023,2026-03-01,61,86.42,499.01
PRJ-SYN-000024,2024-10-07,80,78.39,2374.11
PRJ-SYN-000024,2024-11-06,81,79.56,2406.78
PRJ-SYN-000024,2024-12-06,82,80.74,2439.48
PRJ-SYN-000024,2025-01-05,83,81.93,2472.22
PRJ-SYN-000024,2025-02-04,84,83.11,2505.01
PRJ-SYN-000024,2025-03-06,85,84.3,2537.83
PRJ-SYN-000024,2025-04-05,86,85.49,2570.69
PRJ-SYN-000024,2025-05-05,87,86.69,2603.59
PRJ-SYN-000024,2025-06-04,88,87.88,2636.53
PRJ-SYN-000024,2025-07-04,89,89.08,2669.51
PRJ-SYN-000024,2025-08-03,90,90.29,2702.52
PRJ-SYN-000024,2025-09-02,91,91.49,2735.57
PRJ-SYN-000024,2025-10-02,92,92.7,2768.65
PRJ-SYN-000024,2025-11-01,93,93.91,2801.78
PRJ-SYN-000024,2025-12-01,94,95.12,2834.93
PRJ-SYN-000024,2025-12-31,95,96.34,2868.12
PRJ-SYN-000024,2026-01-30,96,97.56,2901.35
PRJ-SYN-000024,2026-03-01,97,98.78,2934.61
PRJ-SYN-000025,2024-10-07,37,62.15,412.63
PRJ-SYN-000025,2024-11-06,38,64.17,424.91
PRJ-SYN-000025,2024-12-06,39,66.2,437.23
PRJ-SYN-000025,2025-01-05,40,68.24,449.58
PRJ-SYN-000025,2025-02-04,41,70.29,461.95
PRJ-SYN-000025,2025-03-06,42,72.35,474.36
PRJ-SYN-000025,2025-04-05,43,74.43,486.8
PRJ-SYN-000025,2025-05-05,44,76.51,499.27
PRJ-SYN-000025,2025-06-04,45,78.6,511.77
PRJ-SYN-000025,2025-07-04,46,80.7,524.29
PRJ-SYN-000025,2025-08-03,47,82.81,536.84
PRJ-SYN-000025,2025-09-02,48,84.93,549.42
PRJ-SYN-000025,2025-10-02,49,87.06,562.02
PRJ-SYN-000025,2025-11-01,50,89.19,574.65
PRJ-SYN-000025,2025-12-01,51,91.34,587.31
PRJ-SYN-000025,2025-12-31,52,93.49,599.99
PRJ-SYN-000025,2026-01-30,53,95.65,612.69
PRJ-SYN-000025,2026-03-01,54,97.82,625.42
PRJ-SYN-000026,2024-10-07,38,62.79,714.23
PRJ-SYN-000026,2024-11-06,39,64.78,734.93
PRJ-SYN-000026,2024-12-06,40,66.78,755.68
PRJ-SYN-000026,2025-01-05,41,68.79,776.49
PRJ-SYN-000026,2025-02-04,42,70.81,797.35
PRJ-SYN-000026,2025-03-06,43,72.83,818.26
PRJ-SYN-000026,2025-04-05,44,74.87,839.21
PRJ-SYN-000026,2025-05-05,45,76.92,860.22
PRJ-SYN-000026,2025-06-04,46,78.97,881.27
PRJ-SYN-000026,2025-07-04,47,81.04,902.36
PRJ-SYN-000026,2025-08-03,48,83.11,923.51
PRJ-SYN-000026,2025-09-02,49,85.19,944.69
PRJ-SYN-000026,2025-10-02,50,87.28,965.92
PRJ-SYN-000026,2025-11-01,51,89.38,987.19
PRJ-SYN-000026,2025-12-01,52,91.49,1008.5
PRJ-SYN-000026,2025-12-31,53,93.61,1029.86
PRJ-SYN-000026,2026-01-30,54,95.73,1051.25
PRJ-SYN-000026,2026-03-01,55,97.86,1072.69
PRJ-SYN-000027,2024-10-07,35,38.99,2720.47
PRJ-SYN-000027,2024-11-06,36,40.33,2806.09
PRJ-SYN-000027,2024-12-06,37,41.68,2891.95
PRJ-SYN-000027,2025-01-05,38,43.03,2978.04
PRJ-SYN-000027,2025-02-04,39,44.4,3064.36
PRJ-SYN-000027,2025-03-06,40,45.77,3150.9
PRJ-SYN-000027,2025-04-05,41,47.14,3237.66
PRJ-SYN-000027,2025-05-05,42,48.52,3324.63
PRJ-SYN-000027,2025-06-04,43,49.91,3411.8
PRJ-SYN-000027,2025-07-04,44,51.31,3499.18
PRJ-SYN-000027,2025-08-03,45,52.71,3586.76
PRJ-SYN-000027,2025-09-02,46,54.12,3674.53
PRJ-SYN-000027,2025-10-02,47,55.54,3762.5
PRJ-SYN-000027,2025-11-01,48,56.96,3850.65
PRJ-SYN-000027,2025-12-01,49,58.38,3938.99
PRJ-SYN-000027,2025-12-31,50,59.82,4027.5
PRJ-SYN-000027,2026-01-30,51,61.26,4116.19
PRJ-SYN-000027,2026-03-01,52,62.7,4205.06
PRJ-SYN-000028,2024-10-07,71,76.25,1517.82
PRJ-SYN-000028,2024-11-06,72,77.54,1541.35
PRJ-SYN-000028,2024-12-06,73,78.84,1564.92
PRJ-SYN-000028,2025-01-05,74,80.13,1588.51
PRJ-SYN-000028,2025-02-04,75,81.43,1612.14
PRJ-SYN-000028,2025-03-06,76,82.74,1635.8
PRJ-SYN-000028,2025-04-05,77,84.05,1659.49
PRJ-SYN-000028,2025-05-05,78,85.36,1683.22
PRJ-SYN-000028,2025-06-04,79,86.67,1706.97
PRJ-SYN-000028,2025-07-04,80,87.99,1730.75
PRJ-SYN-000028,2025-08-03,81,89.31,1754.57
PRJ-SYN-000028,2025-09-02,82,90.64,1778.41
PRJ-SYN-000028,2025-10-02,83,91.97,1802.28
PRJ-SYN-000028,2025-11-01,84,93.3,1826.18
PRJ-SYN-000028,2025-12-01,85,94.63,1850.11
PRJ-SYN-000028,2025-12-31,86,95.97,1874.06
PRJ-SYN-000028,2026-01-30,87,97.31,1898.05
PRJ-SYN-000028,2026-03-01,88,98.65,1922.06
PRJ-SYN-000029,2024-10-07,38,62.79,578.35
PRJ-SYN-000029,2024-11-06,39,64.78,595.12
PRJ-SYN-000029,2024-12-06,40,66.78,611.92
PRJ-SYN-000029,2025-01-05,41,68.79,628.77
PRJ-SYN-000029,2025-02-04,42,70.81,645.66
PRJ-SYN-000029,2025-03-06,43,72.83,662.59
PRJ-SYN-000029,2025-04-05,44,74.87,679.56
PRJ-SYN-000029,2025-05-05,45,76.92,696.57
PRJ-SYN-000029,2025-06-04,46,78.97,713.62
PRJ-SYN-000029,2025-07-04,47,81.04,730.7
PRJ-SYN-000029,2025-08-03,48,83.11,747.82
PRJ-SYN-000029,2025-09-02,49,85.19,764.98
PRJ-SYN-000029,2025-10-02,50,87.28,782.17
PRJ-SYN-000029,2025-11-01,51,89.38,799.39
PRJ-SYN-000029,2025-12-01,52,91.49,816.65
PRJ-SYN-000029,2025-12-31,53,93.61,833.94
PRJ-SYN-000029,2026-01-30,54,95.73,851.27
PRJ-SYN-000029,2026-03-01,55,97.86,868.62
PRJ-SYN-000030,2024-10-07,68,75.44,213.44
PRJ-SYN-000030,2024-11-06,69,76.78,216.89
PRJ-SYN-000030,2024-12-06,70,78.11,220.35
PRJ-SYN-000030,2025-01-05,71,79.45,223.82
PRJ-SYN-000030,2025-02-04,72,80.8,227.29
PRJ-SYN-000030,2025-03-06,73,82.15,230.76
PRJ-SYN-000030,2025-04-05,74,83.5,234.24
PRJ-SYN-000030,2025-05-05,75,84.85,237.73
PRJ-SYN-000030,2025-06-04,76,86.21,241.22
PRJ-SYN-000030,2025-07-04,77,87.58,244.71
PRJ-SYN-000030,2025-08-03,78,88.94,248.21
PRJ-SYN-000030,2025-09-02,79,90.31,251.71
PRJ-SYN-000030,2025-10-02,80,91.69,255.22
PRJ-SYN-000030,2025-11-01,81,93.06,258.73
PRJ-SYN-000030,2025-12-01,82,94.44,262.24
PRJ-SYN-000030,2025-12-31,83,95.83,265.76
PRJ-SYN-000030,2026-01-30,84,97.22,269.29
PRJ-SYN-000030,2026-03-01,85,98.61,272.82
PRJ-SYN-000031,2024-10-07,47,51.13,348.74
PRJ-SYN-000031,2024-11-06,48,52.44,356.91
PRJ-SYN-000031,2024-12-06,49,53.75,365.1
PRJ-SYN-000031,2025-01-05,50,55.07,373.31
PRJ-SYN-000031,2025-02-04,51,56.4,381.53
PRJ-SYN-000031,2025-03-06,52,57.73,389.76
PRJ-SYN-000031,2025-04-05,53,59.06,398.02
PRJ-SYN-000031,2025-05-05,54,60.4,406.29
PRJ-SYN-000031,2025-06-04,55,61.74,414.57
PRJ-SYN-000031,2025-07-04,56,63.09,422.87
PRJ-SYN-000031,2025-08-03,57,64.45,431.18
PRJ-SYN-000031,2025-09-02,58,65.81,439.51
PRJ-SYN-000031,2025-10-02,59,67.17,447.85
PRJ-SYN-000031,2025-11-01,60,68.54,456.21
PRJ-SYN-000031,2025-12-01,61,69.91,464.58
PRJ-SYN-000031,2025-12-31,62,71.29,472.97
PRJ-SYN-000031,2026-01-30,63,72.67,481.36
PRJ-SYN-000031,2026-03-01,64,74.06,489.78
PRJ-SYN-000032,2024-10-07,63,73.97,436.56
PRJ-SYN-000032,2024-11-06,64,75.38,444.18
PRJ-SYN-000032,2024-12-06,65,76.79,451.82
PRJ-SYN-000032,2025-01-05,66,78.21,459.48
PRJ-SYN-000032,2025-02-04,67,79.64,467.14
PRJ-SYN-000032,2025-03-06,68,81.06,474.82
PRJ-SYN-000032,2025-04-05,69,82.5,482.5
PRJ-SYN-000032,2025-05-05,70,83.93,490.2
PRJ-SYN-000032,2025-06-04,71,85.37,497.91
PRJ-SYN-000032,2025-07-04,72,86.82,505.63
PRJ-SYN-000032,2025-08-03,73,88.27,513.36
PRJ-SYN-000032,2025-09-02,74,89.72,521.1
PRJ-SYN-000032,2025-10-02,75,91.18,528.85
PRJ-SYN-000032,2025-11-01,76,92.64,536.61
PRJ-SYN-000032,2025-12-01,77,94.1,544.38
PRJ-SYN-000032,2025-12-31,78,95.57,552.16
PRJ-SYN-000032,2026-01-30,79,97.04,559.96
PRJ-SYN-000032,2026-03-01,80,98.52,567.76
PRJ-SYN-000033,2024-10-07,64,74.27,399.47
PRJ-SYN-000033,2024-11-06,65,75.67,406.35
PRJ-SYN-000033,2024-12-06,66,77.07,413.23
PRJ-SYN-000033,2025-01-05,67,78.47,420.12
PRJ-SYN-000033,2025-02-04,68,79.88,427.02
PRJ-SYN-000033,2025-03-06,69,81.29,433.94
PRJ-SYN-000033,2025-04-05,70,82.71,440.86
PRJ-SYN-000033,2025-05-05,71,84.13,447.79
PRJ-SYN-000033,2025-06-04,72,85.55,454.73
PRJ-SYN-000033,2025-07-04,73,86.98,461.69
PRJ-SYN-000033,2025-08-03,74,88.41,468.65
PRJ-SYN-000033,2025-09-02,75,89.85,475.62
PRJ-SYN-000033,2025-10-02,76,91.29,482.6
PRJ-SYN-000033,2025-11-01,77,92.73,489.59
PRJ-SYN-000033,2025-12-01,78,94.18,496.59
PRJ-SYN-000033,2025-12-31,79,95.63,503.59
PRJ-SYN-000033,2026-01-30,80,97.08,510.61
PRJ-SYN-000033,2026-03-01,81,98.54,517.64
PRJ-SYN-000034,2024-10-07,44,66.26,1210.15
PRJ-SYN-000034,2024-11-06,45,68.07,1240.43
PRJ-SYN-000034,2024-12-06,46,69.89,1270.79
PRJ-SYN-000034,2025-01-05,47,71.72,1301.21
PRJ-SYN-000034,2025-02-04,48,73.56,1331.7
PRJ-SYN-000034,2025-03-06,49,75.4,1362.25
PRJ-SYN-000034,2025-04-05,50,77.25,1392.86
PRJ-SYN-000034,2025-05-05,51,79.11,1423.53
PRJ-SYN-000034,2025-06-04,52,80.97,1454.27
PRJ-SYN-000034,2025-07-04,53,82.84,1485.06
PRJ-SYN-000034,2025-08-03,54,84.72,1515.91
PRJ-SYN-000034,2025-09-02,55,86.61,1546.82
PRJ-SYN-000034,2025-10-02,56,88.5,1577.78
PRJ-SYN-000034,2025-11-01,57,90.4,1608.8
PRJ-SYN-000034,2025-12-01,58,92.31,1639.88
PRJ-SYN-000034,2025-12-31,59,94.22,1671.0
PRJ-SYN-000034,2026-01-30,60,96.14,1702.18
PRJ-SYN-000034,2026-03-01,61,98.07,1733.42
PRJ-SYN-000035,2024-10-07,59,72.65,1082.64
PRJ-SYN-000035,2024-11-06,60,74.13,1102.85
PRJ-SYN-000035,2024-12-06,61,75.61,1123.08
PRJ-SYN-000035,2025-01-05,62,77.1,1143.35
PRJ-SYN-000035,2025-02-04,63,78.6,1163.65
PRJ-SYN-000035,2025-03-06,64,80.1,1183.99
PRJ-SYN-000035,2025-04-05,65,81.6,1204.35
PRJ-SYN-000035,2025-05-05,66,83.11,1224.75
PRJ-SYN-000035,2025-06-04,67,84.63,1245.18
PRJ-SYN-000035,2025-07-04,68,86.14,1265.63
PRJ-SYN-000035,2025-08-03,69,87.67,1286.12
PRJ-SYN-000035,2025-09-02,70,89.19,1306.64
PRJ-SYN-000035,2025-10-02,71,90.72,1327.19
PRJ-SYN-000035,2025-11-01,72,92.26,1347.77
PRJ-SYN-000035,2025-12-01,73,93.8,1368.37
PRJ-SYN-000035,2025-12-31,74,95.34,1389.0
PRJ-SYN-000035,2026-01-30,75,96.89,1409.67
PRJ-SYN-000035,2026-03-01,76,98.44,1430.35
PRJ-SYN-000036,2024-10-07,13,35.25,1519.94
PRJ-SYN-000036,2024-11-06,14,38.52,1649.04
PRJ-SYN-000036,2024-12-06,15,41.85,1779.06
PRJ-SYN-000036,2025-01-05,16,45.22,1909.95
PRJ-SYN-000036,2025-02-04,17,48.63,2041.66
PRJ-SYN-000036,2025-03-06,18,52.08,2174.15
PRJ-SYN-000036,2025-04-05,19,55.57,2307.38
PRJ-SYN-000036,2025-05-05,20,59.1,2441.31
PRJ-SYN-000036,2025-06-04,21,62.67,2575.91
PRJ-SYN-000036,2025-07-04,22,66.26,2711.15
PRJ-SYN-000036,2025-08-03,23,69.89,2847.02
PRJ-SYN-000036,2025-09-02,24,73.56,2983.47
PRJ-SYN-000036,2025-10-02,25,77.25,3120.49
PRJ-SYN-000036,2025-11-01,26,80.97,3258.07
PRJ-SYN-000036,2025-12-01,27,84.72,3396.17
PRJ-SYN-000036,2025-12-31,28,88.5,3534.79
PRJ-SYN-000036,2026-01-30,29,92.31,3673.9
PRJ-SYN-000036,2026-03-01,30,96.14,3813.49
PRJ-SYN-000037,2024-10-07,54,54.92,683.75
PRJ-SYN-000037,2024-11-06,55,56.15,697.69
PRJ-SYN-000037,2024-12-06,56,57.37,711.65
PRJ-SYN-000037,2025-01-05,57,58.61,725.65
PRJ-SYN-000037,2025-02-04,58,59.84,739.66
PRJ-SYN-000037,2025-03-06,59,61.08,753.7
PRJ-SYN-000037,2025-04-05,60,62.33,767.77
PRJ-SYN-000037,2025-05-05,61,63.58,781.85
PRJ-SYN-000037,2025-06-04,62,64.83,795.96
PRJ-SYN-000037,2025-07-04,63,66.09,810.1
PRJ-SYN-000037,2025-08-03,64,67.35,824.25
PRJ-SYN-000037,2025-09-02,65,68.61,838.43
PRJ-SYN-000037,2025-10-02,66,69.88,852.63
PRJ-SYN-000037,2025-11-01,67,71.15,866.85
PRJ-SYN-000037,2025-12-01,68,72.43,881.09
PRJ-SYN-000037,2025-12-31,69,73.71,895.36
PRJ-SYN-000037,2026-01-30,70,74.99,909.64
PRJ-SYN-000037,2026-03-01,71,76.28,923.95
PRJ-SYN-000038,2024-10-07,76,77.49,745.93
PRJ-SYN-000038,2024-11-06,77,78.71,756.73
PRJ-SYN-000038,2024-12-06,78,79.94,767.55
PRJ-SYN-000038,2025-01-05,79,81.17,778.38
PRJ-SYN-000038,2025-02-04,80,82.41,789.23
PRJ-SYN-000038,2025-03-06,81,83.64,800.09
PRJ-SYN-000038,2025-04-05,82,84.88,810.96
PRJ-SYN-000038,2025-05-05,83,86.13,821.84
PRJ-SYN-000038,2025-06-04,84,87.37,832.74
PRJ-SYN-000038,2025-07-04,85,88.62,843.65
PRJ-SYN-000038,2025-08-03,86,89.88,854.58
PRJ-SYN-000038,2025-09-02,87,91.13,865.52
PRJ-SYN-000038,2025-10-02,88,92.39,876.47
PRJ-SYN-000038,2025-11-01,89,93.65,887.43
PRJ-SYN-000038,2025-12-01,90,94.92,898.4
PRJ-SYN-000038,2025-12-31,91,96.18,909.39
PRJ-SYN-000038,2026-01-30,92,97.45,920.39
PRJ-SYN-000038,2026-03-01,93,98.72,931.4
PRJ-SYN-000039,2024-10-07,59,72.65,481.9
PRJ-SYN-000039,2024-11-06,60,74.13,490.89
PRJ-SYN-000039,2024-12-06,61,75.61,499.9
PRJ-SYN-000039,2025-01-05,62,77.1,508.92
PRJ-SYN-000039,2025-02-04,63,78.6,517.96
PRJ-SYN-000039,2025-03-06,64,80.1,527.01
PRJ-SYN-000039,2025-04-05,65,81.6,536.07
PRJ-SYN-000039,2025-05-05,66,83.11,545.15
PRJ-SYN-000039,2025-06-04,67,84.63,554.24
PRJ-SYN-000039,2025-07-04,68,86.14,563.35
PRJ-SYN-000039,2025-08-03,69,87.67,572.47
PRJ-SYN-000039,2025-09-02,70,89.19,581.6
PRJ-SYN-000039,2025-10-02,71,90.72,590.75
PRJ-SYN-000039,2025-11-01,72,92.26,599.91
PRJ-SYN-000039,2025-12-01,73,93.8,609.08
PRJ-SYN-000039,2025-12-31,74,95.34,618.26
PRJ-SYN-000039,2026-01-30,75,96.89,627.46
PRJ-SYN-000039,2026-03-01,76,98.44,636.67
PRJ-SYN-000040,2024-10-07,36,46.91,842.73
PRJ-SYN-000040,2024-11-06,37,48.48,868.52
PRJ-SYN-000040,2024-12-06,38,50.06,894.38
PRJ-SYN-000040,2025-01-05,39,51.64,920.3
PRJ-SYN-000040,2025-02-04,40,53.23,946.29
PRJ-SYN-000040,2025-03-06,41,54.83,972.34
PRJ-SYN-000040,2025-04-05,42,56.44,998.46
PRJ-SYN-000040,2025-05-05,43,58.06,1024.64
PRJ-SYN-000040,2025-06-04,44,59.68,1050.89
PRJ-SYN-000040,2025-07-04,45,61.31,1077.19
PRJ-SYN-000040,2025-08-03,46,62.95,1103.55
PRJ-SYN-000040,2025-09-02,47,64.6,1129.97
PRJ-SYN-000040,2025-10-02,48,66.25,1156.44
PRJ-SYN-000040,2025-11-01,49,67.91,1182.97
PRJ-SYN-000040,2025-12-01,50,69.58,1209.55
PRJ-SYN-000040,2025-12-31,51,71.25,1236.19
PRJ-SYN-000040,2026-01-30,52,72.93,1262.88
PRJ-SYN-000040,2026-03-01,53,74.62,1289.62
PRJ-SYN-000041,2024-10-07,23,41.26,302.48
PRJ-SYN-000041,2024-11-06,24,43.42,316.98
PRJ-SYN-000041,2024-12-06,25,45.6,331.54
PRJ-SYN-000041,2025-01-05,26,47.8,346.16
PRJ-SYN-000041,2025-02-04,27,50.01,360.83
PRJ-SYN-000041,2025-03-06,28,52.24,375.56
PRJ-SYN-000041,2025-04-05,29,54.49,390.34
PRJ-SYN-000041,2025-05-05,30,56.75,405.17
PRJ-SYN-000041,2025-06-04,31,59.03,420.05
PRJ-SYN-000041,2025-07-04,32,61.32,434.98
PRJ-SYN-000041,2025-08-03,33,63.63,449.95
PRJ-SYN-000041,2025-09-02,34,65.95,464.97
PRJ-SYN-000041,2025-10-02,35,68.28,480.04
PRJ-SYN-000041,2025-11-01,36,70.63,495.15
PRJ-SYN-000041,2025-12-01,37,72.99,510.3
PRJ-SYN-000041,2025-12-31,38,75.36,525.49
PRJ-SYN-000041,2026-01-30,39,77.75,540.72
PRJ-SYN-000041,2026-03-01,40,80.15,555.99
PRJ-SYN-000042,2024-10-07,64,74.27,564.09
PRJ-SYN-000042,2024-11-06,65,75.67,573.79
PRJ-SYN-000042,2024-12-06,66,77.07,583.51
PRJ-SYN-000042,2025-01-05,67,78.47,593.24
PRJ-SYN-000042,2025-02-04,68,79.88,602.99
PRJ-SYN-000042,2025-03-06,69,81.29,612.75
PRJ-SYN-000042,2025-04-05,70,82.71,622.52
PRJ-SYN-000042,2025-05-05,71,84.13,632.31
PRJ-SYN-000042,2025-06-04,72,85.55,642.11
PRJ-SYN-000042,2025-07-04,73,86.98,651.93
PRJ-SYN-000042,2025-08-03,74,88.41,661.76
PRJ-SYN-000042,2025-09-02,75,89.85,671.61
PRJ-SYN-000042,2025-10-02,76,91.29,681.46
PRJ-SYN-000042,2025-11-01,77,92.73,691.33
PRJ-SYN-000042,2025-12-01,78,94.18,701.21
PRJ-SYN-000042,2025-12-31,79,95.63,711.11
PRJ-SYN-000042,2026-01-30,80,97.08,721.02
PRJ-SYN-000042,2026-03-01,81,98.54,730.94
PRJ-SYN-000043,2024-10-07,12,16.28,572.68
PRJ-SYN-000043,2024-11-06,13,17.93,625.38
PRJ-SYN-000043,2024-12-06,14,19.59,678.5
PRJ-SYN-000043,2025-01-05,15,21.28,732.0
PRJ-SYN-000043,2025-02-04,16,23.0,785.85
PRJ-SYN-000043,2025-03-06,17,24.73,840.05
PRJ-SYN-000043,2025-04-05,18,26.49,894.56
PRJ-SYN-000043,2025-05-05,19,28.27,949.38
PRJ-SYN-000043,2025-06-04,20,30.06,1004.48
PRJ-SYN-000043,2025-07-04,21,31.87,1059.86
PRJ-SYN-000043,2025-08-03,22,33.7,1115.51
PRJ-SYN-000043,2025-09-02,23,35.55,1171.41
PRJ-SYN-000043,2025-10-02,24,37.41,1227.56
PRJ-SYN-000043,2025-11-01,25,39.29,1283.93
PRJ-SYN-000043,2025-12-01,26,41.18,1340.54
PRJ-SYN-000043,2025-12-31,27,43.09,1397.36
PRJ-SYN-000043,2026-01-30,28,45.01,1454.4
PRJ-SYN-000043,2026-03-01,29,46.95,1511.63
PRJ-SYN-000044,2024-10-07,37,59.7,2006.94
PRJ-SYN-000044,2024-11-06,38,61.64,2066.69
PRJ-SYN-000044,2024-12-06,39,63.59,2126.59
PRJ-SYN-000044,2025-01-05,40,65.55,2186.65
PRJ-SYN-000044,2025-02-04,41,67.52,2246.86
PRJ-SYN-000044,2025-03-06,42,69.5,2307.21
PRJ-SYN-000044,2025-04-05,43,71.49,2367.71
PRJ-SYN-000044,2025-05-05,44,73.49,2428.35
PRJ-SYN-000044,2025-06-04,45,75.5,2489.13
PRJ-SYN-000044,2025-07-04,46,77.52,2550.04
PRJ-SYN-000044,2025-08-03,47,79.55,2611.08
PRJ-SYN-000044,2025-09-02,48,81.58,2672.26
PRJ-SYN-000044,2025-10-02,49,83.63,2733.56
PRJ-SYN-000044,2025-11-01,50,85.68,2794.99
PRJ-SYN-000044,2025-12-01,51,87.74,2856.54
PRJ-SYN-000044,2025-12-31,52,89.81,2918.21
PRJ-SYN-000044,2026-01-30,53,91.88,2980.0
PRJ-SYN-000044,2026-03-01,54,93.97,3041.91
PRJ-SYN-000045,2024-10-07,36,55.54,465.18
PRJ-SYN-000045,2024-11-06,37,57.39,479.41
PRJ-SYN-000045,2024-12-06,38,59.26,493.68
PRJ-SYN-000045,2025-01-05,39,61.13,507.99
PRJ-SYN-000045,2025-02-04,40,63.02,522.34
PRJ-SYN-000045,2025-03-06,41,64.92,536.72
PRJ-SYN-000045,2025-04-05,42,66.82,551.14
PRJ-SYN-000045,2025-05-05,43,68.73,565.59
PRJ-SYN-000045,2025-06-04,44,70.66,580.07
PRJ-SYN-000045,2025-07-04,45,72.59,594.59
PRJ-SYN-000045,2025-08-03,46,74.53,609.14
PRJ-SYN-000045,2025-09-02,47,76.48,623.73
PRJ-SYN-000045,2025-10-02,48,78.43,638.34
PRJ-SYN-000045,2025-11-01,49,80.4,652.98
PRJ-SYN-000045,2025-12-01,50,82.37,667.66
PRJ-SYN-000045,2025-12-31,51,84.35,682.36
PRJ-SYN-000045,2026-01-30,52,86.34,697.09
PRJ-SYN-000045,2026-03-01,53,88.34,711.85
PRJ-SYN-000046,2024-10-07,55,71.19,4504.06
PRJ-SYN-000046,2024-11-06,56,72.75,4594.22
PRJ-SYN-000046,2024-12-06,57,74.31,4684.55
PRJ-SYN-000046,2025-01-05,58,75.88,4775.03
PRJ-SYN-000046,2025-02-04,59,77.45,4865.67
PRJ-SYN-000046,2025-03-06,60,79.03,4956.46
PRJ-SYN-000046,2025-04-05,61,80.61,5047.4
PRJ-SYN-000046,2025-05-05,62,82.2,5138.5
PRJ-SYN-000046,2025-06-04,63,83.8,5229.74
PRJ-SYN-000046,2025-07-04,64,85.39,5321.12
PRJ-SYN-000046,2025-08-03,65,87.0,5412.65
PRJ-SYN-000046,2025-09-02,66,88.61,5504.32
PRJ-SYN-000046,2025-10-02,67,90.22,5596.13
PRJ-SYN-000046,2025-11-01,68,91.84,5688.07
PRJ-SYN-000046,2025-12-01,69,93.46,5780.15
PRJ-SYN-000046,2025-12-31,70,95.09,5872.36
PRJ-SYN-000046,2026-01-30,71,96.72,5964.71
PRJ-SYN-000046,2026-03-01,72,98.36,6057.19
PRJ-SYN-000047,2024-10-07,29,56.02,606.03
PRJ-SYN-000047,2024-11-06,30,58.35,629.06
PRJ-SYN-000047,2024-12-06,31,60.69,652.16
PRJ-SYN-000047,2025-01-05,32,63.05,675.34
PRJ-SYN-000047,2025-02-04,33,65.42,698.59
PRJ-SYN-000047,2025-03-06,34,67.8,721.91
PRJ-SYN-000047,2025-04-05,35,70.2,745.3
PRJ-SYN-000047,2025-05-05,36,72.62,768.76
PRJ-SYN-000047,2025-06-04,37,75.05,792.28
PRJ-SYN-000047,2025-07-04,38,77.49,815.87
PRJ-SYN-000047,2025-08-03,39,79.94,839.52
PRJ-SYN-000047,2025-09-02,40,82.41,863.23
PRJ-SYN-000047,2025-10-02,41,84.88,886.99
PRJ-SYN-000047,2025-11-01,42,87.37,910.82
PRJ-SYN-000047,2025-12-01,43,89.88,934.7
PRJ-SYN-000047,2025-12-31,44,92.39,958.64
PRJ-SYN-000047,2026-01-30,45,94.92,982.63
PRJ-SYN-000047,2026-03-01,46,97.45,1006.68
PRJ-SYN-000048,2024-10-07,44,59.52,436.09
PRJ-SYN-000048,2024-11-06,45,61.14,447.0
PRJ-SYN-000048,2024-12-06,46,62.78,457.94
PRJ-SYN-000048,2025-01-05,47,64.42,468.91
PRJ-SYN-000048,2025-02-04,48,66.07,479.89
PRJ-SYN-000048,2025-03-06,49,67.72,490.9
PRJ-SYN-000048,2025-04-05,50,69.39,501.93
PRJ-SYN-000048,2025-05-05,51,71.05,512.99
PRJ-SYN-000048,2025-06-04,52,72.73,524.06
PRJ-SYN-000048,2025-07-04,53,74.41,535.16
PRJ-SYN-000048,2025-08-03,54,76.1,546.28
PRJ-SYN-000048,2025-09-02,55,77.79,557.41
PRJ-SYN-000048,2025-10-02,56,79.49,568.57
PRJ-SYN-000048,2025-11-01,57,81.2,579.75
PRJ-SYN-000048,2025-12-01,58,82.91,590.95
PRJ-SYN-000048,2025-12-31,59,84.63,602.17
PRJ-SYN-000048,2026-01-30,60,86.35,613.4
PRJ-SYN-000048,2026-03-01,61,88.08,624.66
PRJ-SYN-000049,2024-10-07,58,65.74,1405.4
PRJ-SYN-000049,2024-11-06,59,67.1,1432.07
PRJ-SYN-000049,2024-12-06,60,68.46,1458.8
PRJ-SYN-000049,2025-01-05,61,69.84,1485.56
PRJ-SYN-000049,2025-02-04,62,71.21,1512.37
PRJ-SYN-000049,2025-03-06,63,72.59,1539.23
PRJ-SYN-000049,2025-04-05,64,73.98,1566.13
PRJ-SYN-000049,2025-05-05,65,75.37,1593.06
PRJ-SYN-000049,2025-06-04,66,76.76,1620.04
PRJ-SYN-000049,2025-07-04,67,78.16,1647.07
PRJ-SYN-000049,2025-08-03,68,79.56,1674.13
PRJ-SYN-000049,2025-09-02,69,80.97,1701.23
PRJ-SYN-000049,2025-10-02,70,82.38,1728.37
PRJ-SYN-000049,2025-11-01,71,83.79,1755.55
PRJ-SYN-000049,2025-12-01,72,85.21,1782.77
PRJ-SYN-000049,2025-12-31,73,86.63,1810.02
PRJ-SYN-000049,2026-01-30,74,88.06,1837.31
PRJ-SYN-000049,2026-03-01,75,89.49,1864.64
PRJ-SYN-000050,2024-10-07,23,36.5,70.76
PRJ-SYN-000050,2024-11-06,24,38.41,74.15
PRJ-SYN-000050,2024-12-06,25,40.34,77.55
PRJ-SYN-000050,2025-01-05,26,42.29,80.97
PRJ-SYN-000050,2025-02-04,27,44.24,84.41
PRJ-SYN-000050,2025-03-06,28,46.22,87.85
PRJ-SYN-000050,2025-04-05,29,48.21,91.31
PRJ-SYN-000050,2025-05-05,30,50.21,94.78
PRJ-SYN-000050,2025-06-04,31,52.22,98.26
PRJ-SYN-000050,2025-07-04,32,54.25,101.75
PRJ-SYN-000050,2025-08-03,33,56.29,105.25
PRJ-SYN-000050,2025-09-02,34,58.34,108.77
PRJ-SYN-000050,2025-10-02,35,60.41,112.29
PRJ-SYN-000050,2025-11-01,36,62.49,115.83
PRJ-SYN-000050,2025-12-01,37,64.57,119.37
PRJ-SYN-000050,2025-12-31,38,66.67,122.92
PRJ-SYN-000050,2026-01-30,39,68.79,126.49
PRJ-SYN-000050,2026-03-01,40,70.91,130.06
PRJ-SYN-000051,2024-10-07,60,72.99,1413.5
PRJ-SYN-000051,2024-11-06,61,74.45,1439.44
PRJ-SYN-000051,2024-12-06,62,75.92,1465.41
PRJ-SYN-000051,2025-01-05,63,77.39,1491.43
PRJ-SYN-000051,2025-02-04,64,78.87,1517.5
PRJ-SYN-000051,2025-03-06,65,80.35,1543.6
PRJ-SYN-000051,2025-04-05,66,81.84,1569.74
PRJ-SYN-000051,2025-05-05,67,83.33,1595.92
PRJ-SYN-000051,2025-06-04,68,84.82,1622.14
PRJ-SYN-000051,2025-07-04,69,86.32,1648.4
PRJ-SYN-000051,2025-08-03,70,87.82,1674.7
PRJ-SYN-000051,2025-09-02,71,89.33,1701.04
PRJ-SYN-000051,2025-10-02,72,90.84,1727.41
PRJ-SYN-000051,2025-11-01,73,92.36,1753.82
PRJ-SYN-000051,2025-12-01,74,93.88,1780.26
PRJ-SYN-000051,2025-12-31,75,95.4,1806.75
PRJ-SYN-000051,2026-01-30,76,96.93,1833.26
PRJ-SYN-000051,2026-03-01,77,98.46,1859.81
PRJ-SYN-000052,2024-10-07,64,68.13,2477.05
PRJ-SYN-000052,2024-11-06,65,69.41,2519.66
PRJ-SYN-000052,2024-12-06,66,70.69,2562.33
PRJ-SYN-000052,2025-01-05,67,71.98,2605.07
PRJ-SYN-000052,2025-02-04,68,73.27,2647.87
PRJ-SYN-000052,2025-03-06,69,74.57,2690.73
PRJ-SYN-000052,2025-04-05,70,75.87,2733.66
PRJ-SYN-000052,2025-05-05,71,77.17,2776.65
PRJ-SYN-000052,2025-06-04,72,78.48,2819.7
PRJ-SYN-000052,2025-07-04,73,79.79,2862.81
PRJ-SYN-000052,2025-08-03,74,81.1,2905.97
PRJ-SYN-000052,2025-09-02,75,82.42,2949.2
PRJ-SYN-000052,2025-10-02,76,83.74,2992.48
PRJ-SYN-000052,2025-11-01,77,85.06,3035.82
PRJ-SYN-000052,2025-12-01,78,86.39,3079.22
PRJ-SYN-000052,2025-12-31,79,87.72,3122.67
PRJ-SYN-000052,2026-01-30,80,89.05,3166.18
PRJ-SYN-000052,2026-03-01,81,90.39,3209.74
PRJ-SYN-000053,2024-10-07,75,77.25,303.89
PRJ-SYN-000053,2024-11-06,76,78.49,308.35
PRJ-SYN-000053,2024-12-06,77,79.73,312.82
PRJ-SYN-000053,2025-01-05,78,80.97,317.29
PRJ-SYN-000053,2025-02-04,79,82.22,321.77
PRJ-SYN-000053,2025-03-06,80,83.47,326.25
PRJ-SYN-000053,2025-04-05,81,84.72,330.74
PRJ-SYN-000053,2025-05-05,82,85.98,335.23
PRJ-SYN-000053,2025-06-04,83,87.24,339.73
PRJ-SYN-000053,2025-07-04,84,88.5,344.24
PRJ-SYN-000053,2025-08-03,85,89.77,348.75
PRJ-SYN-000053,2025-09-02,86,91.04,353.26
PRJ-SYN-000053,2025-10-02,87,92.31,357.79
PRJ-SYN-000053,2025-11-01,88,93.58,362.31
PRJ-SYN-000053,2025-12-01,89,94.86,366.84
PRJ-SYN-000053,2025-12-31,90,96.14,371.38
PRJ-SYN-000053,2026-01-30,91,97.42,375.92
PRJ-SYN-000053,2026-03-01,92,98.71,380.47
PRJ-SYN-000054,2024-10-07,12,18.08,908.63
PRJ-SYN-000054,2024-11-06,13,19.91,992.26
PRJ-SYN-000054,2024-12-06,14,21.76,1076.54
PRJ-SYN-000054,2025-01-05,15,23.64,1161.42
PRJ-SYN-000054,2025-02-04,16,25.54,1246.87
PRJ-SYN-000054,2025-03-06,17,27.47,1332.86
PRJ-SYN-000054,2025-04-05,18,29.42,1419.35
PRJ-SYN-000054,2025-05-05,19,31.39,1506.32
PRJ-SYN-000054,2025-06-04,20,33.38,1593.76
PRJ-SYN-000054,2025-07-04,21,35.39,1681.63
PRJ-SYN-000054,2025-08-03,22,37.42,1769.92
PRJ-SYN-000054,2025-09-02,23,39.48,1858.62
PRJ-SYN-000054,2025-10-02,24,41.54,1947.7
PRJ-SYN-000054,2025-11-01,25,43.63,2037.15
PRJ-SYN-000054,2025-12-01,26,45.73,2126.96
PRJ-SYN-000054,2025-12-31,27,47.85,2217.12
PRJ-SYN-000054,2026-01-30,28,49.99,2307.61
PRJ-SYN-000054,2026-03-01,29,52.14,2398.43
PRJ-SYN-000055,2024-10-07,43,56.55,285.83
PRJ-SYN-000055,2024-11-06,44,58.13,293.15
PRJ-SYN-000055,2024-12-06,45,59.72,300.49
PRJ-SYN-000055,2025-01-05,46,61.31,307.84
PRJ-SYN-000055,2025-02-04,47,62.92,315.21
PRJ-SYN-000055,2025-03-06,48,64.53,322.6
PRJ-SYN-000055,2025-04-05,49,66.14,330.0
PRJ-SYN-000055,2025-05-05,50,67.77,337.41
PRJ-SYN-000055,2025-06-04,51,69.4,344.84
PRJ-SYN-000055,2025-07-04,52,71.03,352.29
PRJ-SYN-000055,2025-08-03,53,72.68,359.75
PRJ-SYN-000055,2025-09-02,54,74.32,367.22
PRJ-SYN-000055,2025-10-02,55,75.98,374.71
PRJ-SYN-000055,2025-11-01,56,77.64,382.21
PRJ-SYN-000055,2025-12-01,57,79.31,389.72
PRJ-SYN-000055,2025-12-31,58,80.98,397.25
PRJ-SYN-000055,2026-01-30,59,82.66,404.79
PRJ-SYN-000055,2026-03-01,60,84.34,412.34
PRJ-SYN-000056,2024-10-07,10,14.6,801.4
PRJ-SYN-000056,2024-11-06,11,16.37,889.98
PRJ-SYN-000056,2024-12-06,12,18.18,979.37
PRJ-SYN-000056,2025-01-05,13,20.01,1069.51
PRJ-SYN-000056,2025-02-04,14,21.87,1160.35
PRJ-SYN-000056,2025-03-06,15,23.76,1251.84
PRJ-SYN-000056,2025-04-05,16,25.67,1343.94
PRJ-SYN-000056,2025-05-05,17,27.61,1436.62
PRJ-SYN-000056,2025-06-04,18,29.57,1529.84
PRJ-SYN-000056,2025-07-04,19,31.55,1623.59
PRJ-SYN-000056,2025-08-03,20,33.55,1717.83
PRJ-SYN-000056,2025-09-02,21,35.57,1812.54
PRJ-SYN-000056,2025-10-02,22,37.62,1907.71
PRJ-SYN-000056,2025-11-01,23,39.68,2003.31
PRJ-SYN-000056,2025-12-01,24,41.76,2099.33
PRJ-SYN-000056,2025-12-31,25,43.85,2195.74
PRJ-SYN-000056,2026-01-30,26,45.97,2292.55
PRJ-SYN-000056,2026-03-01,27,48.09,2389.72
PRJ-SYN-000057,2024-10-07,30,56.89,114.75
PRJ-SYN-000057,2024-11-06,31,59.18,118.97
PRJ-SYN-000057,2024-12-06,32,61.47,123.2
PRJ-SYN-000057,2025-01-05,33,63.79,127.44
PRJ-SYN-000057,2025-02-04,34,66.11,131.69
PRJ-SYN-000057,2025-03-06,35,68.45,135.96
PRJ-SYN-000057,2025-04-05,36,70.81,140.24
PRJ-SYN-000057,2025-05-05,37,73.17,144.53
PRJ-SYN-000057,2025-06-04,38,75.55,148.83
PRJ-SYN-000057,2025-07-04,39,77.94,153.14
PRJ-SYN-000057,2025-08-03,40,80.35,157.47
PRJ-SYN-000057,2025-09-02,41,82.77,161.81
PRJ-SYN-000057,2025-10-02,42,85.19,166.15
PRJ-SYN-000057,2025-11-01,43,87.63,170.51
PRJ-SYN-000057,2025-12-01,44,90.09,174.88
PRJ-SYN-000057,2025-12-31,45,92.55,179.25
PRJ-SYN-000057,2026-01-30,46,95.02,183.64
PRJ-SYN-000057,2026-03-01,47,97.51,188.03
PRJ-SYN-000058,2024-10-07,57,71.94,112.47
PRJ-SYN-000058,2024-11-06,58,73.46,114.64
PRJ-SYN-000058,2024-12-06,59,74.98,116.82
PRJ-SYN-000058,2025-01-05,60,76.51,118.99
PRJ-SYN-000058,2025-02-04,61,78.04,121.18
PRJ-SYN-000058,2025-03-06,62,79.58,123.37
PRJ-SYN-000058,2025-04-05,63,81.12,125.56
PRJ-SYN-000058,2025-05-05,64,82.67,127.75
PRJ-SYN-000058,2025-06-04,65,84.22,129.95
PRJ-SYN-000058,2025-07-04,66,85.78,132.15
PRJ-SYN-000058,2025-08-03,67,87.34,134.35
PRJ-SYN-000058,2025-09-02,68,88.91,136.56
PRJ-SYN-000058,2025-10-02,69,90.48,138.77
PRJ-SYN-000058,2025-11-01,70,92.05,140.98
PRJ-SYN-000058,2025-12-01,71,93.63,143.2
PRJ-SYN-000058,2025-12-31,72,95.22,145.42
PRJ-SYN-000058,2026-01-30,73,96.81,147.64
PRJ-SYN-000058,2026-03-01,74,98.4,149.87
PRJ-SYN-000059,2024-10-07,62,73.65,624.96
PRJ-SYN-000059,2024-11-06,63,75.08,636.06
PRJ-SYN-000059,2024-12-06,64,76.51,647.17
PRJ-SYN-000059,2025-01-05,65,77.94,658.3
PRJ-SYN-000059,2025-02-04,66,79.39,669.45
PRJ-SYN-000059,2025-03-06,67,80.83,680.62
PRJ-SYN-000059,2025-04-05,68,82.28,691.8
PRJ-SYN-000059,2025-05-05,69,83.74,703.0
PRJ-SYN-000059,2025-06-04,70,85.19,714.22
PRJ-SYN-000059,2025-07-04,71,86.66,725.45
PRJ-SYN-000059,2025-08-03,72,88.12,736.7
PRJ-SYN-000059,2025-09-02,73,89.59,747.96
PRJ-SYN-000059,2025-10-02,74,91.07,759.24
PRJ-SYN-000059,2025-11-01,75,92.55,770.53
PRJ-SYN-000059,2025-12-01,76,94.03,781.84
PRJ-SYN-000059,2025-12-31,77,95.52,793.16
PRJ-SYN-000059,2026-01-30,78,97.01,804.5
PRJ-SYN-000059,2026-03-01,79,98.5,815.85
PRJ-SYN-000060,2024-10-07,32,43.26,2035.55
PRJ-SYN-000060,2024-11-06,33,44.88,2105.63
PRJ-SYN-000060,2024-12-06,34,46.52,2175.92
PRJ-SYN-000060,2025-01-05,35,48.17,2246.42
PRJ-SYN-000060,2025-02-04,36,49.82,2317.12
PRJ-SYN-000060,2025-03-06,37,51.49,2388.02
PRJ-SYN-000060,2025-04-05,38,53.16,2459.11
PRJ-SYN-000060,2025-05-05,39,54.85,2530.39
PRJ-SYN-000060,2025-06-04,40,56.54,2601.85
PRJ-SYN-000060,2025-07-04,41,58.24,2673.49
PRJ-SYN-000060,2025-08-03,42,59.95,2745.3
PRJ-SYN-000060,2025-09-02,43,61.67,2817.29
PRJ-SYN-000060,2025-10-02,44,63.39,2889.44
PRJ-SYN-000060,2025-11-01,45,65.12,2961.76
PRJ-SYN-000060,2025-12-01,46,66.86,3034.24
PRJ-SYN-000060,2025-12-31,47,68.61,3106.87
PRJ-SYN-000060,2026-01-30,48,70.37,3179.67
PRJ-SYN-000060,2026-03-01,49,72.13,3252.61
PRJ-SYN-000061,2024-10-07,40,59.28,315.9
PRJ-SYN-000061,2024-11-06,41,61.06,324.59
PRJ-SYN-000061,2024-12-06,42,62.85,333.31
PRJ-SYN-000061,2025-01-05,43,64.65,342.05
PRJ-SYN-000061,2025-02-04,44,66.46,350.81
PRJ-SYN-000061,2025-03-06,45,68.27,359.59
PRJ-SYN-000061,2025-04-05,46,70.1,368.39
PRJ-SYN-000061,2025-05-05,47,71.93,377.21
PRJ-SYN-000061,2025-06-04,48,73.77,386.05
PRJ-SYN-000061,2025-07-04,49,75.62,394.91
PRJ-SYN-000061,2025-08-03,50,77.48,403.78
PRJ-SYN-000061,2025-09-02,51,79.34,412.67
PRJ-SYN-000061,2025-10-02,52,81.21,421.58
PRJ-SYN-000061,2025-11-01,53,83.09,430.51
PRJ-SYN-000061,2025-12-01,54,84.97,439.45
PRJ-SYN-000061,2025-12-31,55,86.86,448.41
PRJ-SYN-000061,2026-01-30,56,88.76,457.39
PRJ-SYN-000061,2026-03-01,57,90.67,466.38
PRJ-SYN-000062,2024-10-07,50,57.69,7194.39
PRJ-SYN-000062,2024-11-06,51,59.07,7352.83
PRJ-SYN-000062,2024-12-06,52,60.47,7511.57
PRJ-SYN-000062,2025-01-05,53,61.86,7670.62
PRJ-SYN-000062,2025-02-04,54,63.27,7829.97
PRJ-SYN-000062,2025-03-06,55,64.68,7989.62
PRJ-SYN-000062,2025-04-05,56,66.09,8149.55
PRJ-SYN-000062,2025-05-05,57,67.51,8309.78
PRJ-SYN-000062,2025-06-04,58,68.93,8470.28
PRJ-SYN-000062,2025-07-04,59,70.36,8631.06
PRJ-SYN-000062,2025-08-03,60,71.79,8792.12
PRJ-SYN-000062,2025-09-02,61,73.23,8953.44
PRJ-SYN-000062,2025-10-02,62,74.68,9115.03
PRJ-SYN-000062,2025-11-01,63,76.12,9276.87
PRJ-SYN-000062,2025-12-01,64,77.58,9438.98
PRJ-SYN-000062,2025-12-31,65,79.03,9601.34
PRJ-SYN-000062,2026-01-30,66,80.49,9763.95
PRJ-SYN-000062,2026-03-01,67,81.96,9926.8
PRJ-SYN-000063,2024-10-07,61,73.32,4438.74
PRJ-SYN-000063,2024-11-06,62,74.77,4518.85
PRJ-SYN-000063,2024-12-06,63,76.22,4599.08
PRJ-SYN-000063,2025-01-05,64,77.67,4679.45
PRJ-SYN-000063,2025-02-04,65,79.13,4759.94
PRJ-SYN-000063,2025-03-06,66,80.59,4840.55
PRJ-SYN-000063,2025-04-05,67,82.06,4921.29
PRJ-SYN-000063,2025-05-05,68,83.53,5002.15
PRJ-SYN-000063,2025-06-04,69,85.01,5083.12
PRJ-SYN-000063,2025-07-04,70,86.49,5164.22
PRJ-SYN-000063,2025-08-03,71,87.97,5245.43
PRJ-SYN-000063,2025-09-02,72,89.46,5326.75
PRJ-SYN-000063,2025-10-02,73,90.96,5408.19
PRJ-SYN-000063,2025-11-01,74,92.45,5489.74
PRJ-SYN-000063,2025-12-01,75,93.96,5571.4
PRJ-SYN-000063,2025-12-31,76,95.46,5653.16
PRJ-SYN-000063,2026-01-30,77,96.97,5735.04
PRJ-SYN-000063,2026-03-01,78,98.48,5817.02
PRJ-SYN-000064,2024-10-07,25,46.91,13089.02
PRJ-SYN-000064,2024-11-06,26,49.17,13666.08
PRJ-SYN-000064,2024-12-06,27,51.45,14245.35
PRJ-SYN-000064,2025-01-05,28,53.74,14826.78
PRJ-SYN-000064,2025-02-04,29,56.06,15410.29
PRJ-SYN-000064,2025-03-06,30,58.38,15995.82
PRJ-SYN-000064,2025-04-05,31,60.73,16583.3
PRJ-SYN-000064,2025-05-05,32,63.08,17172.68
PRJ-SYN-000064,2025-06-04,33,65.46,17763.91
PRJ-SYN-000064,2025-07-04,34,67.84,18356.93
PRJ-SYN-000064,2025-08-03,35,70.25,18951.69
PRJ-SYN-000064,2025-09-02,36,72.66,19548.16
PRJ-SYN-000064,2025-10-02,37,75.09,20146.29
PRJ-SYN-000064,2025-11-01,38,77.53,20746.03
PRJ-SYN-000064,2025-12-01,39,79.99,21347.36
PRJ-SYN-000064,2025-12-31,40,82.45,21950.23
PRJ-SYN-000064,2026-01-30,41,84.93,22554.61
PRJ-SYN-000064,2026-03-01,42,87.43,23160.47
PRJ-SYN-000065,2024-10-07,38,54.44,988.4
PRJ-SYN-000065,2024-11-06,39,56.16,1017.05
PRJ-SYN-000065,2024-12-06,40,57.89,1045.77
PRJ-SYN-000065,2025-01-05,41,59.63,1074.57
PRJ-SYN-000065,2025-02-04,42,61.38,1103.43
PRJ-SYN-000065,2025-03-06,43,63.14,1132.36
PRJ-SYN-000065,2025-04-05,44,64.91,1161.36
PRJ-SYN-000065,2025-05-05,45,66.68,1190.43
PRJ-SYN-000065,2025-06-04,46,68.46,1219.56
PRJ-SYN-000065,2025-07-04,47,70.25,1248.76
PRJ-SYN-000065,2025-08-03,48,72.05,1278.02
PRJ-SYN-000065,2025-09-02,49,73.85,1307.33
PRJ-SYN-000065,2025-10-02,50,75.67,1336.71
PRJ-SYN-000065,2025-11-01,51,77.49,1366.15
PRJ-SYN-000065,2025-12-01,52,79.31,1395.64
PRJ-SYN-000065,2025-12-31,53,81.15,1425.19
PRJ-SYN-000065,2026-01-30,54,82.99,1454.8
PRJ-SYN-000065,2026-03-01,55,84.84,1484.46
PRJ-SYN-000066,2024-10-07,55,71.19,618.29
PRJ-SYN-000066,2024-11-06,56,72.75,630.67
PRJ-SYN-000066,2024-12-06,57,74.31,643.07
PRJ-SYN-000066,2025-01-05,58,75.88,655.49
PRJ-SYN-000066,2025-02-04,59,77.45,667.93
PRJ-SYN-000066,2025-03-06,60,79.03,680.4
PRJ-SYN-000066,2025-04-05,61,80.61,692.88
PRJ-SYN-000066,2025-05-05,62,82.2,705.38
PRJ-SYN-000066,2025-06-04,63,83.8,717.91
PRJ-SYN-000066,2025-07-04,64,85.39,730.45
PRJ-SYN-000066,2025-08-03,65,87.0,743.02
PRJ-SYN-000066,2025-09-02,66,88.61,755.6
PRJ-SYN-000066,2025-10-02,67,90.22,768.21
PRJ-SYN-000066,2025-11-01,68,91.84,780.83
PRJ-SYN-000066,2025-12-01,69,93.46,793.47
PRJ-SYN-000066,2025-12-31,70,95.09,806.13
PRJ-SYN-000066,2026-01-30,71,96.72,818.8
PRJ-SYN-000066,2026-03-01,72,98.36,831.5
PRJ-SYN-000067,2024-10-07,22,19.92,294.23
PRJ-SYN-000067,2024-11-06,23,21.01,308.97
PRJ-SYN-000067,2024-12-06,24,22.11,323.78
PRJ-SYN-000067,2025-01-05,25,23.22,338.65
PRJ-SYN-000067,2025-02-04,26,24.34,353.58
PRJ-SYN-000067,2025-03-06,27,25.47,368.57
PRJ-SYN-000067,2025-04-05,28,26.61,383.61
PRJ-SYN-000067,2025-05-05,29,27.75,398.71
PRJ-SYN-000067,2025-06-04,30,28.9,413.86
PRJ-SYN-000067,2025-07-04,31,30.06,429.06
PRJ-SYN-000067,2025-08-03,32,31.23,444.31
PRJ-SYN-000067,2025-09-02,33,32.41,459.61
PRJ-SYN-000067,2025-10-02,34,33.59,474.95
PRJ-SYN-000067,2025-11-01,35,34.78,490.34
PRJ-SYN-000067,2025-12-01,36,35.97,505.77
PRJ-SYN-000067,2025-12-31,37,37.17,521.25
PRJ-SYN-000067,2026-01-30,38,38.38,536.76
PRJ-SYN-000067,2026-03-01,39,39.6,552.32
PRJ-SYN-000068,2024-10-07,70,75.99,858.45
PRJ-SYN-000068,2024-11-06,71,77.29,871.95
PRJ-SYN-000068,2024-12-06,72,78.6,885.47
PRJ-SYN-000068,2025-01-05,73,79.91,899.01
PRJ-SYN-000068,2025-02-04,74,81.23,912.57
PRJ-SYN-000068,2025-03-06,75,82.55,926.14
PRJ-SYN-000068,2025-04-05,76,83.87,939.73
PRJ-SYN-000068,2025-05-05,77,85.19,953.34
PRJ-SYN-000068,2025-06-04,78,86.52,966.97
PRJ-SYN-000068,2025-07-04,79,87.86,980.62
PRJ-SYN-000068,2025-08-03,80,89.19,994.28
PRJ-SYN-000068,2025-09-02,81,90.53,1007.96
PRJ-SYN-000068,2025-10-02,82,91.88,1021.65
PRJ-SYN-000068,2025-11-01,83,93.22,1035.37
PRJ-SYN-000068,2025-12-01,84,94.57,1049.1
PRJ-SYN-000068,2025-12-31,85,95.92,1062.84
PRJ-SYN-000068,2026-01-30,86,97.28,1076.61
PRJ-SYN-000068,2026-03-01,87,98.64,1090.39
PRJ-SYN-000069,2024-10-07,51,58.61,117.18
PRJ-SYN-000069,2024-11-06,52,59.99,119.71
PRJ-SYN-000069,2024-12-06,53,61.38,122.24
PRJ-SYN-000069,2025-01-05,54,62.77,124.78
PRJ-SYN-000069,2025-02-04,55,64.17,127.33
PRJ-SYN-000069,2025-03-06,56,65.57,129.87
PRJ-SYN-000069,2025-04-05,57,66.98,132.43
PRJ-SYN-000069,2025-05-05,58,68.39,134.99
PRJ-SYN-000069,2025-06-04,59,69.81,137.55
PRJ-SYN-000069,2025-07-04,60,71.23,140.11
PRJ-SYN-000069,2025-08-03,61,72.66,142.69
PRJ-SYN-000069,2025-09-02,62,74.09,145.26
PRJ-SYN-000069,2025-10-02,63,75.53,147.84
PRJ-SYN-000069,2025-11-01,64,76.97,150.42
PRJ-SYN-000069,2025-12-01,65,78.41,153.01
PRJ-SYN-000069,2025-12-31,66,79.86,155.6
PRJ-SYN-000069,2026-01-30,67,81.32,158.2
PRJ-SYN-000069,2026-03-01,68,82.78,160.8
PRJ-SYN-000070,2024-10-07,15,23.43,789.27
PRJ-SYN-000070,2024-11-06,16,25.32,847.34
PRJ-SYN-000070,2024-12-06,17,27.23,905.77
PRJ-SYN-000070,2025-01-05,18,29.16,964.55
PRJ-SYN-000070,2025-02-04,19,31.11,1023.65
PRJ-SYN-000070,2025-03-06,20,33.09,1083.07
PRJ-SYN-000070,2025-04-05,21,35.09,1142.79
PRJ-SYN-000070,2025-05-05,22,37.1,1202.79
PRJ-SYN-000070,2025-06-04,23,39.13,1263.06
PRJ-SYN-000070,2025-07-04,24,41.18,1323.6
PRJ-SYN-000070,2025-08-03,25,43.25,1384.39
PRJ-SYN-000070,2025-09-02,26,45.33,1445.42
PRJ-SYN-000070,2025-10-02,27,47.43,1506.69
PRJ-SYN-000070,2025-11-01,28,49.55,1568.19
PRJ-SYN-000070,2025-12-01,29,51.68,1629.9
PRJ-SYN-000070,2025-12-31,30,53.83,1691.83
PRJ-SYN-000070,2026-01-30,31,55.99,1753.97
PRJ-SYN-000070,2026-03-01,32,58.16,1816.31
PRJ-SYN-000071,2024-10-07,43,65.73,298.12
PRJ-SYN-000071,2024-11-06,44,67.57,305.76
PRJ-SYN-000071,2024-12-06,45,69.42,313.41
PRJ-SYN-000071,2025-01-05,46,71.27,321.08
PRJ-SYN-000071,2025-02-04,47,73.13,328.77
PRJ-SYN-000071,2025-03-06,48,75.01,336.47
PRJ-SYN-000071,2025-04-05,49,76.88,344.19
PRJ-SYN-000071,2025-05-05,50,78.77,351.92
PRJ-SYN-000071,2025-06-04,51,80.67,359.67
PRJ-SYN-000071,2025-07-04,52,82.57,367.44
PRJ-SYN-000071,2025-08-03,53,84.48,375.22
PRJ-SYN-000071,2025-09-02,54,86.39,383.01
PRJ-SYN-000071,2025-10-02,55,88.32,390.82
PRJ-SYN-000071,2025-11-01,56,90.25,398.65
PRJ-SYN-000071,2025-12-01,57,92.18,406.48
PRJ-SYN-000071,2025-12-31,58,94.13,414.34
PRJ-SYN-000071,2026-01-30,59,96.08,422.2
PRJ-SYN-000071,2026-03-01,60,98.04,430.08
PRJ-SYN-000072,2024-10-07,36,61.47,201.67
PRJ-SYN-000072,2024-11-06,37,63.53,207.85
PRJ-SYN-000072,2024-12-06,38,65.59,214.03
PRJ-SYN-000072,2025-01-05,39,67.67,220.24
PRJ-SYN-000072,2025-02-04,40,69.76,226.46
PRJ-SYN-000072,2025-03-06,41,71.86,232.69
PRJ-SYN-000072,2025-04-05,42,73.97,238.94
PRJ-SYN-000072,2025-05-05,43,76.08,245.21
PRJ-SYN-000072,2025-06-04,44,78.21,251.49
PRJ-SYN-000072,2025-07-04,45,80.35,257.78
PRJ-SYN-000072,2025-08-03,46,82.5,264.09
PRJ-SYN-000072,2025-09-02,47,84.65,270.41
PRJ-SYN-000072,2025-10-02,48,86.82,276.75
PRJ-SYN-000072,2025-11-01,49,88.99,283.1
PRJ-SYN-000072,2025-12-01,50,91.18,289.46
PRJ-SYN-000072,2025-12-31,51,93.37,295.83
PRJ-SYN-000072,2026-01-30,52,95.57,302.22
PRJ-SYN-000072,2026-03-01,53,97.78,308.62
PRJ-SYN-000073,2024-10-07,22,24.61,330.93
PRJ-SYN-000073,2024-11-06,23,25.96,347.51
PRJ-SYN-000073,2024-12-06,24,27.32,364.17
PRJ-SYN-000073,2025-01-05,25,28.69,380.9
PRJ-SYN-000073,2025-02-04,26,30.07,397.69
PRJ-SYN-000073,2025-03-06,27,31.47,414.55
PRJ-SYN-000073,2025-04-05,28,32.87,431.46
PRJ-SYN-000073,2025-05-05,29,34.28,448.45
PRJ-SYN-000073,2025-06-04,30,35.71,465.48
PRJ-SYN-000073,2025-07-04,31,37.14,482.58
PRJ-SYN-000073,2025-08-03,32,38.58,499.73
PRJ-SYN-000073,2025-09-02,33,40.03,516.94
PRJ-SYN-000073,2025-10-02,34,41.49,534.19
PRJ-SYN-000073,2025-11-01,35,42.96,551.5
PRJ-SYN-000073,2025-12-01,36,44.44,568.86
PRJ-SYN-000073,2025-12-31,37,45.93,586.26
PRJ-SYN-000073,2026-01-30,38,47.42,603.72
PRJ-SYN-000073,2026-03-01,39,48.92,621.22
PRJ-SYN-000074,2024-10-07,62,73.65,1084.49
PRJ-SYN-000074,2024-11-06,63,75.08,1103.75
PRJ-SYN-000074,2024-12-06,64,76.51,1123.03
PRJ-SYN-000074,2025-01-05,65,77.94,1142.35
PRJ-SYN-000074,2025-02-04,66,79.39,1161.7
PRJ-SYN-000074,2025-03-06,67,80.83,1181.07
PRJ-SYN-000074,2025-04-05,68,82.28,1200.48
PRJ-SYN-000074,2025-05-05,69,83.74,1219.91
PRJ-SYN-000074,2025-06-04,70,85.19,1239.38
PRJ-SYN-000074,2025-07-04,71,86.66,1258.87
PRJ-SYN-000074,2025-08-03,72,88.12,1278.38
PRJ-SYN-000074,2025-09-02,73,89.59,1297.93
PRJ-SYN-000074,2025-10-02,74,91.07,1317.5
PRJ-SYN-000074,2025-11-01,75,92.55,1337.1
PRJ-SYN-000074,2025-12-01,76,94.03,1356.72
PRJ-SYN-000074,2025-12-31,77,95.52,1376.37
PRJ-SYN-000074,2026-01-30,78,97.01,1396.04
PRJ-SYN-000074,2026-03-01,79,98.5,1415.74
PRJ-SYN-000075,2024-10-07,49,62.98,725.03
PRJ-SYN-000075,2024-11-06,50,64.52,741.32
PRJ-SYN-000075,2024-12-06,51,66.07,757.64
PRJ-SYN-000075,2025-01-05,52,67.63,774.0
PRJ-SYN-000075,2025-02-04,53,69.19,790.39
PRJ-SYN-000075,2025-03-06,54,70.76,806.81
PRJ-SYN-000075,2025-04-05,55,72.34,823.26
PRJ-SYN-000075,2025-05-05,56,73.92,839.74
PRJ-SYN-000075,2025-06-04,57,75.51,856.25
PRJ-SYN-000075,2025-07-04,58,77.1,872.79
PRJ-SYN-000075,2025-08-03,59,78.7,889.36
PRJ-SYN-000075,2025-09-02,60,80.3,905.95
PRJ-SYN-000075,2025-10-02,61,81.91,922.57
PRJ-SYN-000075,2025-11-01,62,83.52,939.22
PRJ-SYN-000075,2025-12-01,63,85.14,955.9
PRJ-SYN-000075,2025-12-31,64,86.77,972.6
PRJ-SYN-000075,2026-01-30,65,88.4,989.33
PRJ-SYN-000075,2026-03-01,66,90.03,1006.09
PRJ-SYN-000076,2024-10-07,36,61.47,252.36
PRJ-SYN-000076,2024-11-06,37,63.53,260.09
PRJ-SYN-000076,2024-12-06,38,65.59,267.83
PRJ-SYN-000076,2025-01-05,39,67.67,275.59
PRJ-SYN-000076,2025-02-04,40,69.76,283.37
PRJ-SYN-000076,2025-03-06,41,71.86,291.18
PRJ-SYN-000076,2025-04-05,42,73.97,299.0
PRJ-SYN-000076,2025-05-05,43,76.08,306.84
PRJ-SYN-000076,2025-06-04,44,78.21,314.7
PRJ-SYN-000076,2025-07-04,45,80.35,322.57
PRJ-SYN-000076,2025-08-03,46,82.5,330.47
PRJ-SYN-000076,2025-09-02,47,84.65,338.38
PRJ-SYN-000076,2025-10-02,48,86.82,346.31
PRJ-SYN-000076,2025-11-01,49,88.99,354.25
PRJ-SYN-000076,2025-12-01,50,91.18,362.21
PRJ-SYN-000076,2025-12-31,51,93.37,370.19
PRJ-SYN-000076,2026-01-30,52,95.57,378.18
PRJ-SYN-000076,2026-03-01,53,97.78,386.19
PRJ-SYN-000077,2024-10-07,39,40.87,2467.98
PRJ-SYN-000077,2024-11-06,40,42.13,2537.68
PRJ-SYN-000077,2024-12-06,41,43.4,2607.55
PRJ-SYN-000077,2025-01-05,42,44.67,2677.59
PRJ-SYN-000077,2025-02-04,43,45.95,2747.8
PRJ-SYN-000077,2025-03-06,44,47.23,2818.18
PRJ-SYN-000077,2025-04-05,45,48.52,2888.71
PRJ-SYN-000077,2025-05-05,46,49.82,2959.4
PRJ-SYN-000077,2025-06-04,47,51.12,3030.25
PRJ-SYN-000077,2025-07-04,48,52.43,3101.24
PRJ-SYN-000077,2025-08-03,49,53.75,3172.39
PRJ-SYN-000077,2025-09-02,50,55.06,3243.68
PRJ-SYN-000077,2025-10-02,51,56.39,3315.11
PRJ-SYN-000077,2025-11-01,52,57.72,3386.68
PRJ-SYN-000077,2025-12-01,53,59.05,3458.39
PRJ-SYN-000077,2025-12-31,54,60.39,3530.23
PRJ-SYN-000077,2026-01-30,55,61.74,3602.21
PRJ-SYN-000077,2026-03-01,56,63.09,3674.32
PRJ-SYN-000078,2024-10-07,74,77.01,1318.51
PRJ-SYN-000078,2024-11-06,75,78.26,1338.12
PRJ-SYN-000078,2024-12-06,76,79.51,1357.76
PRJ-SYN-000078,2025-01-05,77,80.77,1377.43
PRJ-SYN-000078,2025-02-04,78,82.03,1397.12
PRJ-SYN-000078,2025-03-06,79,83.29,1416.83
PRJ-SYN-000078,2025-04-05,80,84.56,1436.57
PRJ-SYN-000078,2025-05-05,81,85.83,1456.34
PRJ-SYN-000078,2025-06-04,82,87.1,1476.13
PRJ-SYN-000078,2025-07-04,83,88.38,1495.94
PRJ-SYN-000078,2025-08-03,84,89.66,1515.78
PRJ-SYN-000078,2025-09-02,85,90.94,1535.64
PRJ-SYN-000078,2025-10-02,86,92.23,1555.52
PRJ-SYN-000078,2025-11-01,87,93.51,1575.43
PRJ-SYN-000078,2025-12-01,88,94.81,1595.36
PRJ-SYN-000078,2025-12-31,89,96.1,1615.32
PRJ-SYN-000078,2026-01-30,90,97.4,1635.29
PRJ-SYN-000078,2026-03-01,91,98.7,1655.29
PRJ-SYN-000079,2024-10-07,66,74.87,1646.53
PRJ-SYN-000079,2024-11-06,67,76.24,1673.99
PRJ-SYN-000079,2024-12-06,68,77.6,1701.49
PRJ-SYN-000079,2025-01-05,69,78.97,1729.04
PRJ-SYN-000079,2025-02-04,70,80.35,1756.62
PRJ-SYN-000079,2025-03-06,71,81.73,1784.24
PRJ-SYN-000079,2025-04-05,72,83.11,1811.91
PRJ-SYN-000079,2025-05-05,73,84.5,1839.61
PRJ-SYN-000079,2025-06-04,74,85.89,1867.35
PRJ-SYN-000079,2025-07-04,75,87.28,1895.12
PRJ-SYN-000079,2025-08-03,76,88.68,1922.94
PRJ-SYN-000079,2025-09-02,77,90.09,1950.79
PRJ-SYN-000079,2025-10-02,78,91.49,1978.67
PRJ-SYN-000079,2025-11-01,79,92.9,2006.6
PRJ-SYN-000079,2025-12-01,80,94.31,2034.55
PRJ-SYN-000079,2025-12-31,81,95.73,2062.55
PRJ-SYN-000079,2026-01-30,82,97.15,2090.57
PRJ-SYN-000079,2026-03-01,83,98.57,2118.63
PRJ-SYN-000080,2024-10-07,53,70.41,2335.92
PRJ-SYN-000080,2024-11-06,54,72.0,2384.45
PRJ-SYN-000080,2024-12-06,55,73.61,2433.07
PRJ-SYN-000080,2025-01-05,56,75.22,2481.77
PRJ-SYN-000080,2025-02-04,57,76.83,2530.56
PRJ-SYN-000080,2025-03-06,58,78.45,2579.44
PRJ-SYN-000080,2025-04-05,59,80.08,2628.4
PRJ-SYN-000080,2025-05-05,60,81.71,2677.45
PRJ-SYN-000080,2025-06-04,61,83.35,2726.58
PRJ-SYN-000080,2025-07-04,62,84.99,2775.78
PRJ-SYN-000080,2025-08-03,63,86.64,2825.07
PRJ-SYN-000080,2025-09-02,64,88.29,2874.44
PRJ-SYN-000080,2025-10-02,65,89.95,2923.88
PRJ-SYN-000080,2025-11-01,66,91.61,2973.4
PRJ-SYN-000080,2025-12-01,67,93.28,3022.99
PRJ-SYN-000080,2025-12-31,68,94.95,3072.66
PRJ-SYN-000080,2026-01-30,69,96.63,3122.4
PRJ-SYN-000080,2026-03-01,70,98.31,3172.22
PRJ-SYN-000081,2024-10-07,81,78.6,810.29
PRJ-SYN-000081,2024-11-06,82,79.77,821.3
PRJ-SYN-000081,2024-12-06,83,80.93,832.33
PRJ-SYN-000081,2025-01-05,84,82.11,843.36
PRJ-SYN-000081,2025-02-04,85,83.28,854.41
PRJ-SYN-000081,2025-03-06,86,84.46,865.48
PRJ-SYN-000081,2025-04-05,87,85.64,876.55
PRJ-SYN-000081,2025-05-05,88,86.82,887.64
PRJ-SYN-000081,2025-06-04,89,88.0,898.75
PRJ-SYN-000081,2025-07-04,90,89.19,909.86
PRJ-SYN-000081,2025-08-03,91,90.38,920.99
PRJ-SYN-000081,2025-09-02,92,91.58,932.12
PRJ-SYN-000081,2025-10-02,93,92.77,943.28
PRJ-SYN-000081,2025-11-01,94,93.97,954.44
PRJ-SYN-000081,2025-12-01,95,95.17,965.61
PRJ-SYN-000081,2025-12-31,96,96.37,976.8
PRJ-SYN-000081,2026-01-30,97,97.58,988.0
PRJ-SYN-000081,2026-03-01,98,98.79,999.21
PRJ-SYN-000082,2024-10-07,42,65.18,4113.07
PRJ-SYN-000082,2024-11-06,43,67.05,4220.92
PRJ-SYN-000082,2024-12-06,44,68.92,4329.02
PRJ-SYN-000082,2025-01-05,45,70.81,4437.37
PRJ-SYN-000082,2025-02-04,46,72.7,4545.96
PRJ-SYN-000082,2025-03-06,47,74.6,4654.78
PRJ-SYN-000082,2025-04-05,48,76.51,4763.84
PRJ-SYN-000082,2025-05-05,49,78.42,4873.12
PRJ-SYN-000082,2025-06-04,50,80.35,4982.63
PRJ-SYN-000082,2025-07-04,51,82.28,5092.36
PRJ-SYN-000082,2025-08-03,52,84.22,5202.3
PRJ-SYN-000082,2025-09-02,53,86.17,5312.45
PRJ-SYN-000082,2025-10-02,54,88.12,5422.82
PRJ-SYN-000082,2025-11-01,55,90.09,5533.38
PRJ-SYN-000082,2025-12-01,56,92.05,5644.15
PRJ-SYN-000082,2025-12-31,57,94.03,5755.12
PRJ-SYN-000082,2026-01-30,58,96.01,5866.28
PRJ-SYN-000082,2026-03-01,59,98.0,5977.63
PRJ-SYN-000083,2024-10-07,52,70.0,6332.6
PRJ-SYN-000083,2024-11-06,53,71.62,6466.69
PRJ-SYN-000083,2024-12-06,54,73.24,6601.03
PRJ-SYN-000083,2025-01-05,55,74.87,6735.62
PRJ-SYN-000083,2025-02-04,56,76.51,6870.45
PRJ-SYN-000083,2025-03-06,57,78.15,7005.53
PRJ-SYN-000083,2025-04-05,58,79.8,7140.84
PRJ-SYN-000083,2025-05-05,59,81.45,7276.39
PRJ-SYN-000083,2025-06-04,60,83.11,7412.16
PRJ-SYN-000083,2025-07-04,61,84.78,7548.17
PRJ-SYN-000083,2025-08-03,62,86.45,7684.39
PRJ-SYN-000083,2025-09-02,63,88.12,7820.84
PRJ-SYN-000083,2025-10-02,64,89.8,7957.5
PRJ-SYN-000083,2025-11-01,65,91.49,8094.38
PRJ-SYN-000083,2025-12-01,66,93.18,8231.46
PRJ-SYN-000083,2025-12-31,67,94.88,8368.76
PRJ-SYN-000083,2026-01-30,68,96.58,8506.26
PRJ-SYN-000083,2026-03-01,69,98.29,8643.96
PRJ-SYN-000084,2024-10-07,11,14.67,250.83
PRJ-SYN-000084,2024-11-06,12,16.28,276.02
PRJ-SYN-000084,2024-12-06,13,17.92,301.42
PRJ-SYN-000084,2025-01-05,14,19.59,327.02
PRJ-SYN-000084,2025-02-04,15,21.28,352.81
PRJ-SYN-000084,2025-03-06,16,22.99,378.77
PRJ-SYN-000084,2025-04-05,17,24.73,404.89
PRJ-SYN-000084,2025-05-05,18,26.48,431.16
PRJ-SYN-000084,2025-06-04,19,28.26,457.58
PRJ-SYN-000084,2025-07-04,20,30.05,484.14
PRJ-SYN-000084,2025-08-03,21,31.87,510.84
PRJ-SYN-000084,2025-09-02,22,33.7,537.66
PRJ-SYN-000084,2025-10-02,23,35.54,564.6
PRJ-SYN-000084,2025-11-01,24,37.4,591.66
PRJ-SYN-000084,2025-12-01,25,39.28,618.83
PRJ-SYN-000084,2025-12-31,26,41.17,646.12
PRJ-SYN-000084,2026-01-30,27,43.08,673.5
PRJ-SYN-000084,2026-03-01,28,45.0,700.99
PRJ-SYN-000085,2024-10-07,76,77.49,1230.18
PRJ-SYN-000085,2024-11-06,77,78.71,1248.0
PRJ-SYN-000085,2024-12-06,78,79.94,1265.84
PRJ-SYN-000085,2025-01-05,79,81.17,1283.7
PRJ-SYN-000085,2025-02-04,80,82.41,1301.59
PRJ-SYN-000085,2025-03-06,81,83.64,1319.5
PRJ-SYN-000085,2025-04-05,82,84.88,1337.43
PRJ-SYN-000085,2025-05-05,83,86.13,1355.38
PRJ-SYN-000085,2025-06-04,84,87.37,1373.35
PRJ-SYN-000085,2025-07-04,85,88.62,1391.35
PRJ-SYN-000085,2025-08-03,86,89.88,1409.36
PRJ-SYN-000085,2025-09-02,87,91.13,1427.4
PRJ-SYN-000085,2025-10-02,88,92.39,1445.46
PRJ-SYN-000085,2025-11-01,89,93.65,1463.54
PRJ-SYN-000085,2025-12-01,90,94.92,1481.64
PRJ-SYN-000085,2025-12-31,91,96.18,1499.75
PRJ-SYN-000085,2026-01-30,92,97.45,1517.89
PRJ-SYN-000085,2026-03-01,93,98.72,1536.05
PRJ-SYN-000086,2024-10-07,16,31.09,208.27
PRJ-SYN-000086,2024-11-06,17,33.43,222.63
PRJ-SYN-000086,2024-12-06,18,35.81,237.08
PRJ-SYN-000086,2025-01-05,19,38.21,251.61
PRJ-SYN-000086,2025-02-04,20,40.63,266.21
PRJ-SYN-000086,2025-03-06,21,43.08,280.89
PRJ-SYN-000086,2025-04-05,22,45.56,295.64
PRJ-SYN-000086,2025-05-05,23,48.05,310.45
PRJ-SYN-000086,2025-06-04,24,50.57,325.33
PRJ-SYN-000086,2025-07-04,25,53.11,340.27
PRJ-SYN-000086,2025-08-03,26,55.67,355.27
PRJ-SYN-000086,2025-09-02,27,58.25,370.33
PRJ-SYN-000086,2025-10-02,28,60.85,385.45
PRJ-SYN-000086,2025-11-01,29,63.46,400.62
PRJ-SYN-000086,2025-12-01,30,66.1,415.84
PRJ-SYN-000086,2025-12-31,31,68.75,431.11
PRJ-SYN-000086,2026-01-30,32,71.42,446.43
PRJ-SYN-000086,2026-03-01,33,74.11,461.8
PRJ-SYN-000087,2024-10-07,75,77.25,1502.17
PRJ-SYN-000087,2024-11-06,76,78.49,1524.21
PRJ-SYN-000087,2024-12-06,77,79.73,1546.29
PRJ-SYN-000087,2025-01-05,78,80.97,1568.39
PRJ-SYN-000087,2025-02-04,79,82.22,1590.53
PRJ-SYN-000087,2025-03-06,80,83.47,1612.69
PRJ-SYN-000087,2025-04-05,81,84.72,1634.87
PRJ-SYN-000087,2025-05-05,82,85.98,1657.09
PRJ-SYN-000087,2025-06-04,83,87.24,1679.33
PRJ-SYN-000087,2025-07-04,84,88.5,1701.6
PRJ-SYN-000087,2025-08-03,85,89.77,1723.9
PRJ-SYN-000087,2025-09-02,86,91.04,1746.22
PRJ-SYN-000087,2025-10-02,87,92.31,1768.57
PRJ-SYN-000087,2025-11-01,88,93.58,1790.94
PRJ-SYN-000087,2025-12-01,89,94.86,1813.34
PRJ-SYN-000087,2025-12-31,90,96.14,1835.77
PRJ-SYN-000087,2026-01-30,91,97.42,1858.22
PRJ-SYN-000087,2026-03-01,92,98.71,1880.69
PRJ-SYN-000088,2024-10-07,35,60.78,126.39
PRJ-SYN-000088,2024-11-06,36,62.87,130.37
PRJ-SYN-000088,2024-12-06,37,64.97,134.36
PRJ-SYN-000088,2025-01-05,38,67.08,138.36
PRJ-SYN-000088,2025-02-04,39,69.21,142.37
PRJ-SYN-000088,2025-03-06,40,71.34,146.39
PRJ-SYN-000088,2025-04-05,41,73.49,150.42
PRJ-SYN-000088,2025-05-05,42,75.64,154.46
PRJ-SYN-000088,2025-06-04,43,77.81,158.51
PRJ-SYN-000088,2025-07-04,44,79.99,162.57
PRJ-SYN-000088,2025-08-03,45,82.17,166.64
PRJ-SYN-000088,2025-09-02,46,84.37,170.72
PRJ-SYN-000088,2025-10-02,47,86.57,174.8
PRJ-SYN-000088,2025-11-01,48,88.79,178.9
PRJ-SYN-000088,2025-12-01,49,91.01,183.0
PRJ-SYN-000088,2025-12-31,50,93.25,187.11
PRJ-SYN-000088,2026-01-30,51,95.49,191.23
PRJ-SYN-000088,2026-03-01,52,97.74,195.36
PRJ-SYN-000089,2024-10-07,78,77.94,4143.87
PRJ-SYN-000089,2024-11-06,79,79.15,4202.34
PRJ-SYN-000089,2024-12-06,80,80.35,4260.89
PRJ-SYN-000089,2025-01-05,81,81.56,4319.52
PRJ-SYN-000089,2025-02-04,82,82.77,4378.21
PRJ-SYN-000089,2025-03-06,83,83.98,4436.98
PRJ-SYN-000089,2025-04-05,84,85.19,4495.82
PRJ-SYN-000089,2025-05-05,85,86.41,4554.73
PRJ-SYN-000089,2025-06-04,86,87.63,4613.71
PRJ-SYN-000089,2025-07-04,87,88.86,4672.75
PRJ-SYN-000089,2025-08-03,88,90.09,4731.87
PRJ-SYN-000089,2025-09-02,89,91.32,4791.05
PRJ-SYN-000089,2025-10-02,90,92.55,4850.3
PRJ-SYN-000089,2025-11-01,91,93.78,4909.61
PRJ-SYN-000089,2025-12-01,92,95.02,4968.99
PRJ-SYN-000089,2025-12-31,93,96.26,5028.44
PRJ-SYN-000089,2026-01-30,94,97.51,5087.94
PRJ-SYN-000089,2026-03-01,95,98.75,5147.52
PRJ-SYN-000090,2024-10-07,68,75.44,2445.81
PRJ-SYN-000090,2024-11-06,69,76.78,2485.4
PRJ-SYN-000090,2024-12-06,70,78.11,2525.05
PRJ-SYN-000090,2025-01-05,71,79.45,2564.76
PRJ-SYN-000090,2025-02-04,72,80.8,2604.52
PRJ-SYN-000090,2025-03-06,73,82.15,2644.34
PRJ-SYN-000090,2025-04-05,74,83.5,2684.22
PRJ-SYN-000090,2025-05-05,75,84.85,2724.14
PRJ-SYN-000090,2025-06-04,76,86.21,2764.13
PRJ-SYN-000090,2025-07-04,77,87.58,2804.16
PRJ-SYN-000090,2025-08-03,78,88.94,2844.24
PRJ-SYN-000090,2025-09-02,79,90.31,2884.38
PRJ-SYN-000090,2025-10-02,80,91.69,2924.57
PRJ-SYN-000090,2025-11-01,81,93.06,2964.81
PRJ-SYN-000090,2025-12-01,82,94.44,3005.09
PRJ-SYN-000090,2025-12-31,83,95.83,3045.43
PRJ-SYN-000090,2026-01-30,84,97.22,3085.82
PRJ-SYN-000090,2026-03-01,85,98.61,3126.25
PRJ-SYN-000091,2024-10-07,48,67.49,558.23
PRJ-SYN-000091,2024-11-06,49,69.18,571.04
PRJ-SYN-000091,2024-12-06,50,70.88,583.87
PRJ-SYN-000091,2025-01-05,51,72.58,596.73
PRJ-SYN-000091,2025-02-04,52,74.29,609.61
PRJ-SYN-000091,2025-03-06,53,76.01,622.52
PRJ-SYN-000091,2025-04-05,54,77.73,635.45
PRJ-SYN-000091,2025-05-05,55,79.47,648.41
PRJ-SYN-000091,2025-06-04,56,81.2,661.39
PRJ-SYN-000091,2025-07-04,57,82.95,674.39
PRJ-SYN-000091,2025-08-03,58,84.69,687.42
PRJ-SYN-000091,2025-09-02,59,86.45,700.47
PRJ-SYN-000091,2025-10-02,60,88.21,713.54
PRJ-SYN-000091,2025-11-01,61,89.98,726.63
PRJ-SYN-000091,2025-12-01,62,91.75,739.75
PRJ-SYN-000091,2025-12-31,63,93.53,752.88
PRJ-SYN-000091,2026-01-30,64,95.31,766.04
PRJ-SYN-000091,2026-03-01,65,97.1,779.21
PRJ-SYN-000092,2024-10-07,48,68.24,236.97
PRJ-SYN-000092,2024-11-06,49,69.95,242.4
PRJ-SYN-000092,2024-12-06,50,71.67,247.85
PRJ-SYN-000092,2025-01-05,51,73.39,253.31
PRJ-SYN-000092,2025-02-04,52,75.12,258.78
PRJ-SYN-000092,2025-03-06,53,76.86,264.25
PRJ-SYN-000092,2025-04-05,54,78.6,269.74
PRJ-SYN-000092,2025-05-05,55,80.35,275.24
PRJ-SYN-000092,2025-06-04,56,82.11,280.75
PRJ-SYN-000092,2025-07-04,57,83.87,286.27
PRJ-SYN-000092,2025-08-03,58,85.64,291.8
PRJ-SYN-000092,2025-09-02,59,87.41,297.34
PRJ-SYN-000092,2025-10-02,60,89.19,302.89
PRJ-SYN-000092,2025-11-01,61,90.98,308.45
PRJ-SYN-000092,2025-12-01,62,92.77,314.01
PRJ-SYN-000092,2025-12-31,63,94.57,319.59
PRJ-SYN-000092,2026-01-30,64,96.37,325.17
PRJ-SYN-000092,2026-03-01,65,98.18,330.77
PRJ-SYN-000093,2024-10-07,58,72.3,514.77
PRJ-SYN-000093,2024-11-06,59,73.8,524.54
PRJ-SYN-000093,2024-12-06,60,75.3,534.33
PRJ-SYN-000093,2025-01-05,61,76.81,544.14
PRJ-SYN-000093,2025-02-04,62,78.32,553.96
PRJ-SYN-000093,2025-03-06,63,79.84,563.79
PRJ-SYN-000093,2025-04-05,64,81.37,573.64
PRJ-SYN-000093,2025-05-05,65,82.89,583.51
PRJ-SYN-000093,2025-06-04,66,84.43,593.39
PRJ-SYN-000093,2025-07-04,67,85.96,603.29
PRJ-SYN-000093,2025-08-03,68,87.51,613.2
PRJ-SYN-000093,2025-09-02,69,89.05,623.13
PRJ-SYN-000093,2025-10-02,70,90.6,633.07
PRJ-SYN-000093,2025-11-01,71,92.16,643.03
PRJ-SYN-000093,2025-12-01,72,93.72,653.0
PRJ-SYN-000093,2025-12-31,73,95.28,662.98
PRJ-SYN-000093,2026-01-30,74,96.85,672.98
PRJ-SYN-000093,2026-03-01,75,98.42,682.99
PRJ-SYN-000094,2024-10-07,20,21.59,218.12
PRJ-SYN-000094,2024-11-06,21,22.89,230.15
PRJ-SYN-000094,2024-12-06,22,24.21,242.23
PRJ-SYN-000094,2025-01-05,23,25.53,254.37
PRJ-SYN-000094,2025-02-04,24,26.87,266.57
PRJ-SYN-000094,2025-03-06,25,28.22,278.81
PRJ-SYN-000094,2025-04-05,26,29.58,291.1
PRJ-SYN-000094,2025-05-05,27,30.95,303.44
PRJ-SYN-000094,2025-06-04,28,32.33,315.82
PRJ-SYN-000094,2025-07-04,29,33.72,328.25
PRJ-SYN-000094,2025-08-03,30,35.12,340.73
PRJ-SYN-000094,2025-09-02,31,36.53,353.24
PRJ-SYN-000094,2025-10-02,32,37.95,365.79
PRJ-SYN-000094,2025-11-01,33,39.38,378.39
PRJ-SYN-000094,2025-12-01,34,40.81,391.02
PRJ-SYN-000094,2025-12-31,35,42.26,403.69
PRJ-SYN-000094,2026-01-30,36,43.71,416.39
PRJ-SYN-000094,2026-03-01,37,45.17,429.13
PRJ-SYN-000095,2024-10-07,80,78.39,484.46
PRJ-SYN-000095,2024-11-06,81,79.56,491.13
PRJ-SYN-000095,2024-12-06,82,80.74,497.8
PRJ-SYN-000095,2025-01-05,83,81.93,504.48
PRJ-SYN-000095,2025-02-04,84,83.11,511.17
PRJ-SYN-000095,2025-03-06,85,84.3,517.87
PRJ-SYN-000095,2025-04-05,86,85.49,524.57
PRJ-SYN-000095,2025-05-05,87,86.69,531.29
PRJ-SYN-000095,2025-06-04,88,87.88,538.01
PRJ-SYN-000095,2025-07-04,89,89.08,544.74
PRJ-SYN-000095,2025-08-03,90,90.29,551.47
PRJ-SYN-000095,2025-09-02,91,91.49,558.22
PRJ-SYN-000095,2025-10-02,92,92.7,564.97
PRJ-SYN-000095,2025-11-01,93,93.91,571.73
PRJ-SYN-000095,2025-12-01,94,95.12,578.49
PRJ-SYN-000095,2025-12-31,95,96.34,585.27
PRJ-SYN-000095,2026-01-30,96,97.56,592.05
PRJ-SYN-000095,2026-03-01,97,98.78,598.84
PRJ-SYN-000096,2024-10-07,42,65.18,2567.47
PRJ-SYN-000096,2024-11-06,43,67.05,2634.79
PRJ-SYN-000096,2024-12-06,44,68.92,2702.27
PRJ-SYN-000096,2025-01-05,45,70.81,2769.9
PRJ-SYN-000096,2025-02-04,46,72.7,2837.68
PRJ-SYN-000096,2025-03-06,47,74.6,2905.61
PRJ-SYN-000096,2025-04-05,48,76.51,2973.69
PRJ-SYN-000096,2025-05-05,49,78.42,3041.91
PRJ-SYN-000096,2025-06-04,50,80.35,3110.26
PRJ-SYN-000096,2025-07-04,51,82.28,3178.76
PRJ-SYN-000096,2025-08-03,52,84.22,3247.39
PRJ-SYN-000096,2025-09-02,53,86.17,3316.15
PRJ-SYN-000096,2025-10-02,54,88.12,3385.04
PRJ-SYN-000096,2025-11-01,55,90.09,3454.06
PRJ-SYN-000096,2025-12-01,56,92.05,3523.2
PRJ-SYN-000096,2025-12-31,57,94.03,3592.47
PRJ-SYN-000096,2026-01-30,58,96.01,3661.86
PRJ-SYN-000096,2026-03-01,59,98.0,3731.36
PRJ-SYN-000097,2024-10-07,27,36.59,782.62
PRJ-SYN-000097,2024-11-06,28,38.23,814.56
PRJ-SYN-000097,2024-12-06,29,39.87,846.62
PRJ-SYN-000097,2025-01-05,30,41.53,878.79
PRJ-SYN-000097,2025-02-04,31,43.19,911.06
PRJ-SYN-000097,2025-03-06,32,44.87,943.44
PRJ-SYN-000097,2025-04-05,33,46.56,975.93
PRJ-SYN-000097,2025-05-05,34,48.26,1008.51
PRJ-SYN-000097,2025-06-04,35,49.96,1041.18
PRJ-SYN-000097,2025-07-04,36,51.68,1073.95
PRJ-SYN-000097,2025-08-03,37,53.41,1106.81
PRJ-SYN-000097,2025-09-02,38,55.15,1139.76
PRJ-SYN-000097,2025-10-02,39,56.89,1172.8
PRJ-SYN-000097,2025-11-01,40,58.65,1205.92
PRJ-SYN-000097,2025-12-01,41,60.41,1239.12
PRJ-SYN-000097,2025-12-31,42,62.18,1272.41
PRJ-SYN-000097,2026-01-30,43,63.96,1305.77
PRJ-SYN-000097,2026-03-01,44,65.75,1339.21
PRJ-SYN-000098,2024-10-07,20,41.12,1091.92
PRJ-SYN-000098,2024-11-06,21,43.6,1152.12
PRJ-SYN-000098,2024-12-06,22,46.1,1212.61
PRJ-SYN-000098,2025-01-05,23,48.63,1273.38
PRJ-SYN-000098,2025-02-04,24,51.18,1334.41
PRJ-SYN-000098,2025-03-06,25,53.75,1395.7
PRJ-SYN-000098,2025-04-05,26,56.34,1457.23
PRJ-SYN-000098,2025-05-05,27,58.95,1519.0
PRJ-SYN-000098,2025-06-04,28,61.58,1580.99
PRJ-SYN-000098,2025-07-04,29,64.22,1643.21
PRJ-SYN-000098,2025-08-03,30,66.89,1705.65
PRJ-SYN-000098,2025-09-02,31,69.58,1768.29
PRJ-SYN-000098,2025-10-02,32,72.28,1831.14
PRJ-SYN-000098,2025-11-01,33,75.0,1894.18
PRJ-SYN-000098,2025-12-01,34,77.73,1957.42
PRJ-SYN-000098,2025-12-31,35,80.48,2020.84
PRJ-SYN-000098,2026-01-30,36,83.25,2084.44
PRJ-SYN-000098,2026-03-01,37,86.03,2148.22
PRJ-SYN-000099,2024-10-07,40,59.53,883.21
PRJ-SYN-000099,2024-11-06,41,61.32,907.53
PRJ-SYN-000099,2024-12-06,42,63.12,931.91
PRJ-SYN-000099,2025-01-05,43,64.93,956.35
PRJ-SYN-000099,2025-02-04,44,66.75,980.84
PRJ-SYN-000099,2025-03-06,45,68.57,1005.39
PRJ-SYN-000099,2025-04-05,46,70.4,1029.99
PRJ-SYN-000099,2025-05-05,47,72.24,1054.65
PRJ-SYN-000099,2025-06-04,48,74.09,1079.36
PRJ-SYN-000099,2025-07-04,49,75.95,1104.12
PRJ-SYN-000099,2025-08-03,50,77.81,1128.93
PRJ-SYN-000099,2025-09-02,51,79.68,1153.79
PRJ-SYN-000099,2025-10-02,52,81.56,1178.7
PRJ-SYN-000099,2025-11-01,53,83.45,1203.66
PRJ-SYN-000099,2025-12-01,54,85.34,1228.66
PRJ-SYN-000099,2025-12-31,55,87.24,1253.72
PRJ-SYN-000099,2026-01-30,56,89.15,1278.81
PRJ-SYN-000099,2026-03-01,57,91.06,1303.95
PRJ-SYN-000100,2024-10-07,24,51.09,248.98
PRJ-SYN-000100,2024-11-06,25,53.66,260.42
PRJ-SYN-000100,2024-12-06,26,56.24,271.9
PRJ-SYN-000100,2025-01-05,27,58.85,283.43
PRJ-SYN-000100,2025-02-04,28,61.47,294.99
PRJ-SYN-000100,2025-03-06,29,64.12,306.6
PRJ-SYN-000100,2025-04-05,30,66.78,318.25
PRJ-SYN-000100,2025-05-05,31,69.46,329.94
PRJ-SYN-000100,2025-06-04,32,72.16,341.67
PRJ-SYN-000100,2025-07-04,33,74.87,353.43
PRJ-SYN-000100,2025-08-03,34,77.6,365.23
PRJ-SYN-000100,2025-09-02,35,80.35,377.06
PRJ-SYN-000100,2025-10-02,36,83.11,388.93
PRJ-SYN-000100,2025-11-01,37,85.89,400.83
PRJ-SYN-000100,2025-12-01,38,88.68,412.76
PRJ-SYN-000100,2025-12-31,39,91.49,424.73
PRJ-SYN-000100,2026-01-30,40,94.31,436.72
PRJ-SYN-000100,2026-03-01,41,97.15,448.75
PRJ-SYN-000101,2024-10-07,21,31.86,582.96
PRJ-SYN-000101,2024-11-06,22,33.69,613.56
PRJ-SYN-000101,2024-12-06,23,35.54,644.31
PRJ-SYN-000101,2025-01-05,24,37.4,675.19
PRJ-SYN-000101,2025-02-04,25,39.28,706.2
PRJ-SYN-000101,2025-03-06,26,41.17,737.34
PRJ-SYN-000101,2025-04-05,27,43.08,768.59
PRJ-SYN-000101,2025-05-05,28,45.0,799.96
PRJ-SYN-000101,2025-06-04,29,46.93,831.44
PRJ-SYN-000101,2025-07-04,30,48.88,863.03
PRJ-SYN-000101,2025-08-03,31,50.84,894.73
PRJ-SYN-000101,2025-09-02,32,52.82,926.53
PRJ-SYN-000101,2025-10-02,33,54.8,958.43
PRJ-SYN-000101,2025-11-01,34,56.8,990.42
PRJ-SYN-000101,2025-12-01,35,58.81,1022.51
PRJ-SYN-000101,2025-12-31,36,60.84,1054.7
PRJ-SYN-000101,2026-01-30,37,62.87,1086.97
PRJ-SYN-000101,2026-03-01,38,64.91,1119.33
PRJ-SYN-000102,2024-10-07,11,24.07,536.57
PRJ-SYN-000102,2024-11-06,12,26.72,590.46
PRJ-SYN-000102,2024-12-06,13,29.42,644.81
PRJ-SYN-000102,2025-01-05,14,32.16,699.57
PRJ-SYN-000102,2025-02-04,15,34.93,754.73
PRJ-SYN-000102,2025-03-06,16,37.74,810.26
PRJ-SYN-000102,2025-04-05,17,40.59,866.13
PRJ-SYN-000102,2025-05-05,18,43.47,922.34
PRJ-SYN-000102,2025-06-04,19,46.39,978.86
PRJ-SYN-000102,2025-07-04,20,49.33,1035.68
PRJ-SYN-000102,2025-08-03,21,52.31,1092.78
PRJ-SYN-000102,2025-09-02,22,55.31,1150.15
PRJ-SYN-000102,2025-10-02,23,58.34,1207.79
PRJ-SYN-000102,2025-11-01,24,61.4,1265.68
PRJ-SYN-000102,2025-12-01,25,64.48,1323.81
PRJ-SYN-000102,2025-12-31,26,67.59,1382.17
PRJ-SYN-000102,2026-01-30,27,70.72,1440.76
PRJ-SYN-000102,2026-03-01,28,73.87,1499.56
PRJ-SYN-000103,2024-10-07,58,72.3,460.8
PRJ-SYN-000103,2024-11-06,59,73.8,469.55
PRJ-SYN-000103,2024-12-06,60,75.3,478.31
PRJ-SYN-000103,2025-01-05,61,76.81,487.08
PRJ-SYN-000103,2025-02-04,62,78.32,495.88
PRJ-SYN-000103,2025-03-06,63,79.84,504.68
PRJ-SYN-000103,2025-04-05,64,81.37,513.5
PRJ-SYN-000103,2025-05-05,65,82.89,522.33
PRJ-SYN-000103,2025-06-04,66,84.43,531.18
PRJ-SYN-000103,2025-07-04,67,85.96,540.04
PRJ-SYN-000103,2025-08-03,68,87.51,548.91
PRJ-SYN-000103,2025-09-02,69,89.05,557.8
PRJ-SYN-000103,2025-10-02,70,90.6,566.7
PRJ-SYN-000103,2025-11-01,71,92.16,575.61
PRJ-SYN-000103,2025-12-01,72,93.72,584.53
PRJ-SYN-000103,2025-12-31,73,95.28,593.47
PRJ-SYN-000103,2026-01-30,74,96.85,602.42
PRJ-SYN-000103,2026-03-01,75,98.42,611.38
PRJ-SYN-000104,2024-10-07,41,64.61,476.2
PRJ-SYN-000104,2024-11-06,42,66.51,488.99
PRJ-SYN-000104,2024-12-06,43,68.41,501.81
PRJ-SYN-000104,2025-01-05,44,70.33,514.66
PRJ-SYN-000104,2025-02-04,45,72.25,527.54
PRJ-SYN-000104,2025-03-06,46,74.18,540.45
PRJ-SYN-000104,2025-04-05,47,76.12,553.39
PRJ-SYN-000104,2025-05-05,48,78.07,566.36
PRJ-SYN-000104,2025-06-04,49,80.02,579.35
PRJ-SYN-000104,2025-07-04,50,81.99,592.37
PRJ-SYN-000104,2025-08-03,51,83.96,605.41
PRJ-SYN-000104,2025-09-02,52,85.94,618.48
PRJ-SYN-000104,2025-10-02,53,87.92,631.58
PRJ-SYN-000104,2025-11-01,54,89.92,644.7
PRJ-SYN-000104,2025-12-01,55,91.92,657.85
PRJ-SYN-000104,2025-12-31,56,93.93,671.01
PRJ-SYN-000104,2026-01-30,57,95.95,684.21
PRJ-SYN-000104,2026-03-01,58,97.97,697.42
PRJ-SYN-000105,2024-10-07,28,48.54,459.14
PRJ-SYN-000105,2024-11-06,29,50.63,477.21
PRJ-SYN-000105,2024-12-06,30,52.73,495.34
PRJ-SYN-000105,2025-01-05,31,54.85,513.53
PRJ-SYN-000105,2025-02-04,32,56.98,531.78
PRJ-SYN-000105,2025-03-06,33,59.12,550.09
PRJ-SYN-000105,2025-04-05,34,61.28,568.46
PRJ-SYN-000105,2025-05-05,35,63.45,586.87
PRJ-SYN-000105,2025-06-04,36,65.63,605.34
PRJ-SYN-000105,2025-07-04,37,67.82,623.87
PRJ-SYN-000105,2025-08-03,38,70.03,642.44
PRJ-SYN-000105,2025-09-02,39,72.24,661.06
PRJ-SYN-000105,2025-10-02,40,74.47,679.73
PRJ-SYN-000105,2025-11-01,41,76.71,698.44
PRJ-SYN-000105,2025-12-01,42,78.96,717.21
PRJ-SYN-000105,2025-12-31,43,81.22,736.01
PRJ-SYN-000105,2026-01-30,44,83.5,754.86
PRJ-SYN-000105,2026-03-01,45,85.78,773.76
PRJ-SYN-000106,2024-10-07,50,66.12,553.92
PRJ-SYN-000106,2024-11-06,51,67.71,566.12
PRJ-SYN-000106,2024-12-06,52,69.3,578.34
PRJ-SYN-000106,2025-01-05,53,70.9,590.59
PRJ-SYN-000106,2025-02-04,54,72.51,602.86
PRJ-SYN-000106,2025-03-06,55,74.13,615.15
PRJ-SYN-000106,2025-04-05,56,75.75,627.47
PRJ-SYN-000106,2025-05-05,57,77.37,639.8
PRJ-SYN-000106,2025-06-04,58,79.0,652.16
PRJ-SYN-000106,2025-07-04,59,80.64,664.54
PRJ-SYN-000106,2025-08-03,60,82.28,676.94
PRJ-SYN-000106,2025-09-02,61,83.93,689.36
PRJ-SYN-000106,2025-10-02,62,85.59,701.8
PRJ-SYN-000106,2025-11-01,63,87.25,714.26
PRJ-SYN-000106,2025-12-01,64,88.91,726.74
PRJ-SYN-000106,2025-12-31,65,90.58,739.24
PRJ-SYN-000106,2026-01-30,66,92.26,751.76
PRJ-SYN-000106,2026-03-01,67,93.94,764.3
PRJ-SYN-000107,2024-10-07,68,75.44,3845.89
PRJ-SYN-000107,2024-11-06,69,76.78,3908.15
PRJ-SYN-000107,2024-12-06,70,78.11,3970.5
PRJ-SYN-000107,2025-01-05,71,79.45,4032.94
PRJ-SYN-000107,2025-02-04,72,80.8,4095.46
PRJ-SYN-000107,2025-03-06,73,82.15,4158.08
PRJ-SYN-000107,2025-04-05,74,83.5,4220.78
PRJ-SYN-000107,2025-05-05,75,84.85,4283.56
PRJ-SYN-000107,2025-06-04,76,86.21,4346.43
PRJ-SYN-000107,2025-07-04,77,87.58,4409.38
PRJ-SYN-000107,2025-08-03,78,88.94,4472.41
PRJ-SYN-000107,2025-09-02,79,90.31,4535.52
PRJ-SYN-000107,2025-10-02,80,91.69,4598.71
PRJ-SYN-000107,2025-11-01,81,93.06,4661.99
PRJ-SYN-000107,2025-12-01,82,94.44,4725.34
PRJ-SYN-000107,2025-12-31,83,95.83,4788.76
PRJ-SYN-000107,2026-01-30,84,97.22,4852.27
PRJ-SYN-000107,2026-03-01,85,98.61,4915.85
PRJ-SYN-000108,2024-10-07,75,77.25,654.97
PRJ-SYN-000108,2024-11-06,76,78.49,664.58
PRJ-SYN-000108,2024-12-06,77,79.73,674.21
PRJ-SYN-000108,2025-01-05,78,80.97,683.84
PRJ-SYN-000108,2025-02-04,79,82.22,693.49
PRJ-SYN-000108,2025-03-06,80,83.47,703.16
PRJ-SYN-000108,2025-04-05,81,84.72,712.83
PRJ-SYN-000108,2025-05-05,82,85.98,722.52
PRJ-SYN-000108,2025-06-04,83,87.24,732.21
PRJ-SYN-000108,2025-07-04,84,88.5,741.92
PRJ-SYN-000108,2025-08-03,85,89.77,751.65
PRJ-SYN-000108,2025-09-02,86,91.04,761.38
PRJ-SYN-000108,2025-10-02,87,92.31,771.12
PRJ-SYN-000108,2025-11-01,88,93.58,780.88
PRJ-SYN-000108,2025-12-01,89,94.86,790.65
PRJ-SYN-000108,2025-12-31,90,96.14,800.42
PRJ-SYN-000108,2026-01-30,91,97.42,810.21
PRJ-SYN-000108,2026-03-01,92,98.71,820.01
PRJ-SYN-000109,2024-10-07,12,19.73,286.19
PRJ-SYN-000109,2024-11-06,13,21.72,312.53
PRJ-SYN-000109,2024-12-06,14,23.74,339.07
PRJ-SYN-000109,2025-01-05,15,25.79,365.81
PRJ-SYN-000109,2025-02-04,16,27.87,392.72
PRJ-SYN-000109,2025-03-06,17,29.97,419.81
PRJ-SYN-000109,2025-04-05,18,32.1,447.05
PRJ-SYN-000109,2025-05-05,19,34.25,474.44
PRJ-SYN-000109,2025-06-04,20,36.43,501.98
PRJ-SYN-000109,2025-07-04,21,38.63,529.66
PRJ-SYN-000109,2025-08-03,22,40.84,557.47
PRJ-SYN-000109,2025-09-02,23,43.08,585.4
PRJ-SYN-000109,2025-10-02,24,45.34,613.46
PRJ-SYN-000109,2025-11-01,25,47.62,641.64
PRJ-SYN-000109,2025-12-01,26,49.91,669.92
PRJ-SYN-000109,2025-12-31,27,52.22,698.32
PRJ-SYN-000109,2026-01-30,28,54.55,726.82
PRJ-SYN-000109,2026-03-01,29,56.9,755.43
PRJ-SYN-000110,2024-10-07,15,23.67,99.4
PRJ-SYN-000110,2024-11-06,16,25.58,106.71
PRJ-SYN-000110,2024-12-06,17,27.51,114.07
PRJ-SYN-000110,2025-01-05,18,29.46,121.47
PRJ-SYN-000110,2025-02-04,19,31.43,128.91
PRJ-SYN-000110,2025-03-06,20,33.43,136.4
PRJ-SYN-000110,2025-04-05,21,35.45,143.92
PRJ-SYN-000110,2025-05-05,22,37.48,151.47
PRJ-SYN-000110,2025-06-04,23,39.53,159.06
PRJ-SYN-000110,2025-07-04,24,41.61,166.69
PRJ-SYN-000110,2025-08-03,25,43.69,174.34
PRJ-SYN-000110,2025-09-02,26,45.8,182.03
PRJ-SYN-000110,2025-10-02,27,47.92,189.74
PRJ-SYN-000110,2025-11-01,28,50.06,197.49
PRJ-SYN-000110,2025-12-01,29,52.21,205.26
PRJ-SYN-000110,2025-12-31,30,54.38,213.06
PRJ-SYN-000110,2026-01-30,31,56.56,220.88
PRJ-SYN-000110,2026-03-01,32,58.76,228.74
PRJ-SYN-000111,2024-10-07,34,40.98,640.62
PRJ-SYN-000111,2024-11-06,35,42.43,661.38
PRJ-SYN-000111,2024-12-06,36,43.89,682.19
PRJ-SYN-000111,2025-01-05,37,45.35,703.07
PRJ-SYN-000111,2025-02-04,38,46.83,724.0
PRJ-SYN-000111,2025-03-06,39,48.31,744.98
PRJ-SYN-000111,2025-04-05,40,49.8,766.02
PRJ-SYN-000111,2025-05-05,41,51.3,787.11
PRJ-SYN-000111,2025-06-04,42,52.8,808.26
PRJ-SYN-000111,2025-07-04,43,54.32,829.45
PRJ-SYN-000111,2025-08-03,44,55.84,850.69
PRJ-SYN-000111,2025-09-02,45,57.36,871.98
PRJ-SYN-000111,2025-10-02,46,58.9,893.32
PRJ-SYN-000111,2025-11-01,47,60.44,914.71
PRJ-SYN-000111,2025-12-01,48,61.98,936.14
PRJ-SYN-000111,2025-12-31,49,63.53,957.61
PRJ-SYN-000111,2026-01-30,50,65.09,979.13
PRJ-SYN-000111,2026-03-01,51,66.66,1000.7
PRJ-SYN-000112,2024-10-07,74,77.01,1771.62
PRJ-SYN-000112,2024-11-06,75,78.26,1797.98
PRJ-SYN-000112,2024-12-06,76,79.51,1824.36
PRJ-SYN-000112,2025-01-05,77,80.77,1850.79
PRJ-SYN-000112,2025-02-04,78,82.03,1877.24
PRJ-SYN-000112,2025-03-06,79,83.29,1903.73
PRJ-SYN-000112,2025-04-05,80,84.56,1930.26
PRJ-SYN-000112,2025-05-05,81,85.83,1956.82
PRJ-SYN-000112,2025-06-04,82,87.1,1983.41
PRJ-SYN-000112,2025-07-04,83,88.38,2010.03
PRJ-SYN-000112,2025-08-03,84,89.66,2036.68
PRJ-SYN-000112,2025-09-02,85,90.94,2063.37
PRJ-SYN-000112,2025-10-02,86,92.23,2090.09
PRJ-SYN-000112,2025-11-01,87,93.51,2116.84
PRJ-SYN-000112,2025-12-01,88,94.81,2143.62
PRJ-SYN-000112,2025-12-31,89,96.1,2170.43
PRJ-SYN-000112,2026-01-30,90,97.4,2197.27
PRJ-SYN-000112,2026-03-01,91,98.7,2224.14
PRJ-SYN-000113,2024-10-07,36,47.38,469.11
PRJ-SYN-000113,2024-11-06,37,48.97,483.46
PRJ-SYN-000113,2024-12-06,38,50.56,497.85
PRJ-SYN-000113,2025-01-05,39,52.16,512.28
PRJ-SYN-000113,2025-02-04,40,53.77,526.75
PRJ-SYN-000113,2025-03-06,41,55.39,541.26
PRJ-SYN-000113,2025-04-05,42,57.01,555.8
PRJ-SYN-000113,2025-05-05,43,58.65,570.37
PRJ-SYN-000113,2025-06-04,44,60.29,584.98
PRJ-SYN-000113,2025-07-04,45,61.93,599.62
PRJ-SYN-000113,2025-08-03,46,63.59,614.29
PRJ-SYN-000113,2025-09-02,47,65.25,629.0
PRJ-SYN-000113,2025-10-02,48,66.92,643.73
PRJ-SYN-000113,2025-11-01,49,68.6,658.5
PRJ-SYN-000113,2025-12-01,50,70.28,673.3
PRJ-SYN-000113,2025-12-31,51,71.97,688.13
PRJ-SYN-000113,2026-01-30,52,73.67,702.98
PRJ-SYN-000113,2026-03-01,53,75.37,717.87
PRJ-SYN-000114,2024-10-07,75,77.25,2187.29
PRJ-SYN-000114,2024-11-06,76,78.49,2219.4
PRJ-SYN-000114,2024-12-06,77,79.73,2251.54
PRJ-SYN-000114,2025-01-05,78,80.97,2283.73
PRJ-SYN-000114,2025-02-04,79,82.22,2315.95
PRJ-SYN-000114,2025-03-06,80,83.47,2348.22
PRJ-SYN-000114,2025-04-05,81,84.72,2380.53
PRJ-SYN-000114,2025-05-05,82,85.98,2412.88
PRJ-SYN-000114,2025-06-04,83,87.24,2445.26
PRJ-SYN-000114,2025-07-04,84,88.5,2477.69
PRJ-SYN-000114,2025-08-03,85,89.77,2510.16
PRJ-SYN-000114,2025-09-02,86,91.04,2542.66
PRJ-SYN-000114,2025-10-02,87,92.31,2575.2
PRJ-SYN-000114,2025-11-01,88,93.58,2607.78
PRJ-SYN-000114,2025-12-01,89,94.86,2640.39
PRJ-SYN-000114,2025-12-31,90,96.14,2673.05
PRJ-SYN-000114,2026-01-30,91,97.42,2705.74
PRJ-SYN-000114,2026-03-01,92,98.71,2738.46
PRJ-SYN-000115,2024-10-07,42,54.99,1129.67
PRJ-SYN-000115,2024-11-06,43,56.56,1159.29
PRJ-SYN-000115,2024-12-06,44,58.14,1188.98
PRJ-SYN-000115,2025-01-05,45,59.73,1218.74
PRJ-SYN-000115,2025-02-04,46,61.33,1248.56
PRJ-SYN-000115,2025-03-06,47,62.93,1278.45
PRJ-SYN-000115,2025-04-05,48,64.54,1308.4
PRJ-SYN-000115,2025-05-05,49,66.16,1338.42
PRJ-SYN-000115,2025-06-04,50,67.78,1368.5
PRJ-SYN-000115,2025-07-04,51,69.41,1398.63
PRJ-SYN-000115,2025-08-03,52,71.05,1428.83
PRJ-SYN-000115,2025-09-02,53,72.69,1459.08
PRJ-SYN-000115,2025-10-02,54,74.34,1489.39
PRJ-SYN-000115,2025-11-01,55,76.0,1519.76
PRJ-SYN-000115,2025-12-01,56,77.66,1550.18
PRJ-SYN-000115,2025-12-31,57,79.32,1580.66
PRJ-SYN-000115,2026-01-30,58,81.0,1611.19
PRJ-SYN-000115,2026-03-01,59,82.68,1641.77
PRJ-SYN-000116,2024-10-07,25,45.25,1042.96
PRJ-SYN-000116,2024-11-06,26,47.43,1088.94
PRJ-SYN-000116,2024-12-06,27,49.62,1135.1
PRJ-SYN-000116,2025-01-05,28,51.84,1181.43
PRJ-SYN-000116,2025-02-04,29,54.07,1227.92
PRJ-SYN-000116,2025-03-06,30,56.31,1274.58
PRJ-SYN-000116,2025-04-05,31,58.57,1321.39
PRJ-SYN-000116,2025-05-05,32,60.85,1368.35
PRJ-SYN-000116,2025-06-04,33,63.14,1415.46
PRJ-SYN-000116,2025-07-04,34,65.44,1462.71
PRJ-SYN-000116,2025-08-03,35,67.75,1510.11
PRJ-SYN-000116,2025-09-02,36,70.08,1557.63
PRJ-SYN-000116,2025-10-02,37,72.43,1605.29
PRJ-SYN-000116,2025-11-01,38,74.78,1653.08
PRJ-SYN-000116,2025-12-01,39,77.15,1701.0
PRJ-SYN-000116,2025-12-31,40,79.53,1749.04
PRJ-SYN-000116,2026-01-30,41,81.92,1797.19
PRJ-SYN-000116,2026-03-01,42,84.33,1845.47
PRJ-SYN-000117,2024-10-07,57,71.94,499.48
PRJ-SYN-000117,2024-11-06,58,73.46,509.12
PRJ-SYN-000117,2024-12-06,59,74.98,518.79
PRJ-SYN-000117,2025-01-05,60,76.51,528.47
PRJ-SYN-000117,2025-02-04,61,78.04,538.16
PRJ-SYN-000117,2025-03-06,62,79.58,547.88
PRJ-SYN-000117,2025-04-05,63,81.12,557.6
PRJ-SYN-000117,2025-05-05,64,82.67,567.35
PRJ-SYN-000117,2025-06-04,65,84.22,577.11
PRJ-SYN-000117,2025-07-04,66,85.78,586.88
PRJ-SYN-000117,2025-08-03,67,87.34,596.67
PRJ-SYN-000117,2025-09-02,68,88.91,606.47
PRJ-SYN-000117,2025-10-02,69,90.48,616.29
PRJ-SYN-000117,2025-11-01,70,92.05,626.12
PRJ-SYN-000117,2025-12-01,71,93.63,635.97
PRJ-SYN-000117,2025-12-31,72,95.22,645.83
PRJ-SYN-000117,2026-01-30,73,96.81,655.7
PRJ-SYN-000117,2026-03-01,74,98.4,665.59
PRJ-SYN-000118,2024-10-07,72,76.51,398.82
PRJ-SYN-000118,2024-11-06,73,77.79,404.92
PRJ-SYN-000118,2024-12-06,74,79.07,411.03
PRJ-SYN-000118,2025-01-05,75,80.35,417.14
PRJ-SYN-000118,2025-02-04,76,81.64,423.26
PRJ-SYN-000118,2025-03-06,77,82.93,429.39
PRJ-SYN-000118,2025-04-05,78,84.22,435.53
PRJ-SYN-000118,2025-05-05,79,85.52,441.68
PRJ-SYN-000118,2025-06-04,80,86.82,447.83
PRJ-SYN-000118,2025-07-04,81,88.12,453.99
PRJ-SYN-000118,2025-08-03,82,89.43,460.16
PRJ-SYN-000118,2025-09-02,83,90.74,466.34
PRJ-SYN-000118,2025-10-02,84,92.05,472.52
PRJ-SYN-000118,2025-11-01,85,93.37,478.71
PRJ-SYN-000118,2025-12-01,86,94.69,484.91
PRJ-SYN-000118,2025-12-31,87,96.01,491.12
PRJ-SYN-000118,2026-01-30,88,97.34,497.33
PRJ-SYN-000118,2026-03-01,89,98.67,503.55
PRJ-SYN-000119,2024-10-07,47,48.99,254.0
PRJ-SYN-000119,2024-11-06,48,50.24,259.96
PRJ-SYN-000119,2024-12-06,49,51.5,265.92
PRJ-SYN-000119,2025-01-05,50,52.77,271.9
PRJ-SYN-000119,2025-02-04,51,54.03,277.88
PRJ-SYN-000119,2025-03-06,52,55.31,283.88
PRJ-SYN-000119,2025-04-05,53,56.59,289.89
PRJ-SYN-000119,2025-05-05,54,57.87,295.92
PRJ-SYN-000119,2025-06-04,55,59.16,301.95
PRJ-SYN-000119,2025-07-04,56,60.45,307.99
PRJ-SYN-000119,2025-08-03,57,61.75,314.05
PRJ-SYN-000119,2025-09-02,58,63.05,320.11
PRJ-SYN-000119,2025-10-02,59,64.36,326.19
PRJ-SYN-000119,2025-11-01,60,65.67,332.28
PRJ-SYN-000119,2025-12-01,61,66.99,338.37
PRJ-SYN-000119,2025-12-31,62,68.3,344.48
PRJ-SYN-000119,2026-01-30,63,69.63,350.6
PRJ-SYN-000119,2026-03-01,64,70.96,356.72
PRJ-SYN-000120,2024-10-07,78,77.94,583.38
PRJ-SYN-000120,2024-11-06,79,79.15,591.61
PRJ-SYN-000120,2024-12-06,80,80.35,599.85
PRJ-SYN-000120,2025-01-05,81,81.56,608.11
PRJ-SYN-000120,2025-02-04,82,82.77,616.37
PRJ-SYN-000120,2025-03-06,83,83.98,624.64
PRJ-SYN-000120,2025-04-05,84,85.19,632.93
PRJ-SYN-000120,2025-05-05,85,86.41,641.22
PRJ-SYN-000120,2025-06-04,86,87.63,649.52
PRJ-SYN-000120,2025-07-04,87,88.86,657.84
PRJ-SYN-000120,2025-08-03,88,90.09,666.16
PRJ-SYN-000120,2025-09-02,89,91.32,674.49
PRJ-SYN-000120,2025-10-02,90,92.55,682.83
PRJ-SYN-000120,2025-11-01,91,93.78,691.18
PRJ-SYN-000120,2025-12-01,92,95.02,699.54
PRJ-SYN-000120,2025-12-31,93,96.26,707.91
PRJ-SYN-000120,2026-01-30,94,97.51,716.29
PRJ-SYN-000120,2026-03-01,95,98.75,724.67
PRJ-SYN-000121,2024-10-07,37,62.15,393.1
PRJ-SYN-000121,2024-11-06,38,64.17,404.8
PRJ-SYN-000121,2024-12-06,39,66.2,416.53
PRJ-SYN-000121,2025-01-05,40,68.24,428.29
PRJ-SYN-000121,2025-02-04,41,70.29,440.09
PRJ-SYN-000121,2025-03-06,42,72.35,451.91
PRJ-SYN-000121,2025-04-05,43,74.43,463.76
PRJ-SYN-000121,2025-05-05,44,76.51,475.64
PRJ-SYN-000121,2025-06-04,45,78.6,487.54
PRJ-SYN-000121,2025-07-04,46,80.7,499.47
PRJ-SYN-000121,2025-08-03,47,82.81,511.43
PRJ-SYN-000121,2025-09-02,48,84.93,523.41
PRJ-SYN-000121,2025-10-02,49,87.06,535.42
PRJ-SYN-000121,2025-11-01,50,89.19,547.45
PRJ-SYN-000121,2025-12-01,51,91.34,559.5
PRJ-SYN-000121,2025-12-31,52,93.49,571.58
PRJ-SYN-000121,2026-01-30,53,95.65,583.69
PRJ-SYN-000121,2026-03-01,54,97.82,595.81
PRJ-SYN-000122,2024-10-07,18,19.06,176.84
PRJ-SYN-000122,2024-11-06,19,20.33,187.68
PRJ-SYN-000122,2024-12-06,20,21.62,198.57
PRJ-SYN-000122,2025-01-05,21,22.93,209.52
PRJ-SYN-000122,2025-02-04,22,24.24,220.52
PRJ-SYN-000122,2025-03-06,23,25.57,231.57
PRJ-SYN-000122,2025-04-05,24,26.91,242.67
PRJ-SYN-000122,2025-05-05,25,28.26,253.82
PRJ-SYN-000122,2025-06-04,26,29.63,265.01
PRJ-SYN-000122,2025-07-04,27,31.0,276.24
PRJ-SYN-000122,2025-08-03,28,32.38,287.51
PRJ-SYN-000122,2025-09-02,29,33.77,298.83
PRJ-SYN-000122,2025-10-02,30,35.18,310.18
PRJ-SYN-000122,2025-11-01,31,36.59,321.58
PRJ-SYN-000122,2025-12-01,32,38.01,333.01
PRJ-SYN-000122,2025-12-31,33,39.44,344.47
PRJ-SYN-000122,2026-01-30,34,40.88,355.97
PRJ-SYN-000122,2026-03-01,35,42.32,367.5
PRJ-SYN-000123,2024-10-07,13,15.08,636.22
PRJ-SYN-000123,2024-11-06,14,16.48,690.26
PRJ-SYN-000123,2024-12-06,15,17.9,744.68
PRJ-SYN-000123,2025-01-05,16,19.34,799.47
PRJ-SYN-000123,2025-02-04,17,20.8,854.6
PRJ-SYN-000123,2025-03-06,18,22.28,910.06
PRJ-SYN-000123,2025-04-05,19,23.77,965.83
PRJ-SYN-000123,2025-05-05,20,25.28,1021.89
PRJ-SYN-000123,2025-06-04,21,26.81,1078.23
PRJ-SYN-000123,2025-07-04,22,28.35,1134.84
PRJ-SYN-000123,2025-08-03,23,29.9,1191.71
PRJ-SYN-000123,2025-09-02,24,31.47,1248.83
PRJ-SYN-000123,2025-10-02,25,33.05,1306.19
PRJ-SYN-000123,2025-11-01,26,34.64,1363.77
PRJ-SYN-000123,2025-12-01,27,36.24,1421.58
PRJ-SYN-000123,2025-12-31,28,37.86,1479.6
PRJ-SYN-000123,2026-01-30,29,39.49,1537.83
PRJ-SYN-000123,2026-03-01,30,41.13,1596.26
PRJ-SYN-000124,2024-10-07,67,75.16,1088.8
PRJ-SYN-000124,2024-11-06,68,76.51,1106.69
PRJ-SYN-000124,2024-12-06,69,77.86,1124.61
PRJ-SYN-000124,2025-01-05,70,79.22,1142.55
PRJ-SYN-000124,2025-02-04,71,80.58,1160.52
PRJ-SYN-000124,2025-03-06,72,81.94,1178.51
PRJ-SYN-000124,2025-04-05,73,83.31,1196.53
PRJ-SYN-000124,2025-05-05,74,84.68,1214.57
PRJ-SYN-000124,2025-06-04,75,86.05,1232.63
PRJ-SYN-000124,2025-07-04,76,87.43,1250.72
PRJ-SYN-000124,2025-08-03,77,88.81,1268.84
PRJ-SYN-000124,2025-09-02,78,90.2,1286.98
PRJ-SYN-000124,2025-10-02,79,91.59,1305.14
PRJ-SYN-000124,2025-11-01,80,92.98,1323.32
PRJ-SYN-000124,2025-12-01,81,94.38,1341.53
PRJ-SYN-000124,2025-12-31,82,95.78,1359.76
PRJ-SYN-000124,2026-01-30,83,97.18,1378.01
PRJ-SYN-000124,2026-03-01,84,98.59,1396.28
PRJ-SYN-000125,2024-10-07,36,61.47,1366.19
PRJ-SYN-000125,2024-11-06,37,63.53,1408.0
PRJ-SYN-000125,2024-12-06,38,65.59,1449.91
PRJ-SYN-000125,2025-01-05,39,67.67,1491.94
PRJ-SYN-000125,2025-02-04,40,69.76,1534.07
PRJ-SYN-000125,2025-03-06,41,71.86,1576.31
PRJ-SYN-000125,2025-04-05,42,73.97,1618.65
PRJ-SYN-000125,2025-05-05,43,76.08,1661.1
PRJ-SYN-000125,2025-06-04,44,78.21,1703.64
PRJ-SYN-000125,2025-07-04,45,80.35,1746.28
PRJ-SYN-000125,2025-08-03,46,82.5,1789.01
PRJ-SYN-000125,2025-09-02,47,84.65,1831.84
PRJ-SYN-000125,2025-10-02,48,86.82,1874.76
PRJ-SYN-000125,2025-11-01,49,88.99,1917.76
PRJ-SYN-000125,2025-12-01,50,91.18,1960.86
PRJ-SYN-000125,2025-12-31,51,93.37,2004.04
PRJ-SYN-000125,2026-01-30,52,95.57,2047.31
PRJ-SYN-000125,2026-03-01,53,97.78,2090.66
PRJ-SYN-000126,2024-10-07,27,44.45,2099.17
PRJ-SYN-000126,2024-11-06,28,46.44,2184.84
PRJ-SYN-000126,2024-12-06,29,48.43,2270.83
PRJ-SYN-000126,2025-01-05,30,50.45,2357.11
PRJ-SYN-000126,2025-02-04,31,52.47,2443.68
PRJ-SYN-000126,2025-03-06,32,54.51,2530.53
PRJ-SYN-000126,2025-04-05,33,56.56,2617.65
PRJ-SYN-000126,2025-05-05,34,58.62,2705.04
PRJ-SYN-000126,2025-06-04,35,60.7,2792.68
PRJ-SYN-000126,2025-07-04,36,62.78,2880.58
PRJ-SYN-000126,2025-08-03,37,64.88,2968.71
PRJ-SYN-000126,2025-09-02,38,66.99,3057.09
PRJ-SYN-000126,2025-10-02,39,69.11,3145.7
PRJ-SYN-000126,2025-11-01,40,71.24,3234.54
PRJ-SYN-000126,2025-12-01,41,73.39,3323.6
PRJ-SYN-000126,2025-12-31,42,75.54,3412.88
PRJ-SYN-000126,2026-01-30,43,77.7,3502.37
PRJ-SYN-000126,2026-03-01,44,79.88,3592.07
PRJ-SYN-000127,2024-10-07,51,69.58,1460.97
PRJ-SYN-000127,2024-11-06,52,71.22,1492.51
PRJ-SYN-000127,2024-12-06,53,72.86,1524.12
PRJ-SYN-000127,2025-01-05,54,74.52,1555.78
PRJ-SYN-000127,2025-02-04,55,76.18,1587.5
PRJ-SYN-000127,2025-03-06,56,77.84,1619.28
PRJ-SYN-000127,2025-04-05,57,79.51,1651.11
PRJ-SYN-000127,2025-05-05,58,81.19,1683.0
PRJ-SYN-000127,2025-06-04,59,82.87,1714.95
PRJ-SYN-000127,2025-07-04,60,84.56,1746.95
PRJ-SYN-000127,2025-08-03,61,86.25,1779.01
PRJ-SYN-000127,2025-09-02,62,87.95,1811.11
PRJ-SYN-000127,2025-10-02,63,89.66,1843.27
PRJ-SYN-000127,2025-11-01,64,91.37,1875.48
PRJ-SYN-000127,2025-12-01,65,93.08,1907.74
PRJ-SYN-000127,2025-12-31,66,94.81,1940.05
PRJ-SYN-000127,2026-01-30,67,96.53,1972.41
PRJ-SYN-000127,2026-03-01,68,98.26,2004.82
PRJ-SYN-000128,2024-10-07,49,58.23,183.54
PRJ-SYN-000128,2024-11-06,50,59.66,187.67
PRJ-SYN-000128,2024-12-06,51,61.09,191.8
PRJ-SYN-000128,2025-01-05,52,62.53,195.94
PRJ-SYN-000128,2025-02-04,53,63.98,200.09
PRJ-SYN-000128,2025-03-06,54,65.43,204.24
PRJ-SYN-000128,2025-04-05,55,66.89,208.41
PRJ-SYN-000128,2025-05-05,56,68.35,212.58
PRJ-SYN-000128,2025-06-04,57,69.82,216.76
PRJ-SYN-000128,2025-07-04,58,71.29,220.95
PRJ-SYN-000128,2025-08-03,59,72.77,225.14
PRJ-SYN-000128,2025-09-02,60,74.25,229.34
PRJ-SYN-000128,2025-10-02,61,75.74,233.55
PRJ-SYN-000128,2025-11-01,62,77.23,237.76
PRJ-SYN-000128,2025-12-01,63,78.72,241.99
PRJ-SYN-000128,2025-12-31,64,80.23,246.22
PRJ-SYN-000128,2026-01-30,65,81.73,250.45
PRJ-SYN-000128,2026-03-01,66,83.24,254.69
PRJ-SYN-000129,2024-10-07,59,72.65,914.95
PRJ-SYN-000129,2024-11-06,60,74.13,932.02
PRJ-SYN-000129,2024-12-06,61,75.61,949.12
PRJ-SYN-000129,2025-01-05,62,77.1,966.25
PRJ-SYN-000129,2025-02-04,63,78.6,983.41
PRJ-SYN-000129,2025-03-06,64,80.1,1000.6
PRJ-SYN-000129,2025-04-05,65,81.6,1017.81
PRJ-SYN-000129,2025-05-05,66,83.11,1035.04
PRJ-SYN-000129,2025-06-04,67,84.63,1052.31
PRJ-SYN-000129,2025-07-04,68,86.14,1069.6
PRJ-SYN-000129,2025-08-03,69,87.67,1086.91
PRJ-SYN-000129,2025-09-02,70,89.19,1104.25
PRJ-SYN-000129,2025-10-02,71,90.72,1121.62
PRJ-SYN-000129,2025-11-01,72,92.26,1139.01
PRJ-SYN-000129,2025-12-01,73,93.8,1156.42
PRJ-SYN-000129,2025-12-31,74,95.34,1173.86
PRJ-SYN-000129,2026-01-30,75,96.89,1191.32
PRJ-SYN-000129,2026-03-01,76,98.44,1208.8
PRJ-SYN-000130,2024-10-07,36,58.93,934.05
PRJ-SYN-000130,2024-11-06,37,60.9,962.63
PRJ-SYN-000130,2024-12-06,38,62.89,991.29
PRJ-SYN-000130,2025-01-05,39,64.88,1020.02
PRJ-SYN-000130,2025-02-04,40,66.88,1048.82
PRJ-SYN-000130,2025-03-06,41,68.89,1077.7
PRJ-SYN-000130,2025-04-05,42,70.91,1106.65
PRJ-SYN-000130,2025-05-05,43,72.94,1135.67
PRJ-SYN-000130,2025-06-04,44,74.98,1164.76
PRJ-SYN-000130,2025-07-04,45,77.03,1193.91
PRJ-SYN-000130,2025-08-03,46,79.09,1223.12
PRJ-SYN-000130,2025-09-02,47,81.16,1252.4
PRJ-SYN-000130,2025-10-02,48,83.23,1281.75
PRJ-SYN-000130,2025-11-01,49,85.32,1311.15
PRJ-SYN-000130,2025-12-01,50,87.41,1340.61
PRJ-SYN-000130,2025-12-31,51,89.51,1370.14
PRJ-SYN-000130,2026-01-30,52,91.63,1399.72
PRJ-SYN-000130,2026-03-01,53,93.74,1429.36
PRJ-SYN-000131,2024-10-07,54,70.81,408.4
PRJ-SYN-000131,2024-11-06,55,72.38,416.73
PRJ-SYN-000131,2024-12-06,56,73.97,425.07
PRJ-SYN-000131,2025-01-05,57,75.55,433.43
PRJ-SYN-000131,2025-02-04,58,77.15,441.8
PRJ-SYN-000131,2025-03-06,59,78.75,450.19
PRJ-SYN-000131,2025-04-05,60,80.35,458.59
PRJ-SYN-000131,2025-05-05,61,81.96,467.0
PRJ-SYN-000131,2025-06-04,62,83.57,475.43
PRJ-SYN-000131,2025-07-04,63,85.19,483.87
PRJ-SYN-000131,2025-08-03,64,86.82,492.33
PRJ-SYN-000131,2025-09-02,65,88.45,500.8
PRJ-SYN-000131,2025-10-02,66,90.09,509.28
PRJ-SYN-000131,2025-11-01,67,91.73,517.77
PRJ-SYN-000131,2025-12-01,68,93.37,526.28
PRJ-SYN-000131,2025-12-31,69,95.02,534.8
PRJ-SYN-000131,2026-01-30,70,96.68,543.33
PRJ-SYN-000131,2026-03-01,71,98.34,551.87
PRJ-SYN-000132,2024-10-07,28,43.98,467.16
PRJ-SYN-000132,2024-11-06,29,45.87,485.55
PRJ-SYN-000132,2024-12-06,30,47.78,503.99
PRJ-SYN-000132,2025-01-05,31,49.7,522.5
PRJ-SYN-000132,2025-02-04,32,51.63,541.07
PRJ-SYN-000132,2025-03-06,33,53.57,559.7
PRJ-SYN-000132,2025-04-05,34,55.52,578.39
PRJ-SYN-000132,2025-05-05,35,57.49,597.13
PRJ-SYN-000132,2025-06-04,36,59.46,615.92
PRJ-SYN-000132,2025-07-04,37,61.45,634.77
PRJ-SYN-000132,2025-08-03,38,63.45,653.66
PRJ-SYN-000132,2025-09-02,39,65.46,672.61
PRJ-SYN-000132,2025-10-02,40,67.48,691.61
PRJ-SYN-000132,2025-11-01,41,69.51,710.65
PRJ-SYN-000132,2025-12-01,42,71.55,729.74
PRJ-SYN-000132,2025-12-31,43,73.6,748.87
PRJ-SYN-000132,2026-01-30,44,75.65,768.05
PRJ-SYN-000132,2026-03-01,45,77.72,787.27
PRJ-SYN-000133,2024-10-07,68,75.44,181.14
PRJ-SYN-000133,2024-11-06,69,76.78,184.07
PRJ-SYN-000133,2024-12-06,70,78.11,187.01
PRJ-SYN-000133,2025-01-05,71,79.45,189.95
PRJ-SYN-000133,2025-02-04,72,80.8,192.89
PRJ-SYN-000133,2025-03-06,73,82.15,195.84
PRJ-SYN-000133,2025-04-05,74,83.5,198.79
PRJ-SYN-000133,2025-05-05,75,84.85,201.75
PRJ-SYN-000133,2025-06-04,76,86.21,204.71
PRJ-SYN-000133,2025-07-04,77,87.58,207.68
PRJ-SYN-000133,2025-08-03,78,88.94,210.65
PRJ-SYN-000133,2025-09-02,79,90.31,213.62
PRJ-SYN-000133,2025-10-02,80,91.69,216.6
PRJ-SYN-000133,2025-11-01,81,93.06,219.58
PRJ-SYN-000133,2025-12-01,82,94.44,222.56
PRJ-SYN-000133,2025-12-31,83,95.83,225.55
PRJ-SYN-000133,2026-01-30,84,97.22,228.54
PRJ-SYN-000133,2026-03-01,85,98.61,231.53
PRJ-SYN-000134,2024-10-07,52,70.0,3343.09
PRJ-SYN-000134,2024-11-06,53,71.62,3413.87
PRJ-SYN-000134,2024-12-06,54,73.24,3484.79
PRJ-SYN-000134,2025-01-05,55,74.87,3555.85
PRJ-SYN-000134,2025-02-04,56,76.51,3627.03
PRJ-SYN-000134,2025-03-06,57,78.15,3698.34
PRJ-SYN-000134,2025-04-05,58,79.8,3769.77
PRJ-SYN-000134,2025-05-05,59,81.45,3841.33
PRJ-SYN-000134,2025-06-04,60,83.11,3913.0
PRJ-SYN-000134,2025-07-04,61,84.78,3984.8
PRJ-SYN-000134,2025-08-03,62,86.45,4056.72
PRJ-SYN-000134,2025-09-02,63,88.12,4128.75
PRJ-SYN-000134,2025-10-02,64,89.8,4200.9
PRJ-SYN-000134,2025-11-01,65,91.49,4273.16
PRJ-SYN-000134,2025-12-01,66,93.18,4345.53
PRJ-SYN-000134,2025-12-31,67,94.88,4418.01
PRJ-SYN-000134,2026-01-30,68,96.58,4490.59
PRJ-SYN-000134,2026-03-01,69,98.29,4563.29
PRJ-SYN-000135,2024-10-07,41,59.42,1456.97
PRJ-SYN-000135,2024-11-06,42,61.17,1496.11
PRJ-SYN-000135,2024-12-06,43,62.92,1535.34
PRJ-SYN-000135,2025-01-05,44,64.68,1574.66
PRJ-SYN-000135,2025-02-04,45,66.45,1614.07
PRJ-SYN-000135,2025-03-06,46,68.22,1653.57
PRJ-SYN-000135,2025-04-05,47,70.01,1693.15
PRJ-SYN-000135,2025-05-05,48,71.8,1732.82
PRJ-SYN-000135,2025-06-04,49,73.6,1772.57
PRJ-SYN-000135,2025-07-04,50,75.4,1812.4
PRJ-SYN-000135,2025-08-03,51,77.22,1852.32
PRJ-SYN-000135,2025-09-02,52,79.04,1892.31
PRJ-SYN-000135,2025-10-02,53,80.86,1932.38
PRJ-SYN-000135,2025-11-01,54,82.7,1972.52
PRJ-SYN-000135,2025-12-01,55,84.54,2012.74
PRJ-SYN-000135,2025-12-31,56,86.39,2053.03
PRJ-SYN-000135,2026-01-30,57,88.24,2093.39
PRJ-SYN-000135,2026-03-01,58,90.1,2133.83
PRJ-SYN-000136,2024-10-07,67,75.16,1557.62
PRJ-SYN-000136,2024-11-06,68,76.51,1583.21
PRJ-SYN-000136,2024-12-06,69,77.86,1608.84
PRJ-SYN-000136,2025-01-05,70,79.22,1634.51
PRJ-SYN-000136,2025-02-04,71,80.58,1660.21
PRJ-SYN-000136,2025-03-06,72,81.94,1685.95
PRJ-SYN-000136,2025-04-05,73,83.31,1711.73
PRJ-SYN-000136,2025-05-05,74,84.68,1737.54
PRJ-SYN-000136,2025-06-04,75,86.05,1763.38
PRJ-SYN-000136,2025-07-04,76,87.43,1789.26
PRJ-SYN-000136,2025-08-03,77,88.81,1815.18
PRJ-SYN-000136,2025-09-02,78,90.2,1841.12
PRJ-SYN-000136,2025-10-02,79,91.59,1867.1
PRJ-SYN-000136,2025-11-01,80,92.98,1893.12
PRJ-SYN-000136,2025-12-01,81,94.38,1919.17
PRJ-SYN-000136,2025-12-31,82,95.78,1945.24
PRJ-SYN-000136,2026-01-30,83,97.18,1971.35
PRJ-SYN-000136,2026-03-01,84,98.59,1997.5
PRJ-SYN-000137,2024-10-07,41,64.61,1318.52
PRJ-SYN-000137,2024-11-06,42,66.51,1353.94
PRJ-SYN-000137,2024-12-06,43,68.41,1389.45
PRJ-SYN-000137,2025-01-05,44,70.33,1425.03
PRJ-SYN-000137,2025-02-04,45,72.25,1460.7
PRJ-SYN-000137,2025-03-06,46,74.18,1496.44
PRJ-SYN-000137,2025-04-05,47,76.12,1532.26
PRJ-SYN-000137,2025-05-05,48,78.07,1568.16
PRJ-SYN-000137,2025-06-04,49,80.02,1604.14
PRJ-SYN-000137,2025-07-04,50,81.99,1640.19
PRJ-SYN-000137,2025-08-03,51,83.96,1676.31
PRJ-SYN-000137,2025-09-02,52,85.94,1712.5
PRJ-SYN-000137,2025-10-02,53,87.92,1748.76
PRJ-SYN-000137,2025-11-01,54,89.92,1785.09
PRJ-SYN-000137,2025-12-01,55,91.92,1821.48
PRJ-SYN-000137,2025-12-31,56,93.93,1857.95
PRJ-SYN-000137,2026-01-30,57,95.95,1894.47
PRJ-SYN-000137,2026-03-01,58,97.97,1931.06
PRJ-SYN-000138,2024-10-07,12,20.09,146.0
PRJ-SYN-000138,2024-11-06,13,22.12,159.44
PRJ-SYN-000138,2024-12-06,14,24.17,172.98
PRJ-SYN-000138,2025-01-05,15,26.26,186.62
PRJ-SYN-000138,2025-02-04,16,28.37,200.35
PRJ-SYN-000138,2025-03-06,17,30.52,214.16
PRJ-SYN-000138,2025-04-05,18,32.68,228.06
PRJ-SYN-000138,2025-05-05,19,34.87,242.03
PRJ-SYN-000138,2025-06-04,20,37.09,256.08
PRJ-SYN-000138,2025-07-04,21,39.32,270.2
PRJ-SYN-000138,2025-08-03,22,41.58,284.39
PRJ-SYN-000138,2025-09-02,23,43.86,298.64
PRJ-SYN-000138,2025-10-02,24,46.16,312.95
PRJ-SYN-000138,2025-11-01,25,48.47,327.33
PRJ-SYN-000138,2025-12-01,26,50.81,341.76
PRJ-SYN-000138,2025-12-31,27,53.16,356.24
PRJ-SYN-000138,2026-01-30,28,55.54,370.79
PRJ-SYN-000138,2026-03-01,29,57.92,385.38
PRJ-SYN-000139,2024-10-07,51,69.58,740.84
PRJ-SYN-000139,2024-11-06,52,71.22,756.84
PRJ-SYN-000139,2024-12-06,53,72.86,772.86
PRJ-SYN-000139,2025-01-05,54,74.52,788.92
PRJ-SYN-000139,2025-02-04,55,76.18,805.01
PRJ-SYN-000139,2025-03-06,56,77.84,821.12
PRJ-SYN-000139,2025-04-05,57,79.51,837.26
PRJ-SYN-000139,2025-05-05,58,81.19,853.44
PRJ-SYN-000139,2025-06-04,59,82.87,869.64
PRJ-SYN-000139,2025-07-04,60,84.56,885.86
PRJ-SYN-000139,2025-08-03,61,86.25,902.12
PRJ-SYN-000139,2025-09-02,62,87.95,918.4
PRJ-SYN-000139,2025-10-02,63,89.66,934.7
PRJ-SYN-000139,2025-11-01,64,91.37,951.04
PRJ-SYN-000139,2025-12-01,65,93.08,967.4
PRJ-SYN-000139,2025-12-31,66,94.81,983.78
PRJ-SYN-000139,2026-01-30,67,96.53,1000.19
PRJ-SYN-000139,2026-03-01,68,98.26,1016.62
PRJ-SYN-000140,2024-10-07,48,68.24,568.29
PRJ-SYN-000140,2024-11-06,49,69.95,581.32
PRJ-SYN-000140,2024-12-06,50,71.67,594.39
PRJ-SYN-000140,2025-01-05,51,73.39,607.48
PRJ-SYN-000140,2025-02-04,52,75.12,620.59
PRJ-SYN-000140,2025-03-06,53,76.86,633.73
PRJ-SYN-000140,2025-04-05,54,78.6,646.9
PRJ-SYN-000140,2025-05-05,55,80.35,660.09
PRJ-SYN-000140,2025-06-04,56,82.11,673.3
PRJ-SYN-000140,2025-07-04,57,83.87,686.54
PRJ-SYN-000140,2025-08-03,58,85.64,699.8
PRJ-SYN-000140,2025-09-02,59,87.41,713.08
PRJ-SYN-000140,2025-10-02,60,89.19,726.39
PRJ-SYN-000140,2025-11-01,61,90.98,739.72
PRJ-SYN-000140,2025-12-01,62,92.77,753.07
PRJ-SYN-000140,2025-12-31,63,94.57,766.44
PRJ-SYN-000140,2026-01-30,64,96.37,779.83
PRJ-SYN-000140,2026-03-01,65,98.18,793.25
PRJ-SYN-000141,2024-10-07,74,73.3,678.81
PRJ-SYN-000141,2024-11-06,75,74.49,688.91
PRJ-SYN-000141,2024-12-06,76,75.68,699.02
PRJ-SYN-000141,2025-01-05,77,76.88,709.14
PRJ-SYN-000141,2025-02-04,78,78.08,719.28
PRJ-SYN-000141,2025-03-06,79,79.28,729.43
PRJ-SYN-000141,2025-04-05,80,80.48,739.59
PRJ-SYN-000141,2025-05-05,81,81.69,749.77
PRJ-SYN-000141,2025-06-04,82,82.9,759.95
PRJ-SYN-000141,2025-07-04,83,84.12,770.16
PRJ-SYN-000141,2025-08-03,84,85.34,780.37
PRJ-SYN-000141,2025-09-02,85,86.56,790.59
PRJ-SYN-000141,2025-10-02,86,87.78,800.83
PRJ-SYN-000141,2025-11-01,87,89.01,811.08
PRJ-SYN-000141,2025-12-01,88,90.24,821.34
PRJ-SYN-000141,2025-12-31,89,91.47,831.61
PRJ-SYN-000141,2026-01-30,90,92.7,841.9
PRJ-SYN-000141,2026-03-01,91,93.94,852.19
PRJ-SYN-000142,2024-10-07,16,40.47,508.22
PRJ-SYN-000142,2024-11-06,17,43.53,543.27
PRJ-SYN-000142,2024-12-06,18,46.62,578.53
PRJ-SYN-000142,2025-01-05,19,49.74,613.98
PRJ-SYN-000142,2025-02-04,20,52.9,649.62
PRJ-SYN-000142,2025-03-06,21,56.09,685.43
PRJ-SYN-000142,2025-04-05,22,59.31,721.42
PRJ-SYN-000142,2025-05-05,23,62.56,757.57
PRJ-SYN-000142,2025-06-04,24,65.84,793.88
PRJ-SYN-000142,2025-07-04,25,69.14,830.34
PRJ-SYN-000142,2025-08-03,26,72.48,866.95
PRJ-SYN-000142,2025-09-02,27,75.83,903.7
PRJ-SYN-000142,2025-10-02,28,79.22,940.58
PRJ-SYN-000142,2025-11-01,29,82.62,977.6
PRJ-SYN-000142,2025-12-01,30,86.05,1014.75
PRJ-SYN-000142,2025-12-31,31,89.51,1052.01
PRJ-SYN-000142,2026-01-30,32,92.98,1089.4
PRJ-SYN-000142,2026-03-01,33,96.48,1126.91
PRJ-SYN-000143,2024-10-07,32,58.54,274.55
PRJ-SYN-000143,2024-11-06,33,60.74,284.0
PRJ-SYN-000143,2024-12-06,34,62.95,293.48
PRJ-SYN-000143,2025-01-05,35,65.18,302.99
PRJ-SYN-000143,2025-02-04,36,67.42,312.53
PRJ-SYN-000143,2025-03-06,37,69.68,322.09
PRJ-SYN-000143,2025-04-05,38,71.94,331.68
PRJ-SYN-000143,2025-05-05,39,74.22,341.29
PRJ-SYN-000143,2025-06-04,40,76.51,350.93
PRJ-SYN-000143,2025-07-04,41,78.81,360.59
PRJ-SYN-000143,2025-08-03,42,81.12,370.28
PRJ-SYN-000143,2025-09-02,43,83.44,379.99
PRJ-SYN-000143,2025-10-02,44,85.78,389.72
PRJ-SYN-000143,2025-11-01,45,88.12,399.47
PRJ-SYN-000143,2025-12-01,46,90.48,409.25
PRJ-SYN-000143,2025-12-31,47,92.84,419.05
PRJ-SYN-000143,2026-01-30,48,95.22,428.86
PRJ-SYN-000143,2026-03-01,49,97.6,438.7
PRJ-SYN-000144,2024-10-07,16,25.13,564.1
PRJ-SYN-000144,2024-11-06,17,27.03,603.0
PRJ-SYN-000144,2024-12-06,18,28.95,642.13
PRJ-SYN-000144,2025-01-05,19,30.89,681.48
PRJ-SYN-000144,2025-02-04,20,32.85,721.04
PRJ-SYN-000144,2025-03-06,21,34.83,760.79
PRJ-SYN-000144,2025-04-05,22,36.83,800.74
PRJ-SYN-000144,2025-05-05,23,38.84,840.86
PRJ-SYN-000144,2025-06-04,24,40.88,881.16
PRJ-SYN-000144,2025-07-04,25,42.93,921.63
PRJ-SYN-000144,2025-08-03,26,45.0,962.26
PRJ-SYN-000144,2025-09-02,27,47.09,1003.05
PRJ-SYN-000144,2025-10-02,28,49.19,1043.99
PRJ-SYN-000144,2025-11-01,29,51.3,1085.08
PRJ-SYN-000144,2025-12-01,30,53.43,1126.31
PRJ-SYN-000144,2025-12-31,31,55.58,1167.67
PRJ-SYN-000144,2026-01-30,32,57.73,1209.17
PRJ-SYN-000144,2026-03-01,33,59.91,1250.8
PRJ-SYN-000145,2024-10-07,48,68.24,532.6
PRJ-SYN-000145,2024-11-06,49,69.95,544.82
PRJ-SYN-000145,2024-12-06,50,71.67,557.06
PRJ-SYN-000145,2025-01-05,51,73.39,569.33
PRJ-SYN-000145,2025-02-04,52,75.12,581.62
PRJ-SYN-000145,2025-03-06,53,76.86,593.93
PRJ-SYN-000145,2025-04-05,54,78.6,606.27
PRJ-SYN-000145,2025-05-05,55,80.35,618.63
PRJ-SYN-000145,2025-06-04,56,82.11,631.02
PRJ-SYN-000145,2025-07-04,57,83.87,643.42
PRJ-SYN-000145,2025-08-03,58,85.64,655.85
PRJ-SYN-000145,2025-09-02,59,87.41,668.3
PRJ-SYN-000145,2025-10-02,60,89.19,680.77
PRJ-SYN-000145,2025-11-01,61,90.98,693.26
PRJ-SYN-000145,2025-12-01,62,92.77,705.77
PRJ-SYN-000145,2025-12-31,63,94.57,718.31
PRJ-SYN-000145,2026-01-30,64,96.37,730.86
PRJ-SYN-000145,2026-03-01,65,98.18,743.43
PRJ-SYN-000146,2024-10-07,64,74.27,156.46
PRJ-SYN-000146,2024-11-06,65,75.67,159.16
PRJ-SYN-000146,2024-12-06,66,77.07,161.85
PRJ-SYN-000146,2025-01-05,67,78.47,164.55
PRJ-SYN-000146,2025-02-04,68,79.88,167.25
PRJ-SYN-000146,2025-03-06,69,81.29,169.96
PRJ-SYN-000146,2025-04-05,70,82.71,172.67
PRJ-SYN-000146,2025-05-05,71,84.13,175.39
PRJ-SYN-000146,2025-06-04,72,85.55,178.11
PRJ-SYN-000146,2025-07-04,73,86.98,180.83
PRJ-SYN-000146,2025-08-03,74,88.41,183.56
PRJ-SYN-000146,2025-09-02,75,89.85,186.29
PRJ-SYN-000146,2025-10-02,76,91.29,189.02
PRJ-SYN-000146,2025-11-01,77,92.73,191.76
PRJ-SYN-000146,2025-12-01,78,94.18,194.5
PRJ-SYN-000146,2025-12-31,79,95.63,197.25
PRJ-SYN-000146,2026-01-30,80,97.08,199.99
PRJ-SYN-000146,2026-03-01,81,98.54,202.74
PRJ-SYN-000147,2024-10-07,71,76.25,1812.37
PRJ-SYN-000147,2024-11-06,72,77.54,1840.47
PRJ-SYN-000147,2024-12-06,73,78.84,1868.6
PRJ-SYN-000147,2025-01-05,74,80.13,1896.78
PRJ-SYN-000147,2025-02-04,75,81.43,1925.0
PRJ-SYN-000147,2025-03-06,76,82.74,1953.25
PRJ-SYN-000147,2025-04-05,77,84.05,1981.54
PRJ-SYN-000147,2025-05-05,78,85.36,2009.86
PRJ-SYN-000147,2025-06-04,79,86.67,2038.22
PRJ-SYN-000147,2025-07-04,80,87.99,2066.62
PRJ-SYN-000147,2025-08-03,81,89.31,2095.06
PRJ-SYN-000147,2025-09-02,82,90.64,2123.53
PRJ-SYN-000147,2025-10-02,83,91.97,2152.03
PRJ-SYN-000147,2025-11-01,84,93.3,2180.57
PRJ-SYN-000147,2025-12-01,85,94.63,2209.14
PRJ-SYN-000147,2025-12-31,86,95.97,2237.74
PRJ-SYN-000147,2026-01-30,87,97.31,2266.38
PRJ-SYN-000147,2026-03-01,88,98.65,2295.06
PRJ-SYN-000148,2024-10-07,22,43.6,1257.71
PRJ-SYN-000148,2024-11-06,23,45.99,1320.73
PRJ-SYN-000148,2024-12-06,24,48.4,1384.04
PRJ-SYN-000148,2025-01-05,25,50.83,1447.6
PRJ-SYN-000148,2025-02-04,26,53.28,1511.42
PRJ-SYN-000148,2025-03-06,27,55.75,1575.49
PRJ-SYN-000148,2025-04-05,28,58.23,1639.79
PRJ-SYN-000148,2025-05-05,29,60.74,1704.33
PRJ-SYN-000148,2025-06-04,30,63.26,1769.08
PRJ-SYN-000148,2025-07-04,31,65.8,1834.06
PRJ-SYN-000148,2025-08-03,32,68.35,1899.24
PRJ-SYN-000148,2025-09-02,33,70.92,1964.63
PRJ-SYN-000148,2025-10-02,34,73.51,2030.21
PRJ-SYN-000148,2025-11-01,35,76.11,2095.99
PRJ-SYN-000148,2025-12-01,36,78.73,2161.96
PRJ-SYN-000148,2025-12-31,37,81.36,2228.11
PRJ-SYN-000148,2026-01-30,38,84.01,2294.44
PRJ-SYN-000148,2026-03-01,39,86.67,2360.94
PRJ-SYN-000149,2024-10-07,66,74.87,2866.82
PRJ-SYN-000149,2024-11-06,67,76.24,2914.63
PRJ-SYN-000149,2024-12-06,68,77.6,2962.52
PRJ-SYN-000149,2025-01-05,69,78.97,3010.48
PRJ-SYN-000149,2025-02-04,70,80.35,3058.51
PRJ-SYN-000149,2025-03-06,71,81.73,3106.61
PRJ-SYN-000149,2025-04-05,72,83.11,3154.77
PRJ-SYN-000149,2025-05-05,73,84.5,3203.0
PRJ-SYN-000149,2025-06-04,74,85.89,3251.3
PRJ-SYN-000149,2025-07-04,75,87.28,3299.66
PRJ-SYN-000149,2025-08-03,76,88.68,3348.09
PRJ-SYN-000149,2025-09-02,77,90.09,3396.58
PRJ-SYN-000149,2025-10-02,78,91.49,3445.13
PRJ-SYN-000149,2025-11-01,79,92.9,3493.75
PRJ-SYN-000149,2025-12-01,80,94.31,3542.43
PRJ-SYN-000149,2025-12-31,81,95.73,3591.17
PRJ-SYN-000149,2026-01-30,82,97.15,3639.96
PRJ-SYN-000149,2026-03-01,83,98.57,3688.82
PRJ-SYN-000150,2024-10-07,31,52.78,1706.5
PRJ-SYN-000150,2024-11-06,32,54.83,1767.15
PRJ-SYN-000150,2024-12-06,33,56.89,1827.99
PRJ-SYN-000150,2025-01-05,34,58.97,1889.01
PRJ-SYN-000150,2025-02-04,35,61.06,1950.21
PRJ-SYN-000150,2025-03-06,36,63.16,2011.59
PRJ-SYN-000150,2025-04-05,37,65.27,2073.14
PRJ-SYN-000150,2025-05-05,38,67.39,2134.86
PRJ-SYN-000150,2025-06-04,39,69.52,2196.74
PRJ-SYN-000150,2025-07-04,40,71.67,2258.78
PRJ-SYN-000150,2025-08-03,41,73.82,2320.97
PRJ-SYN-000150,2025-09-02,42,75.99,2383.32
PRJ-SYN-000150,2025-10-02,43,78.17,2445.81
PRJ-SYN-000150,2025-11-01,44,80.35,2508.45
PRJ-SYN-000150,2025-12-01,45,82.55,2571.23
PRJ-SYN-000150,2025-12-31,46,84.75,2634.15
PRJ-SYN-000150,2026-01-30,47,86.97,2697.21
PRJ-SYN-000150,2026-03-01,48,89.2,2760.41
PRJ-SYN-000151,2024-10-07,67,75.16,381.29
PRJ-SYN-000151,2024-11-06,68,76.51,387.56
PRJ-SYN-000151,2024-12-06,69,77.86,393.83
PRJ-SYN-000151,2025-01-05,70,79.22,400.12
PRJ-SYN-000151,2025-02-04,71,80.58,406.41
PRJ-SYN-000151,2025-03-06,72,81.94,412.71
PRJ-SYN-000151,2025-04-05,73,83.31,419.02
PRJ-SYN-000151,2025-05-05,74,84.68,425.34
PRJ-SYN-000151,2025-06-04,75,86.05,431.66
PRJ-SYN-000151,2025-07-04,76,87.43,438.0
PRJ-SYN-000151,2025-08-03,77,88.81,444.34
PRJ-SYN-000151,2025-09-02,78,90.2,450.69
PRJ-SYN-000151,2025-10-02,79,91.59,457.05
PRJ-SYN-000151,2025-11-01,80,92.98,463.42
PRJ-SYN-000151,2025-12-01,81,94.38,469.8
PRJ-SYN-000151,2025-12-31,82,95.78,476.18
PRJ-SYN-000151,2026-01-30,83,97.18,482.57
PRJ-SYN-000151,2026-03-01,84,98.59,488.97
PRJ-SYN-000152,2024-10-07,50,69.14,2648.44
PRJ-SYN-000152,2024-11-06,51,70.81,2706.76
PRJ-SYN-000152,2024-12-06,52,72.48,2765.2
PRJ-SYN-000152,2025-01-05,53,74.15,2823.75
PRJ-SYN-000152,2025-02-04,54,75.83,2882.41
PRJ-SYN-000152,2025-03-06,55,77.52,2941.18
PRJ-SYN-000152,2025-04-05,56,79.22,3000.06
PRJ-SYN-000152,2025-05-05,57,80.92,3059.04
PRJ-SYN-000152,2025-06-04,58,82.62,3118.13
PRJ-SYN-000152,2025-07-04,59,84.34,3177.31
PRJ-SYN-000152,2025-08-03,60,86.05,3236.6
PRJ-SYN-000152,2025-09-02,61,87.78,3295.99
PRJ-SYN-000152,2025-10-02,62,89.51,3355.47
PRJ-SYN-000152,2025-11-01,63,91.24,3415.05
PRJ-SYN-000152,2025-12-01,64,92.98,3474.73
PRJ-SYN-000152,2025-12-31,65,94.73,3534.5
PRJ-SYN-000152,2026-01-30,66,96.48,3594.36
PRJ-SYN-000152,2026-03-01,67,98.24,3654.31
PRJ-SYN-000153,2024-10-07,63,73.97,1555.66
PRJ-SYN-000153,2024-11-06,64,75.38,1582.85
PRJ-SYN-000153,2024-12-06,65,76.79,1610.07
PRJ-SYN-000153,2025-01-05,66,78.21,1637.34
PRJ-SYN-000153,2025-02-04,67,79.64,1664.65
PRJ-SYN-000153,2025-03-06,68,81.06,1692.0
PRJ-SYN-000153,2025-04-05,69,82.5,1719.39
PRJ-SYN-000153,2025-05-05,70,83.93,1746.82
PRJ-SYN-000153,2025-06-04,71,85.37,1774.29
PRJ-SYN-000153,2025-07-04,72,86.82,1801.8
PRJ-SYN-000153,2025-08-03,73,88.27,1829.35
PRJ-SYN-000153,2025-09-02,74,89.72,1856.93
PRJ-SYN-000153,2025-10-02,75,91.18,1884.55
PRJ-SYN-000153,2025-11-01,76,92.64,1912.21
PRJ-SYN-000153,2025-12-01,77,94.1,1939.9
PRJ-SYN-000153,2025-12-31,78,95.57,1967.64
PRJ-SYN-000153,2026-01-30,79,97.04,1995.4
PRJ-SYN-000153,2026-03-01,80,98.52,2023.2
PRJ-SYN-000154,2024-10-07,27,54.17,716.16
PRJ-SYN-000154,2024-11-06,28,56.59,745.39
PRJ-SYN-000154,2024-12-06,29,59.02,774.72
PRJ-SYN-000154,2025-01-05,30,61.47,804.16
PRJ-SYN-000154,2025-02-04,31,63.94,833.69
PRJ-SYN-000154,2025-03-06,32,66.42,863.32
PRJ-SYN-000154,2025-04-05,33,68.92,893.04
PRJ-SYN-000154,2025-05-05,34,71.44,922.86
PRJ-SYN-000154,2025-06-04,35,73.97,952.76
PRJ-SYN-000154,2025-07-04,36,76.51,982.74
PRJ-SYN-000154,2025-08-03,37,79.07,1012.81
PRJ-SYN-000154,2025-09-02,38,81.64,1042.96
PRJ-SYN-000154,2025-10-02,39,84.22,1073.2
PRJ-SYN-000154,2025-11-01,40,86.82,1103.5
PRJ-SYN-000154,2025-12-01,41,89.43,1133.89
PRJ-SYN-000154,2025-12-31,42,92.05,1164.35
PRJ-SYN-000154,2026-01-30,43,94.69,1194.88
PRJ-SYN-000154,2026-03-01,44,97.34,1225.48
PRJ-SYN-000155,2024-10-07,24,51.09,459.33
PRJ-SYN-000155,2024-11-06,25,53.66,480.42
PRJ-SYN-000155,2024-12-06,26,56.24,501.6
PRJ-SYN-000155,2025-01-05,27,58.85,522.87
PRJ-SYN-000155,2025-02-04,28,61.47,544.21
PRJ-SYN-000155,2025-03-06,29,64.12,565.62
PRJ-SYN-000155,2025-04-05,30,66.78,587.12
PRJ-SYN-000155,2025-05-05,31,69.46,608.68
PRJ-SYN-000155,2025-06-04,32,72.16,630.31
PRJ-SYN-000155,2025-07-04,33,74.87,652.01
PRJ-SYN-000155,2025-08-03,34,77.6,673.78
PRJ-SYN-000155,2025-09-02,35,80.35,695.61
PRJ-SYN-000155,2025-10-02,36,83.11,717.5
PRJ-SYN-000155,2025-11-01,37,85.89,739.46
PRJ-SYN-000155,2025-12-01,38,88.68,761.47
PRJ-SYN-000155,2025-12-31,39,91.49,783.54
PRJ-SYN-000155,2026-01-30,40,94.31,805.67
PRJ-SYN-000155,2026-03-01,41,97.15,827.85
PRJ-SYN-000156,2024-10-07,44,44.01,1082.31
PRJ-SYN-000156,2024-11-06,45,45.22,1109.4
PRJ-SYN-000156,2024-12-06,46,46.42,1136.55
PRJ-SYN-000156,2025-01-05,47,47.64,1163.75
PRJ-SYN-000156,2025-02-04,48,48.86,1191.02
PRJ-SYN-000156,2025-03-06,49,50.08,1218.34
PRJ-SYN-000156,2025-04-05,50,51.31,1245.72
PRJ-SYN-000156,2025-05-05,51,52.54,1273.15
PRJ-SYN-000156,2025-06-04,52,53.78,1300.64
PRJ-SYN-000156,2025-07-04,53,55.02,1328.18
PRJ-SYN-000156,2025-08-03,54,56.27,1355.77
PRJ-SYN-000156,2025-09-02,55,57.53,1383.41
PRJ-SYN-000156,2025-10-02,56,58.78,1411.11
PRJ-SYN-000156,2025-11-01,57,60.05,1438.85
PRJ-SYN-000156,2025-12-01,58,61.31,1466.64
PRJ-SYN-000156,2025-12-31,59,62.58,1494.48
PRJ-SYN-000156,2026-01-30,60,63.86,1522.37
PRJ-SYN-000156,2026-03-01,61,65.14,1550.3
PRJ-SYN-000157,2024-10-07,14,19.9,301.52
PRJ-SYN-000157,2024-11-06,15,21.62,325.29
PRJ-SYN-000157,2024-12-06,16,23.36,349.22
PRJ-SYN-000157,2025-01-05,17,25.12,373.31
PRJ-SYN-000157,2025-02-04,18,26.9,397.53
PRJ-SYN-000157,2025-03-06,19,28.71,421.89
PRJ-SYN-000157,2025-04-05,20,30.53,446.38
PRJ-SYN-000157,2025-05-05,21,32.37,470.99
PRJ-SYN-000157,2025-06-04,22,34.23,495.72
PRJ-SYN-000157,2025-07-04,23,36.1,520.56
PRJ-SYN-000157,2025-08-03,24,37.99,545.51
PRJ-SYN-000157,2025-09-02,25,39.9,570.57
PRJ-SYN-000157,2025-10-02,26,41.83,595.72
PRJ-SYN-000157,2025-11-01,27,43.76,620.97
PRJ-SYN-000157,2025-12-01,28,45.72,646.32
PRJ-SYN-000157,2025-12-31,29,47.68,671.76
PRJ-SYN-000157,2026-01-30,30,49.66,697.28
PRJ-SYN-000157,2026-03-01,31,51.65,722.89
PRJ-SYN-000158,2024-10-07,52,70.0,1344.81
PRJ-SYN-000158,2024-11-06,53,71.62,1373.28
PRJ-SYN-000158,2024-12-06,54,73.24,1401.81
PRJ-SYN-000158,2025-01-05,55,74.87,1430.39
PRJ-SYN-000158,2025-02-04,56,76.51,1459.03
PRJ-SYN-000158,2025-03-06,57,78.15,1487.71
PRJ-SYN-000158,2025-04-05,58,79.8,1516.45
PRJ-SYN-000158,2025-05-05,59,81.45,1545.23
PRJ-SYN-000158,2025-06-04,60,83.11,1574.07
PRJ-SYN-000158,2025-07-04,61,84.78,1602.95
PRJ-SYN-000158,2025-08-03,62,86.45,1631.88
PRJ-SYN-000158,2025-09-02,63,88.12,1660.85
PRJ-SYN-000158,2025-10-02,64,89.8,1689.88
PRJ-SYN-000158,2025-11-01,65,91.49,1718.94
PRJ-SYN-000158,2025-12-01,66,93.18,1748.06
PRJ-SYN-000158,2025-12-31,67,94.88,1777.21
PRJ-SYN-000158,2026-01-30,68,96.58,1806.41
PRJ-SYN-000158,2026-03-01,69,98.29,1835.65
PRJ-SYN-000159,2024-10-07,35,44.33,1161.74
PRJ-SYN-000159,2024-11-06,36,45.86,1198.3
PRJ-SYN-000159,2024-12-06,37,47.39,1234.97
PRJ-SYN-000159,2025-01-05,38,48.93,1271.73
PRJ-SYN-000159,2025-02-04,39,50.48,1308.6
PRJ-SYN-000159,2025-03-06,40,52.04,1345.55
PRJ-SYN-000159,2025-04-05,41,53.6,1382.6
PRJ-SYN-000159,2025-05-05,42,55.17,1419.74
PRJ-SYN-000159,2025-06-04,43,56.75,1456.97
PRJ-SYN-000159,2025-07-04,44,58.34,1494.28
PRJ-SYN-000159,2025-08-03,45,59.94,1531.68
PRJ-SYN-000159,2025-09-02,46,61.54,1569.16
PRJ-SYN-000159,2025-10-02,47,63.15,1606.73
PRJ-SYN-000159,2025-11-01,48,64.76,1644.37
PRJ-SYN-000159,2025-12-01,49,66.39,1682.09
PRJ-SYN-000159,2025-12-31,50,68.01,1719.89
PRJ-SYN-000159,2026-01-30,51,69.65,1757.77
PRJ-SYN-000159,2026-03-01,52,71.29,1795.72
PRJ-SYN-000160,2024-10-07,55,71.19,1666.18
PRJ-SYN-000160,2024-11-06,56,72.75,1699.53
PRJ-SYN-000160,2024-12-06,57,74.31,1732.94
PRJ-SYN-000160,2025-01-05,58,75.88,1766.42
PRJ-SYN-000160,2025-02-04,59,77.45,1799.95
PRJ-SYN-000160,2025-03-06,60,79.03,1833.53
PRJ-SYN-000160,2025-04-05,61,80.61,1867.18
PRJ-SYN-000160,2025-05-05,62,82.2,1900.87
PRJ-SYN-000160,2025-06-04,63,83.8,1934.63
PRJ-SYN-000160,2025-07-04,64,85.39,1968.43
PRJ-SYN-000160,2025-08-03,65,87.0,2002.29
PRJ-SYN-000160,2025-09-02,66,88.61,2036.2
PRJ-SYN-000160,2025-10-02,67,90.22,2070.16
PRJ-SYN-000160,2025-11-01,68,91.84,2104.18
PRJ-SYN-000160,2025-12-01,69,93.46,2138.24
PRJ-SYN-000160,2025-12-31,70,95.09,2172.35
PRJ-SYN-000160,2026-01-30,71,96.72,2206.51
PRJ-SYN-000160,2026-03-01,72,98.36,2240.72
PRJ-SYN-000161,2024-10-07,72,76.51,394.48
PRJ-SYN-000161,2024-11-06,73,77.79,400.51
PRJ-SYN-000161,2024-12-06,74,79.07,406.55
PRJ-SYN-000161,2025-01-05,75,80.35,412.6
PRJ-SYN-000161,2025-02-04,76,81.64,418.66
PRJ-SYN-000161,2025-03-06,77,82.93,424.72
PRJ-SYN-000161,2025-04-05,78,84.22,430.79
PRJ-SYN-000161,2025-05-05,79,85.52,436.87
PRJ-SYN-000161,2025-06-04,80,86.82,442.96
PRJ-SYN-000161,2025-07-04,81,88.12,449.05
PRJ-SYN-000161,2025-08-03,82,89.43,455.15
PRJ-SYN-000161,2025-09-02,83,90.74,461.26
PRJ-SYN-000161,2025-10-02,84,92.05,467.38
PRJ-SYN-000161,2025-11-01,85,93.37,473.5
PRJ-SYN-000161,2025-12-01,86,94.69,479.63
PRJ-SYN-000161,2025-12-31,87,96.01,485.77
PRJ-SYN-000161,2026-01-30,88,97.34,491.92
PRJ-SYN-000161,2026-03-01,89,98.67,498.07
PRJ-SYN-000162,2024-10-07,14,31.98,449.87
PRJ-SYN-000162,2024-11-06,15,34.74,485.34
PRJ-SYN-000162,2024-12-06,16,37.54,521.05
PRJ-SYN-000162,2025-01-05,17,40.37,556.98
PRJ-SYN-000162,2025-02-04,18,43.24,593.12
PRJ-SYN-000162,2025-03-06,19,46.14,629.47
PRJ-SYN-000162,2025-04-05,20,49.06,666.01
PRJ-SYN-000162,2025-05-05,21,52.02,702.73
PRJ-SYN-000162,2025-06-04,22,55.01,739.62
PRJ-SYN-000162,2025-07-04,23,58.02,776.69
PRJ-SYN-000162,2025-08-03,24,61.06,813.91
PRJ-SYN-000162,2025-09-02,25,64.13,851.29
PRJ-SYN-000162,2025-10-02,26,67.22,888.82
PRJ-SYN-000162,2025-11-01,27,70.33,926.5
PRJ-SYN-000162,2025-12-01,28,73.47,964.32
PRJ-SYN-000162,2025-12-31,29,76.63,1002.27
PRJ-SYN-000162,2026-01-30,30,79.81,1040.35
PRJ-SYN-000162,2026-03-01,31,83.02,1078.56
PRJ-SYN-000163,2024-10-07,49,63.42,328.48
PRJ-SYN-000163,2024-11-06,50,64.98,335.86
PRJ-SYN-000163,2024-12-06,51,66.54,343.26
PRJ-SYN-000163,2025-01-05,52,68.11,350.67
PRJ-SYN-000163,2025-02-04,53,69.68,358.09
PRJ-SYN-000163,2025-03-06,54,71.27,365.53
PRJ-SYN-000163,2025-04-05,55,72.85,372.99
PRJ-SYN-000163,2025-05-05,56,74.44,380.45
PRJ-SYN-000163,2025-06-04,57,76.04,387.93
PRJ-SYN-000163,2025-07-04,58,77.65,395.42
PRJ-SYN-000163,2025-08-03,59,79.26,402.93
PRJ-SYN-000163,2025-09-02,60,80.87,410.45
PRJ-SYN-000163,2025-10-02,61,82.49,417.98
PRJ-SYN-000163,2025-11-01,62,84.12,425.52
PRJ-SYN-000163,2025-12-01,63,85.75,433.08
PRJ-SYN-000163,2025-12-31,64,87.38,440.65
PRJ-SYN-000163,2026-01-30,65,89.02,448.23
PRJ-SYN-000163,2026-03-01,66,90.67,455.82
PRJ-SYN-000164,2024-10-07,35,48.76,899.08
PRJ-SYN-000164,2024-11-06,36,50.43,927.37
PRJ-SYN-000164,2024-12-06,37,52.12,955.75
PRJ-SYN-000164,2025-01-05,38,53.81,984.2
PRJ-SYN-000164,2025-02-04,39,55.52,1012.73
PRJ-SYN-000164,2025-03-06,40,57.23,1041.33
PRJ-SYN-000164,2025-04-05,41,58.95,1070.0
PRJ-SYN-000164,2025-05-05,42,60.68,1098.74
PRJ-SYN-000164,2025-06-04,43,62.42,1127.55
PRJ-SYN-000164,2025-07-04,44,64.16,1156.43
PRJ-SYN-000164,2025-08-03,45,65.92,1185.37
PRJ-SYN-000164,2025-09-02,46,67.68,1214.38
PRJ-SYN-000164,2025-10-02,47,69.45,1243.45
PRJ-SYN-000164,2025-11-01,48,71.23,1272.59
PRJ-SYN-000164,2025-12-01,49,73.01,1301.78
PRJ-SYN-000164,2025-12-31,50,74.8,1331.03
PRJ-SYN-000164,2026-01-30,51,76.6,1360.34
PRJ-SYN-000164,2026-03-01,52,78.41,1389.71
PRJ-SYN-000165,2024-10-07,57,71.94,615.93
PRJ-SYN-000165,2024-11-06,58,73.46,627.82
PRJ-SYN-000165,2024-12-06,59,74.98,639.74
PRJ-SYN-000165,2025-01-05,60,76.51,651.68
PRJ-SYN-000165,2025-02-04,61,78.04,663.64
PRJ-SYN-000165,2025-03-06,62,79.58,675.61
PRJ-SYN-000165,2025-04-05,63,81.12,687.61
PRJ-SYN-000165,2025-05-05,64,82.67,699.62
PRJ-SYN-000165,2025-06-04,65,84.22,711.66
PRJ-SYN-000165,2025-07-04,66,85.78,723.71
PRJ-SYN-000165,2025-08-03,67,87.34,735.78
PRJ-SYN-000165,2025-09-02,68,88.91,747.87
PRJ-SYN-000165,2025-10-02,69,90.48,759.98
PRJ-SYN-000165,2025-11-01,70,92.05,772.1
PRJ-SYN-000165,2025-12-01,71,93.63,784.24
PRJ-SYN-000165,2025-12-31,72,95.22,796.4
PRJ-SYN-000165,2026-01-30,73,96.81,808.58
PRJ-SYN-000165,2026-03-01,74,98.4,820.77
PRJ-SYN-000166,2024-10-07,37,53.66,1009.4
PRJ-SYN-000166,2024-11-06,38,55.41,1039.45
PRJ-SYN-000166,2024-12-06,39,57.16,1069.58
PRJ-SYN-000166,2025-01-05,40,58.92,1099.79
PRJ-SYN-000166,2025-02-04,41,60.7,1130.07
PRJ-SYN-000166,2025-03-06,42,62.48,1160.43
PRJ-SYN-000166,2025-04-05,43,64.27,1190.85
PRJ-SYN-000166,2025-05-05,44,66.06,1221.35
PRJ-SYN-000166,2025-06-04,45,67.87,1251.92
PRJ-SYN-000166,2025-07-04,46,69.68,1282.56
PRJ-SYN-000166,2025-08-03,47,71.51,1313.26
PRJ-SYN-000166,2025-09-02,48,73.34,1344.03
PRJ-SYN-000166,2025-10-02,49,75.17,1374.86
PRJ-SYN-000166,2025-11-01,50,77.02,1405.76
PRJ-SYN-000166,2025-12-01,51,78.87,1436.71
PRJ-SYN-000166,2025-12-31,52,80.73,1467.73
PRJ-SYN-000166,2026-01-30,53,82.6,1498.81
PRJ-SYN-000166,2026-03-01,54,84.47,1529.95
PRJ-SYN-000167,2024-10-07,76,77.49,1697.54
PRJ-SYN-000167,2024-11-06,77,78.71,1722.12
PRJ-SYN-000167,2024-12-06,78,79.94,1746.74
PRJ-SYN-000167,2025-01-05,79,81.17,1771.39
PRJ-SYN-000167,2025-02-04,80,82.41,1796.07
PRJ-SYN-000167,2025-03-06,81,83.64,1820.78
PRJ-SYN-000167,2025-04-05,82,84.88,1845.52
PRJ-SYN-000167,2025-05-05,83,86.13,1870.29
PRJ-SYN-000167,2025-06-04,84,87.37,1895.1
PRJ-SYN-000167,2025-07-04,85,88.62,1919.93
PRJ-SYN-000167,2025-08-03,86,89.88,1944.79
PRJ-SYN-000167,2025-09-02,87,91.13,1969.68
PRJ-SYN-000167,2025-10-02,88,92.39,1994.6
PRJ-SYN-000167,2025-11-01,89,93.65,2019.54
PRJ-SYN-000167,2025-12-01,90,94.92,2044.52
PRJ-SYN-000167,2025-12-31,91,96.18,2069.52
PRJ-SYN-000167,2026-01-30,92,97.45,2094.55
PRJ-SYN-000167,2026-03-01,93,98.72,2119.61
PRJ-SYN-000168,2024-10-07,53,70.41,250.93
PRJ-SYN-000168,2024-11-06,54,72.0,256.14
PRJ-SYN-000168,2024-12-06,55,73.61,261.36
PRJ-SYN-000168,2025-01-05,56,75.22,266.59
PRJ-SYN-000168,2025-02-04,57,76.83,271.83
PRJ-SYN-000168,2025-03-06,58,78.45,277.09
PRJ-SYN-000168,2025-04-05,59,80.08,282.34
PRJ-SYN-000168,2025-05-05,60,81.71,287.61
PRJ-SYN-000168,2025-06-04,61,83.35,292.89
PRJ-SYN-000168,2025-07-04,62,84.99,298.18
PRJ-SYN-000168,2025-08-03,63,86.64,303.47
PRJ-SYN-000168,2025-09-02,64,88.29,308.77
PRJ-SYN-000168,2025-10-02,65,89.95,314.09
PRJ-SYN-000168,2025-11-01,66,91.61,319.4
PRJ-SYN-000168,2025-12-01,67,93.28,324.73
PRJ-SYN-000168,2025-12-31,68,94.95,330.07
PRJ-SYN-000168,2026-01-30,69,96.63,335.41
PRJ-SYN-000168,2026-03-01,70,98.31,340.76
PRJ-SYN-000169,2024-10-07,41,55.65,184.44
PRJ-SYN-000169,2024-11-06,42,57.28,189.39
PRJ-SYN-000169,2024-12-06,43,58.92,194.36
PRJ-SYN-000169,2025-01-05,44,60.57,199.34
PRJ-SYN-000169,2025-02-04,45,62.23,204.33
PRJ-SYN-000169,2025-03-06,46,63.89,209.33
PRJ-SYN-000169,2025-04-05,47,65.56,214.34
PRJ-SYN-000169,2025-05-05,48,67.24,219.36
PRJ-SYN-000169,2025-06-04,49,68.92,224.39
PRJ-SYN-000169,2025-07-04,50,70.61,229.43
PRJ-SYN-000169,2025-08-03,51,72.31,234.49
PRJ-SYN-000169,2025-09-02,52,74.02,239.55
PRJ-SYN-000169,2025-10-02,53,75.73,244.62
PRJ-SYN-000169,2025-11-01,54,77.45,249.7
PRJ-SYN-000169,2025-12-01,55,79.17,254.79
PRJ-SYN-000169,2025-12-31,56,80.9,259.89
PRJ-SYN-000169,2026-01-30,57,82.64,265.0
PRJ-SYN-000169,2026-03-01,58,84.38,270.12
PRJ-SYN-000170,2024-10-07,18,17.55,94.37
PRJ-SYN-000170,2024-11-06,19,18.72,100.15
PRJ-SYN-000170,2024-12-06,20,19.91,105.97
PRJ-SYN-000170,2025-01-05,21,21.11,111.81
PRJ-SYN-000170,2025-02-04,22,22.32,117.68
PRJ-SYN-000170,2025-03-06,23,23.55,123.58
PRJ-SYN-000170,2025-04-05,24,24.78,129.5
PRJ-SYN-000170,2025-05-05,25,26.02,135.45
PRJ-SYN-000170,2025-06-04,26,27.28,141.42
PRJ-SYN-000170,2025-07-04,27,28.54,147.42
PRJ-SYN-000170,2025-08-03,28,29.82,153.43
PRJ-SYN-000170,2025-09-02,29,31.1,159.47
PRJ-SYN-000170,2025-10-02,30,32.39,165.53
PRJ-SYN-000170,2025-11-01,31,33.69,171.61
PRJ-SYN-000170,2025-12-01,32,35.0,177.71
PRJ-SYN-000170,2025-12-31,33,36.31,183.83
PRJ-SYN-000170,2026-01-30,34,37.64,189.96
PRJ-SYN-000170,2026-03-01,35,38.97,196.12
PRJ-SYN-000171,2024-10-07,12,24.83,53.68
PRJ-SYN-000171,2024-11-06,13,27.33,58.62
PRJ-SYN-000171,2024-12-06,14,29.87,63.6
PRJ-SYN-000171,2025-01-05,15,32.45,68.62
PRJ-SYN-000171,2025-02-04,16,35.06,73.66
PRJ-SYN-000171,2025-03-06,17,37.71,78.74
PRJ-SYN-000171,2025-04-05,18,40.39,83.85
PRJ-SYN-000171,2025-05-05,19,43.09,88.99
PRJ-SYN-000171,2025-06-04,20,45.83,94.16
PRJ-SYN-000171,2025-07-04,21,48.59,99.35
PRJ-SYN-000171,2025-08-03,22,51.38,104.56
PRJ-SYN-000171,2025-09-02,23,54.2,109.8
PRJ-SYN-000171,2025-10-02,24,57.04,115.07
PRJ-SYN-000171,2025-11-01,25,59.9,120.35
PRJ-SYN-000171,2025-12-01,26,62.79,125.66
PRJ-SYN-000171,2025-12-31,27,65.7,130.98
PRJ-SYN-000171,2026-01-30,28,68.63,136.33
PRJ-SYN-000171,2026-03-01,29,71.58,141.7
PRJ-SYN-000172,2024-10-07,34,60.06,169.65
PRJ-SYN-000172,2024-11-06,35,62.18,175.15
PRJ-SYN-000172,2024-12-06,36,64.32,180.66
PRJ-SYN-000172,2025-01-05,37,66.47,186.19
PRJ-SYN-000172,2025-02-04,38,68.63,191.73
PRJ-SYN-000172,2025-03-06,39,70.81,197.29
PRJ-SYN-000172,2025-04-05,40,72.99,202.86
PRJ-SYN-000172,2025-05-05,41,75.19,208.45
PRJ-SYN-000172,2025-06-04,42,77.39,214.05
PRJ-SYN-000172,2025-07-04,43,79.61,219.66
PRJ-SYN-000172,2025-08-03,44,81.84,225.28
PRJ-SYN-000172,2025-09-02,45,84.07,230.92
PRJ-SYN-000172,2025-10-02,46,86.32,236.57
PRJ-SYN-000172,2025-11-01,47,88.58,242.24
PRJ-SYN-000172,2025-12-01,48,90.84,247.91
PRJ-SYN-000172,2025-12-31,49,93.12,253.6
PRJ-SYN-000172,2026-01-30,50,95.4,259.3
PRJ-SYN-000172,2026-03-01,51,97.7,265.01
PRJ-SYN-000173,2024-10-07,52,65.52,175.23
PRJ-SYN-000173,2024-11-06,53,67.03,178.95
PRJ-SYN-000173,2024-12-06,54,68.55,182.66
PRJ-SYN-000173,2025-01-05,55,70.08,186.39
PRJ-SYN-000173,2025-02-04,56,71.61,190.12
PRJ-SYN-000173,2025-03-06,57,73.15,193.86
PRJ-SYN-000173,2025-04-05,58,74.69,197.6
PRJ-SYN-000173,2025-05-05,59,76.24,201.35
PRJ-SYN-000173,2025-06-04,60,77.79,205.11
PRJ-SYN-000173,2025-07-04,61,79.35,208.87
PRJ-SYN-000173,2025-08-03,62,80.91,212.64
PRJ-SYN-000173,2025-09-02,63,82.48,216.42
PRJ-SYN-000173,2025-10-02,64,84.06,220.2
PRJ-SYN-000173,2025-11-01,65,85.64,223.99
PRJ-SYN-000173,2025-12-01,66,87.22,227.78
PRJ-SYN-000173,2025-12-31,67,88.81,231.58
PRJ-SYN-000173,2026-01-30,68,90.4,235.38
PRJ-SYN-000173,2026-03-01,69,92.0,239.19
PRJ-SYN-000174,2024-10-07,23,41.99,271.66
PRJ-SYN-000174,2024-11-06,24,44.19,284.68
PRJ-SYN-000174,2024-12-06,25,46.41,297.76
PRJ-SYN-000174,2025-01-05,26,48.64,310.89
PRJ-SYN-000174,2025-02-04,27,50.9,324.06
PRJ-SYN-000174,2025-03-06,28,53.17,337.29
PRJ-SYN-000174,2025-04-05,29,55.45,350.57
PRJ-SYN-000174,2025-05-05,30,57.75,363.89
PRJ-SYN-000174,2025-06-04,31,60.07,377.25
PRJ-SYN-000174,2025-07-04,32,62.41,390.66
PRJ-SYN-000174,2025-08-03,33,64.75,404.11
PRJ-SYN-000174,2025-09-02,34,67.11,417.6
PRJ-SYN-000174,2025-10-02,35,69.49,431.13
PRJ-SYN-000174,2025-11-01,36,71.88,444.7
PRJ-SYN-000174,2025-12-01,37,74.28,458.3
PRJ-SYN-000174,2025-12-31,38,76.7,471.95
PRJ-SYN-000174,2026-01-30,39,79.13,485.63
PRJ-SYN-000174,2026-03-01,40,81.57,499.34
PRJ-SYN-000175,2024-10-07,32,58.54,102.66
PRJ-SYN-000175,2024-11-06,33,60.74,106.2
PRJ-SYN-000175,2024-12-06,34,62.95,109.74
PRJ-SYN-000175,2025-01-05,35,65.18,113.3
PRJ-SYN-000175,2025-02-04,36,67.42,116.86
PRJ-SYN-000175,2025-03-06,37,69.68,120.44
PRJ-SYN-000175,2025-04-05,38,71.94,124.02
PRJ-SYN-000175,2025-05-05,39,74.22,127.62
PRJ-SYN-000175,2025-06-04,40,76.51,131.22
PRJ-SYN-000175,2025-07-04,41,78.81,134.84
PRJ-SYN-000175,2025-08-03,42,81.12,138.46
PRJ-SYN-000175,2025-09-02,43,83.44,142.09
PRJ-SYN-000175,2025-10-02,44,85.78,145.73
PRJ-SYN-000175,2025-11-01,45,88.12,149.37
PRJ-SYN-000175,2025-12-01,46,90.48,153.03
PRJ-SYN-000175,2025-12-31,47,92.84,156.69
PRJ-SYN-000175,2026-01-30,48,95.22,160.36
PRJ-SYN-000175,2026-03-01,49,97.6,164.04
PRJ-SYN-000176,2024-10-07,44,66.26,546.38
PRJ-SYN-000176,2024-11-06,45,68.07,560.05
PRJ-SYN-000176,2024-12-06,46,69.89,573.76
PRJ-SYN-000176,2025-01-05,47,71.72,587.5
PRJ-SYN-000176,2025-02-04,48,73.56,601.26
PRJ-SYN-000176,2025-03-06,49,75.4,615.05
PRJ-SYN-000176,2025-04-05,50,77.25,628.87
PRJ-SYN-000176,2025-05-05,51,79.11,642.72
PRJ-SYN-000176,2025-06-04,52,80.97,656.6
PRJ-SYN-000176,2025-07-04,53,82.84,670.5
PRJ-SYN-000176,2025-08-03,54,84.72,684.43
PRJ-SYN-000176,2025-09-02,55,86.61,698.39
PRJ-SYN-000176,2025-10-02,56,88.5,712.37
PRJ-SYN-000176,2025-11-01,57,90.4,726.37
PRJ-SYN-000176,2025-12-01,58,92.31,740.4
PRJ-SYN-000176,2025-12-31,59,94.22,754.46
PRJ-SYN-000176,2026-01-30,60,96.14,768.53
PRJ-SYN-000176,2026-03-01,61,98.07,782.64
PRJ-SYN-000177,2024-10-07,11,25.68,270.85
PRJ-SYN-000177,2024-11-06,12,28.51,298.05
PRJ-SYN-000177,2024-12-06,13,31.39,325.49
PRJ-SYN-000177,2025-01-05,14,34.3,353.13
PRJ-SYN-000177,2025-02-04,15,37.27,380.97
PRJ-SYN-000177,2025-03-06,16,40.27,409.0
PRJ-SYN-000177,2025-04-05,17,43.3,437.21
PRJ-SYN-000177,2025-05-05,18,46.38,465.58
PRJ-SYN-000177,2025-06-04,19,49.49,494.11
PRJ-SYN-000177,2025-07-04,20,52.63,522.79
PRJ-SYN-000177,2025-08-03,21,55.8,551.61
PRJ-SYN-000177,2025-09-02,22,59.01,580.58
PRJ-SYN-000177,2025-10-02,23,62.24,609.67
PRJ-SYN-000177,2025-11-01,24,65.5,638.89
PRJ-SYN-000177,2025-12-01,25,68.79,668.23
PRJ-SYN-000177,2025-12-31,26,72.1,697.69
PRJ-SYN-000177,2026-01-30,27,75.45,727.27
PRJ-SYN-000177,2026-03-01,28,78.81,756.95
PRJ-SYN-000178,2024-10-07,58,65.96,954.38
PRJ-SYN-000178,2024-11-06,59,67.33,972.5
PRJ-SYN-000178,2024-12-06,60,68.7,990.64
PRJ-SYN-000178,2025-01-05,61,70.07,1008.82
PRJ-SYN-000178,2025-02-04,62,71.45,1027.03
PRJ-SYN-000178,2025-03-06,63,72.84,1045.26
PRJ-SYN-000178,2025-04-05,64,74.23,1063.53
PRJ-SYN-000178,2025-05-05,65,75.62,1081.82
PRJ-SYN-000178,2025-06-04,66,77.02,1100.14
PRJ-SYN-000178,2025-07-04,67,78.42,1118.49
PRJ-SYN-000178,2025-08-03,68,79.83,1136.87
PRJ-SYN-000178,2025-09-02,69,81.24,1155.27
PRJ-SYN-000178,2025-10-02,70,82.66,1173.7
PRJ-SYN-000178,2025-11-01,71,84.08,1192.16
PRJ-SYN-000178,2025-12-01,72,85.5,1210.64
PRJ-SYN-000178,2025-12-31,73,86.93,1229.15
PRJ-SYN-000178,2026-01-30,74,88.36,1247.69
PRJ-SYN-000178,2026-03-01,75,89.79,1266.25
PRJ-SYN-000179,2024-10-07,48,68.24,1135.55
PRJ-SYN-000179,2024-11-06,49,69.95,1161.6
PRJ-SYN-000179,2024-12-06,50,71.67,1187.71
PRJ-SYN-000179,2025-01-05,51,73.39,1213.86
PRJ-SYN-000179,2025-02-04,52,75.12,1240.07
PRJ-SYN-000179,2025-03-06,53,76.86,1266.33
PRJ-SYN-000179,2025-04-05,54,78.6,1292.63
PRJ-SYN-000179,2025-05-05,55,80.35,1318.99
PRJ-SYN-000179,2025-06-04,56,82.11,1345.39
PRJ-SYN-000179,2025-07-04,57,83.87,1371.84
PRJ-SYN-000179,2025-08-03,58,85.64,1398.34
PRJ-SYN-000179,2025-09-02,59,87.41,1424.88
PRJ-SYN-000179,2025-10-02,60,89.19,1451.47
PRJ-SYN-000179,2025-11-01,61,90.98,1478.1
PRJ-SYN-000179,2025-12-01,62,92.77,1504.78
PRJ-SYN-000179,2025-12-31,63,94.57,1531.5
PRJ-SYN-000179,2026-01-30,64,96.37,1558.26
PRJ-SYN-000179,2026-03-01,65,98.18,1585.07
PRJ-SYN-000180,2024-10-07,33,39.27,379.99
PRJ-SYN-000180,2024-11-06,34,40.7,392.68
PRJ-SYN-000180,2024-12-06,35,42.14,405.4
PRJ-SYN-000180,2025-01-05,36,43.59,418.16
PRJ-SYN-000180,2025-02-04,37,45.05,430.95
PRJ-SYN-000180,2025-03-06,38,46.51,443.78
PRJ-SYN-000180,2025-04-05,39,47.99,456.65
PRJ-SYN-000180,2025-05-05,40,49.47,469.54
PRJ-SYN-000180,2025-06-04,41,50.95,482.47
PRJ-SYN-000180,2025-07-04,42,52.45,495.43
PRJ-SYN-000180,2025-08-03,43,53.95,508.42
PRJ-SYN-000180,2025-09-02,44,55.46,521.44
PRJ-SYN-000180,2025-10-02,45,56.98,534.49
PRJ-SYN-000180,2025-11-01,46,58.5,547.57
PRJ-SYN-000180,2025-12-01,47,60.03,560.68
PRJ-SYN-000180,2025-12-31,48,61.56,573.82
PRJ-SYN-000180,2026-01-30,49,63.11,586.98
PRJ-SYN-000180,2026-03-01,50,64.66,600.17
PRJ-SYN-000181,2024-10-07,25,33.53,320.64
PRJ-SYN-000181,2024-11-06,26,35.14,334.77
PRJ-SYN-000181,2024-12-06,27,36.77,348.96
PRJ-SYN-000181,2025-01-05,28,38.41,363.21
PRJ-SYN-000181,2025-02-04,29,40.06,377.5
PRJ-SYN-000181,2025-03-06,30,41.72,391.84
PRJ-SYN-000181,2025-04-05,31,43.4,406.23
PRJ-SYN-000181,2025-05-05,32,45.08,420.67
PRJ-SYN-000181,2025-06-04,33,46.78,435.16
PRJ-SYN-000181,2025-07-04,34,48.49,449.68
PRJ-SYN-000181,2025-08-03,35,50.2,464.25
PRJ-SYN-000181,2025-09-02,36,51.93,478.86
PRJ-SYN-000181,2025-10-02,37,53.66,493.52
PRJ-SYN-000181,2025-11-01,38,55.41,508.21
PRJ-SYN-000181,2025-12-01,39,57.16,522.94
PRJ-SYN-000181,2025-12-31,40,58.93,537.71
PRJ-SYN-000181,2026-01-30,41,60.7,552.51
PRJ-SYN-000181,2026-03-01,42,62.48,567.35
PRJ-SYN-000182,2024-10-07,76,77.49,1352.11
PRJ-SYN-000182,2024-11-06,77,78.71,1371.7
PRJ-SYN-000182,2024-12-06,78,79.94,1391.31
PRJ-SYN-000182,2025-01-05,79,81.17,1410.94
PRJ-SYN-000182,2025-02-04,80,82.41,1430.6
PRJ-SYN-000182,2025-03-06,81,83.64,1450.28
PRJ-SYN-000182,2025-04-05,82,84.88,1469.99
PRJ-SYN-000182,2025-05-05,83,86.13,1489.72
PRJ-SYN-000182,2025-06-04,84,87.37,1509.47
PRJ-SYN-000182,2025-07-04,85,88.62,1529.25
PRJ-SYN-000182,2025-08-03,86,89.88,1549.05
PRJ-SYN-000182,2025-09-02,87,91.13,1568.88
PRJ-SYN-000182,2025-10-02,88,92.39,1588.73
PRJ-SYN-000182,2025-11-01,89,93.65,1608.6
PRJ-SYN-000182,2025-12-01,90,94.92,1628.49
PRJ-SYN-000182,2025-12-31,91,96.18,1648.41
PRJ-SYN-000182,2026-01-30,92,97.45,1668.34
PRJ-SYN-000182,2026-03-01,93,98.72,1688.3
PRJ-SYN-000183,2024-10-07,62,73.65,587.41
PRJ-SYN-000183,2024-11-06,63,75.08,597.84
PRJ-SYN-000183,2024-12-06,64,76.51,608.29
PRJ-SYN-000183,2025-01-05,65,77.94,618.75
PRJ-SYN-000183,2025-02-04,66,79.39,629.23
PRJ-SYN-000183,2025-03-06,67,80.83,639.73
PRJ-SYN-000183,2025-04-05,68,82.28,650.24
PRJ-SYN-000183,2025-05-05,69,83.74,660.76
PRJ-SYN-000183,2025-06-04,70,85.19,671.31
PRJ-SYN-000183,2025-07-04,71,86.66,681.86
PRJ-SYN-000183,2025-08-03,72,88.12,692.43
PRJ-SYN-000183,2025-09-02,73,89.59,703.02
PRJ-SYN-000183,2025-10-02,74,91.07,713.62
PRJ-SYN-000183,2025-11-01,75,92.55,724.24
PRJ-SYN-000183,2025-12-01,76,94.03,734.86
PRJ-SYN-000183,2025-12-31,77,95.52,745.51
PRJ-SYN-000183,2026-01-30,78,97.01,756.17
PRJ-SYN-000183,2026-03-01,79,98.5,766.84
PRJ-SYN-000184,2024-10-07,58,63.23,1075.31
PRJ-SYN-000184,2024-11-06,59,64.54,1095.72
PRJ-SYN-000184,2024-12-06,60,65.85,1116.17
PRJ-SYN-000184,2025-01-05,61,67.17,1136.65
PRJ-SYN-000184,2025-02-04,62,68.49,1157.16
PRJ-SYN-000184,2025-03-06,63,69.82,1177.71
PRJ-SYN-000184,2025-04-05,64,71.15,1198.29
PRJ-SYN-000184,2025-05-05,65,72.49,1218.9
PRJ-SYN-000184,2025-06-04,66,73.83,1239.54
PRJ-SYN-000184,2025-07-04,67,75.17,1260.22
PRJ-SYN-000184,2025-08-03,68,76.52,1280.92
PRJ-SYN-000184,2025-09-02,69,77.88,1301.66
PRJ-SYN-000184,2025-10-02,70,79.23,1322.42
PRJ-SYN-000184,2025-11-01,71,80.59,1343.22
PRJ-SYN-000184,2025-12-01,72,81.96,1364.04
PRJ-SYN-000184,2025-12-31,73,83.32,1384.9
PRJ-SYN-000184,2026-01-30,74,84.7,1405.78
PRJ-SYN-000184,2026-03-01,75,86.07,1426.69
PRJ-SYN-000185,2024-10-07,23,49.97,450.04
PRJ-SYN-000185,2024-11-06,24,52.59,471.61
PRJ-SYN-000185,2024-12-06,25,55.23,493.27
PRJ-SYN-000185,2025-01-05,26,57.89,515.02
PRJ-SYN-000185,2025-02-04,27,60.58,536.85
PRJ-SYN-000185,2025-03-06,28,63.28,558.76
PRJ-SYN-000185,2025-04-05,29,66.0,580.75
PRJ-SYN-000185,2025-05-05,30,68.74,602.82
PRJ-SYN-000185,2025-06-04,31,71.5,624.96
PRJ-SYN-000185,2025-07-04,32,74.27,647.17
PRJ-SYN-000185,2025-08-03,33,77.07,669.45
PRJ-SYN-000185,2025-09-02,34,79.88,691.8
PRJ-SYN-000185,2025-10-02,35,82.71,714.21
PRJ-SYN-000185,2025-11-01,36,85.55,736.69
PRJ-SYN-000185,2025-12-01,37,88.41,759.23
PRJ-SYN-000185,2025-12-31,38,91.29,781.83
PRJ-SYN-000185,2026-01-30,39,94.18,804.49
PRJ-SYN-000185,2026-03-01,40,97.08,827.21
PRJ-SYN-000186,2024-10-07,16,30.36,6267.43
PRJ-SYN-000186,2024-11-06,17,32.65,6699.64
PRJ-SYN-000186,2024-12-06,18,34.96,7134.4
PRJ-SYN-000186,2025-01-05,19,37.31,7571.58
PRJ-SYN-000186,2025-02-04,20,39.68,8011.07
PRJ-SYN-000186,2025-03-06,21,42.07,8452.77
PRJ-SYN-000186,2025-04-05,22,44.48,8896.57
PRJ-SYN-000186,2025-05-05,23,46.92,9342.39
PRJ-SYN-000186,2025-06-04,24,49.38,9790.16
PRJ-SYN-000186,2025-07-04,25,51.86,10239.8
PRJ-SYN-000186,2025-08-03,26,54.36,10691.24
PRJ-SYN-000186,2025-09-02,27,56.88,11144.43
PRJ-SYN-000186,2025-10-02,28,59.41,11599.29
PRJ-SYN-000186,2025-11-01,29,61.97,12055.78
PRJ-SYN-000186,2025-12-01,30,64.54,12513.85
PRJ-SYN-000186,2025-12-31,31,67.13,12973.45
PRJ-SYN-000186,2026-01-30,32,69.74,13434.53
PRJ-SYN-000186,2026-03-01,33,72.36,13897.06
PRJ-SYN-000187,2024-10-07,35,60.78,1049.31
PRJ-SYN-000187,2024-11-06,36,62.87,1082.34
PRJ-SYN-000187,2024-12-06,37,64.97,1115.46
PRJ-SYN-000187,2025-01-05,38,67.08,1148.66
PRJ-SYN-000187,2025-02-04,39,69.21,1181.96
PRJ-SYN-000187,2025-03-06,40,71.34,1215.34
PRJ-SYN-000187,2025-04-05,41,73.49,1248.8
PRJ-SYN-000187,2025-05-05,42,75.64,1282.34
PRJ-SYN-000187,2025-06-04,43,77.81,1315.97
PRJ-SYN-000187,2025-07-04,44,79.99,1349.67
PRJ-SYN-000187,2025-08-03,45,82.17,1383.45
PRJ-SYN-000187,2025-09-02,46,84.37,1417.31
PRJ-SYN-000187,2025-10-02,47,86.57,1451.24
PRJ-SYN-000187,2025-11-01,48,88.79,1485.24
PRJ-SYN-000187,2025-12-01,49,91.01,1519.31
PRJ-SYN-000187,2025-12-31,50,93.25,1553.45
PRJ-SYN-000187,2026-01-30,51,95.49,1587.66
PRJ-SYN-000187,2026-03-01,52,97.74,1621.94
PRJ-SYN-000188,2024-10-07,27,48.76,1593.24
PRJ-SYN-000188,2024-11-06,28,50.93,1658.27
PRJ-SYN-000188,2024-12-06,29,53.12,1723.53
PRJ-SYN-000188,2025-01-05,30,55.33,1789.02
PRJ-SYN-000188,2025-02-04,31,57.55,1854.72
PRJ-SYN-000188,2025-03-06,32,59.78,1920.64
PRJ-SYN-000188,2025-04-05,33,62.03,1986.77
PRJ-SYN-000188,2025-05-05,34,64.29,2053.09
PRJ-SYN-000188,2025-06-04,35,66.57,2119.61
PRJ-SYN-000188,2025-07-04,36,68.86,2186.32
PRJ-SYN-000188,2025-08-03,37,71.16,2253.22
PRJ-SYN-000188,2025-09-02,38,73.47,2320.29
PRJ-SYN-000188,2025-10-02,39,75.8,2387.55
PRJ-SYN-000188,2025-11-01,40,78.14,2454.98
PRJ-SYN-000188,2025-12-01,41,80.49,2522.57
PRJ-SYN-000188,2025-12-31,42,82.85,2590.33
PRJ-SYN-000188,2026-01-30,43,85.22,2658.25
PRJ-SYN-000188,2026-03-01,44,87.61,2726.33
PRJ-SYN-000189,2024-10-07,53,62.03,4127.32
PRJ-SYN-000189,2024-11-06,54,63.44,4213.06
PRJ-SYN-000189,2024-12-06,55,64.85,4298.96
PRJ-SYN-000189,2025-01-05,56,66.27,4385.02
PRJ-SYN-000189,2025-02-04,57,67.69,4471.23
PRJ-SYN-000189,2025-03-06,58,69.12,4557.59
PRJ-SYN-000189,2025-04-05,59,70.55,4644.1
PRJ-SYN-000189,2025-05-05,60,71.99,4730.76
PRJ-SYN-000189,2025-06-04,61,73.43,4817.56
PRJ-SYN-000189,2025-07-04,62,74.87,4904.51
PRJ-SYN-000189,2025-08-03,63,76.33,4991.59
PRJ-SYN-000189,2025-09-02,64,77.78,5078.82
PRJ-SYN-000189,2025-10-02,65,79.24,5166.18
PRJ-SYN-000189,2025-11-01,66,80.71,5253.67
PRJ-SYN-000189,2025-12-01,67,82.18,5341.3
PRJ-SYN-000189,2025-12-31,68,83.65,5429.06
PRJ-SYN-000189,2026-01-30,69,85.13,5516.94
PRJ-SYN-000189,2026-03-01,70,86.61,5604.96
PRJ-SYN-000190,2024-10-07,55,69.73,1289.51
PRJ-SYN-000190,2024-11-06,56,71.25,1315.32
PRJ-SYN-000190,2024-12-06,57,72.78,1341.18
PRJ-SYN-000190,2025-01-05,58,74.32,1367.09
PRJ-SYN-000190,2025-02-04,59,75.86,1393.04
PRJ-SYN-000190,2025-03-06,60,77.4,1419.03
PRJ-SYN-000190,2025-04-05,61,78.95,1445.07
PRJ-SYN-000190,2025-05-05,62,80.51,1471.15
PRJ-SYN-000190,2025-06-04,63,82.07,1497.27
PRJ-SYN-000190,2025-07-04,64,83.64,1523.43
PRJ-SYN-000190,2025-08-03,65,85.21,1549.64
PRJ-SYN-000190,2025-09-02,66,86.78,1575.88
PRJ-SYN-000190,2025-10-02,67,88.36,1602.17
PRJ-SYN-000190,2025-11-01,68,89.95,1628.49
PRJ-SYN-000190,2025-12-01,69,91.54,1654.85
PRJ-SYN-000190,2025-12-31,70,93.13,1681.25
PRJ-SYN-000190,2026-01-30,71,94.73,1707.69
PRJ-SYN-000190,2026-03-01,72,96.33,1734.17
PRJ-SYN-000191,2024-10-07,67,64.74,2017.7
PRJ-SYN-000191,2024-11-06,68,65.9,2050.85
PRJ-SYN-000191,2024-12-06,69,67.07,2084.05
PRJ-SYN-000191,2025-01-05,70,68.24,2117.3
PRJ-SYN-000191,2025-02-04,71,69.41,2150.59
PRJ-SYN-000191,2025-03-06,72,70.58,2183.94
PRJ-SYN-000191,2025-04-05,73,71.76,2217.32
PRJ-SYN-000191,2025-05-05,74,72.94,2250.76
PRJ-SYN-000191,2025-06-04,75,74.13,2284.24
PRJ-SYN-000191,2025-07-04,76,75.31,2317.76
PRJ-SYN-000191,2025-08-03,77,76.51,2351.33
PRJ-SYN-000191,2025-09-02,78,77.7,2384.94
PRJ-SYN-000191,2025-10-02,79,78.9,2418.6
PRJ-SYN-000191,2025-11-01,80,80.1,2452.3
PRJ-SYN-000191,2025-12-01,81,81.3,2486.04
PRJ-SYN-000191,2025-12-31,82,82.5,2519.82
PRJ-SYN-000191,2026-01-30,83,83.71,2553.64
PRJ-SYN-000191,2026-03-01,84,84.93,2587.51
PRJ-SYN-000192,2024-10-07,76,77.49,469.67
PRJ-SYN-000192,2024-11-06,77,78.71,476.47
PRJ-SYN-000192,2024-12-06,78,79.94,483.29
PRJ-SYN-000192,2025-01-05,79,81.17,490.11
PRJ-SYN-000192,2025-02-04,80,82.41,496.93
PRJ-SYN-000192,2025-03-06,81,83.64,503.77
PRJ-SYN-000192,2025-04-05,82,84.88,510.62
PRJ-SYN-000192,2025-05-05,83,86.13,517.47
PRJ-SYN-000192,2025-06-04,84,87.37,524.33
PRJ-SYN-000192,2025-07-04,85,88.62,531.2
PRJ-SYN-000192,2025-08-03,86,89.88,538.08
PRJ-SYN-000192,2025-09-02,87,91.13,544.97
PRJ-SYN-000192,2025-10-02,88,92.39,551.86
PRJ-SYN-000192,2025-11-01,89,93.65,558.76
PRJ-SYN-000192,2025-12-01,90,94.92,565.67
PRJ-SYN-000192,2025-12-31,91,96.18,572.59
PRJ-SYN-000192,2026-01-30,92,97.45,579.52
PRJ-SYN-000192,2026-03-01,93,98.72,586.45
PRJ-SYN-000193,2024-10-07,80,78.39,647.57
PRJ-SYN-000193,2024-11-06,81,79.56,656.48
PRJ-SYN-000193,2024-12-06,82,80.74,665.4
PRJ-SYN-000193,2025-01-05,83,81.93,674.33
PRJ-SYN-000193,2025-02-04,84,83.11,683.28
PRJ-SYN-000193,2025-03-06,85,84.3,692.23
PRJ-SYN-000193,2025-04-05,86,85.49,701.19
PRJ-SYN-000193,2025-05-05,87,86.69,710.17
PRJ-SYN-000193,2025-06-04,88,87.88,719.15
PRJ-SYN-000193,2025-07-04,89,89.08,728.15
PRJ-SYN-000193,2025-08-03,90,90.29,737.15
PRJ-SYN-000193,2025-09-02,91,91.49,746.17
PRJ-SYN-000193,2025-10-02,92,92.7,755.19
PRJ-SYN-000193,2025-11-01,93,93.91,764.22
PRJ-SYN-000193,2025-12-01,94,95.12,773.27
PRJ-SYN-000193,2025-12-31,95,96.34,782.32
PRJ-SYN-000193,2026-01-30,96,97.56,791.39
PRJ-SYN-000193,2026-03-01,97,98.78,800.46
PRJ-SYN-000194,2024-10-07,79,78.17,2545.75
PRJ-SYN-000194,2024-11-06,80,79.36,2581.22
PRJ-SYN-000194,2024-12-06,81,80.55,2616.73
PRJ-SYN-000194,2025-01-05,82,81.74,2652.29
PRJ-SYN-000194,2025-02-04,83,82.94,2687.89
PRJ-SYN-000194,2025-03-06,84,84.14,2723.54
PRJ-SYN-000194,2025-04-05,85,85.34,2759.22
PRJ-SYN-000194,2025-05-05,86,86.55,2794.95
PRJ-SYN-000194,2025-06-04,87,87.76,2830.72
PRJ-SYN-000194,2025-07-04,88,88.97,2866.53
PRJ-SYN-000194,2025-08-03,89,90.19,2902.39
PRJ-SYN-000194,2025-09-02,90,91.4,2938.28
PRJ-SYN-000194,2025-10-02,91,92.62,2974.21
PRJ-SYN-000194,2025-11-01,92,93.85,3010.18
PRJ-SYN-000194,2025-12-01,93,95.07,3046.19
PRJ-SYN-000194,2025-12-31,94,96.3,3082.24
PRJ-SYN-000194,2026-01-30,95,97.53,3118.33
PRJ-SYN-000194,2026-03-01,96,98.76,3154.46
PRJ-SYN-000195,2024-10-07,15,20.86,223.66
PRJ-SYN-000195,2024-11-06,16,22.54,240.12
PRJ-SYN-000195,2024-12-06,17,24.24,256.67
PRJ-SYN-000195,2025-01-05,18,25.96,273.33
PRJ-SYN-000195,2025-02-04,19,27.7,290.08
PRJ-SYN-000195,2025-03-06,20,29.45,306.92
PRJ-SYN-000195,2025-04-05,21,31.23,323.84
PRJ-SYN-000195,2025-05-05,22,33.02,340.84
PRJ-SYN-000195,2025-06-04,23,34.83,357.92
PRJ-SYN-000195,2025-07-04,24,36.66,375.08
PRJ-SYN-000195,2025-08-03,25,38.5,392.3
PRJ-SYN-000195,2025-09-02,26,40.35,409.6
PRJ-SYN-000195,2025-10-02,27,42.22,426.96
PRJ-SYN-000195,2025-11-01,28,44.11,444.39
PRJ-SYN-000195,2025-12-01,29,46.0,461.88
PRJ-SYN-000195,2025-12-31,30,47.91,479.43
PRJ-SYN-000195,2026-01-30,31,49.84,497.03
PRJ-SYN-000195,2026-03-01,32,51.77,514.7
PRJ-SYN-000196,2024-10-07,57,71.94,449.89
PRJ-SYN-000196,2024-11-06,58,73.46,458.58
PRJ-SYN-000196,2024-12-06,59,74.98,467.28
PRJ-SYN-000196,2025-01-05,60,76.51,476.0
PRJ-SYN-000196,2025-02-04,61,78.04,484.74
PRJ-SYN-000196,2025-03-06,62,79.58,493.49
PRJ-SYN-000196,2025-04-05,63,81.12,502.25
PRJ-SYN-000196,2025-05-05,64,82.67,511.02
PRJ-SYN-000196,2025-06-04,65,84.22,519.81
PRJ-SYN-000196,2025-07-04,66,85.78,528.62
PRJ-SYN-000196,2025-08-03,67,87.34,537.43
PRJ-SYN-000196,2025-09-02,68,88.91,546.26
PRJ-SYN-000196,2025-10-02,69,90.48,555.11
PRJ-SYN-000196,2025-11-01,70,92.05,563.96
PRJ-SYN-000196,2025-12-01,71,93.63,572.83
PRJ-SYN-000196,2025-12-31,72,95.22,581.71
PRJ-SYN-000196,2026-01-30,73,96.81,590.61
PRJ-SYN-000196,2026-03-01,74,98.4,599.51
PRJ-SYN-000197,2024-10-07,42,55.97,323.49
PRJ-SYN-000197,2024-11-06,43,57.57,331.97
PRJ-SYN-000197,2024-12-06,44,59.18,340.48
PRJ-SYN-000197,2025-01-05,45,60.8,349.0
PRJ-SYN-000197,2025-02-04,46,62.43,357.54
PRJ-SYN-000197,2025-03-06,47,64.06,366.1
PRJ-SYN-000197,2025-04-05,48,65.7,374.67
PRJ-SYN-000197,2025-05-05,49,67.34,383.27
PRJ-SYN-000197,2025-06-04,50,69.0,391.88
PRJ-SYN-000197,2025-07-04,51,70.66,400.51
PRJ-SYN-000197,2025-08-03,52,72.32,409.16
PRJ-SYN-000197,2025-09-02,53,73.99,417.82
PRJ-SYN-000197,2025-10-02,54,75.67,426.5
PRJ-SYN-000197,2025-11-01,55,77.36,435.2
PRJ-SYN-000197,2025-12-01,56,79.05,443.91
PRJ-SYN-000197,2025-12-31,57,80.74,452.64
PRJ-SYN-000197,2026-01-30,58,82.45,461.38
PRJ-SYN-000197,2026-03-01,59,84.16,470.14
PRJ-SYN-000198,2024-10-07,13,31.61,155.92
PRJ-SYN-000198,2024-11-06,14,34.56,169.16
PRJ-SYN-000198,2024-12-06,15,37.54,182.5
PRJ-SYN-000198,2025-01-05,16,40.56,195.92
PRJ-SYN-000198,2025-02-04,17,43.62,209.44
PRJ-SYN-000198,2025-03-06,18,46.72,223.03
PRJ-SYN-000198,2025-04-05,19,49.85,236.69
PRJ-SYN-000198,2025-05-05,20,53.01,250.43
PRJ-SYN-000198,2025-06-04,21,56.21,264.24
PRJ-SYN-000198,2025-07-04,22,59.44,278.11
PRJ-SYN-000198,2025-08-03,23,62.69,292.05
PRJ-SYN-000198,2025-09-02,24,65.98,306.05
PRJ-SYN-000198,2025-10-02,25,69.29,320.1
PRJ-SYN-000198,2025-11-01,26,72.63,334.22
PRJ-SYN-000198,2025-12-01,27,76.0,348.38
PRJ-SYN-000198,2025-12-31,28,79.39,362.6
PRJ-SYN-000198,2026-01-30,29,82.8,376.87
PRJ-SYN-000198,2026-03-01,30,86.24,391.19
PRJ-SYN-000199,2024-10-07,65,67.1,444.97
PRJ-SYN-000199,2024-11-06,66,68.34,452.5
PRJ-SYN-000199,2024-12-06,67,69.59,460.05
PRJ-SYN-000199,2025-01-05,68,70.84,467.61
PRJ-SYN-000199,2025-02-04,69,72.09,475.18
PRJ-SYN-000199,2025-03-06,70,73.34,482.76
PRJ-SYN-000199,2025-04-05,71,74.6,490.35
PRJ-SYN-000199,2025-05-05,72,75.87,497.95
PRJ-SYN-000199,2025-06-04,73,77.13,505.57
PRJ-SYN-000199,2025-07-04,74,78.4,513.19
PRJ-SYN-000199,2025-08-03,75,79.68,520.82
PRJ-SYN-000199,2025-09-02,76,80.95,528.47
PRJ-SYN-000199,2025-10-02,77,82.23,536.12
PRJ-SYN-000199,2025-11-01,78,83.52,543.79
PRJ-SYN-000199,2025-12-01,79,84.8,551.46
PRJ-SYN-000199,2025-12-31,80,86.09,559.14
PRJ-SYN-000199,2026-01-30,81,87.38,566.84
PRJ-SYN-000199,2026-03-01,82,88.68,574.54
PRJ-SYN-000200,2024-10-07,75,77.25,5772.15
PRJ-SYN-000200,2024-11-06,76,78.49,5856.87
PRJ-SYN-000200,2024-12-06,77,79.73,5941.69
PRJ-SYN-000200,2025-01-05,78,80.97,6026.63
PRJ-SYN-000200,2025-02-04,79,82.22,6111.67
PRJ-SYN-000200,2025-03-06,80,83.47,6196.83
PRJ-SYN-000200,2025-04-05,81,84.72,6282.08
PRJ-SYN-000200,2025-05-05,82,85.98,6367.45
PRJ-SYN-000200,2025-06-04,83,87.24,6452.92
PRJ-SYN-000200,2025-07-04,84,88.5,6538.49
PRJ-SYN-000200,2025-08-03,85,89.77,6624.16
PRJ-SYN-000200,2025-09-02,86,91.04,6709.94
PRJ-SYN-000200,2025-10-02,87,92.31,6795.81
PRJ-SYN-000200,2025-11-01,88,93.58,6881.79
PRJ-SYN-000200,2025-12-01,89,94.86,6967.86
PRJ-SYN-000200,2025-12-31,90,96.14,7054.03
PRJ-SYN-000200,2026-01-30,91,97.42,7140.29
PRJ-SYN-000200,2026-03-01,92,98.71,7226.65
PRJ-SYN-000201,2024-10-07,16,33.86,1027.15
PRJ-SYN-000201,2024-11-06,17,36.42,1097.98
PRJ-SYN-000201,2024-12-06,18,39.01,1169.24
PRJ-SYN-000201,2025-01-05,19,41.62,1240.88
PRJ-SYN-000201,2025-02-04,20,44.26,1312.91
PRJ-SYN-000201,2025-03-06,21,46.93,1385.3
PRJ-SYN-000201,2025-04-05,22,49.63,1458.03
PRJ-SYN-000201,2025-05-05,23,52.34,1531.1
PRJ-SYN-000201,2025-06-04,24,55.09,1604.48
PRJ-SYN-000201,2025-07-04,25,57.85,1678.17
PRJ-SYN-000201,2025-08-03,26,60.64,1752.16
PRJ-SYN-000201,2025-09-02,27,63.45,1826.43
PRJ-SYN-000201,2025-10-02,28,66.28,1900.97
PRJ-SYN-000201,2025-11-01,29,69.13,1975.79
PRJ-SYN-000201,2025-12-01,30,72.0,2050.86
PRJ-SYN-000201,2025-12-31,31,74.89,2126.18
PRJ-SYN-000201,2026-01-30,32,77.8,2201.75
PRJ-SYN-000201,2026-03-01,33,80.73,2277.55
PRJ-SYN-000202,2024-10-07,74,77.01,1545.8
PRJ-SYN-000202,2024-11-06,75,78.26,1568.8
PRJ-SYN-000202,2024-12-06,76,79.51,1591.82
PRJ-SYN-000202,2025-01-05,77,80.77,1614.88
PRJ-SYN-000202,2025-02-04,78,82.03,1637.96
PRJ-SYN-000202,2025-03-06,79,83.29,1661.07
PRJ-SYN-000202,2025-04-05,80,84.56,1684.22
PRJ-SYN-000202,2025-05-05,81,85.83,1707.39
PRJ-SYN-000202,2025-06-04,82,87.1,1730.59
PRJ-SYN-000202,2025-07-04,83,88.38,1753.82
PRJ-SYN-000202,2025-08-03,84,89.66,1777.08
PRJ-SYN-000202,2025-09-02,85,90.94,1800.36
PRJ-SYN-000202,2025-10-02,86,92.23,1823.68
PRJ-SYN-000202,2025-11-01,87,93.51,1847.01
PRJ-SYN-000202,2025-12-01,88,94.81,1870.38
PRJ-SYN-000202,2025-12-31,89,96.1,1893.77
PRJ-SYN-000202,2026-01-30,90,97.4,1917.19
PRJ-SYN-000202,2026-03-01,91,98.7,1940.64
PRJ-SYN-000203,2024-10-07,65,74.58,479.01
PRJ-SYN-000203,2024-11-06,66,75.96,487.12
PRJ-SYN-000203,2024-12-06,67,77.34,495.24
PRJ-SYN-000203,2025-01-05,68,78.73,503.38
PRJ-SYN-000203,2025-02-04,69,80.12,511.53
PRJ-SYN-000203,2025-03-06,70,81.51,519.69
PRJ-SYN-000203,2025-04-05,71,82.91,527.86
PRJ-SYN-000203,2025-05-05,72,84.32,536.05
PRJ-SYN-000203,2025-06-04,73,85.72,544.24
PRJ-SYN-000203,2025-07-04,74,87.13,552.45
PRJ-SYN-000203,2025-08-03,75,88.55,560.67
PRJ-SYN-000203,2025-09-02,76,89.97,568.89
PRJ-SYN-000203,2025-10-02,77,91.39,577.13
PRJ-SYN-000203,2025-11-01,78,92.82,585.38
PRJ-SYN-000203,2025-12-01,79,94.25,593.64
PRJ-SYN-000203,2025-12-31,80,95.68,601.91
PRJ-SYN-000203,2026-01-30,81,97.12,610.2
PRJ-SYN-000203,2026-03-01,82,98.56,618.49
PRJ-SYN-000204,2024-10-07,58,72.3,2088.06
PRJ-SYN-000204,2024-11-06,59,73.8,2127.69
PRJ-SYN-000204,2024-12-06,60,75.3,2167.4
PRJ-SYN-000204,2025-01-05,61,76.81,2207.17
PRJ-SYN-000204,2025-02-04,62,78.32,2247.0
PRJ-SYN-000204,2025-03-06,63,79.84,2286.9
PRJ-SYN-000204,2025-04-05,64,81.37,2326.86
PRJ-SYN-000204,2025-05-05,65,82.89,2366.88
PRJ-SYN-000204,2025-06-04,66,84.43,2406.97
PRJ-SYN-000204,2025-07-04,67,85.96,2447.11
PRJ-SYN-000204,2025-08-03,68,87.51,2487.32
PRJ-SYN-000204,2025-09-02,69,89.05,2527.59
PRJ-SYN-000204,2025-10-02,70,90.6,2567.91
PRJ-SYN-000204,2025-11-01,71,92.16,2608.29
PRJ-SYN-000204,2025-12-01,72,93.72,2648.73
PRJ-SYN-000204,2025-12-31,73,95.28,2689.23
PRJ-SYN-000204,2026-01-30,74,96.85,2729.78
PRJ-SYN-000204,2026-03-01,75,98.42,2770.38
PRJ-SYN-000205,2024-10-07,56,71.57,3154.53
PRJ-SYN-000205,2024-11-06,57,73.11,3216.55
PRJ-SYN-000205,2024-12-06,58,74.65,3278.68
PRJ-SYN-000205,2025-01-05,59,76.2,3340.91
PRJ-SYN-000205,2025-02-04,60,77.75,3403.25
PRJ-SYN-000205,2025-03-06,61,79.31,3465.7
PRJ-SYN-000205,2025-04-05,62,80.87,3528.24
PRJ-SYN-000205,2025-05-05,63,82.44,3590.89
PRJ-SYN-000205,2025-06-04,64,84.01,3653.64
PRJ-SYN-000205,2025-07-04,65,85.59,3716.48
PRJ-SYN-000205,2025-08-03,66,87.17,3779.43
PRJ-SYN-000205,2025-09-02,67,88.76,3842.47
PRJ-SYN-000205,2025-10-02,68,90.35,3905.6
PRJ-SYN-000205,2025-11-01,69,91.95,3968.82
PRJ-SYN-000205,2025-12-01,70,93.55,4032.14
PRJ-SYN-000205,2025-12-31,71,95.16,4095.55
PRJ-SYN-000205,2026-01-30,72,96.77,4159.04
PRJ-SYN-000205,2026-03-01,73,98.38,4222.63
PRJ-SYN-000206,2024-10-07,46,67.28,3527.31
PRJ-SYN-000206,2024-11-06,47,69.04,3611.75
PRJ-SYN-000206,2024-12-06,48,70.81,3696.37
PRJ-SYN-000206,2025-01-05,49,72.58,3781.17
PRJ-SYN-000206,2025-02-04,50,74.36,3866.14
PRJ-SYN-000206,2025-03-06,51,76.15,3951.28
PRJ-SYN-000206,2025-04-05,52,77.94,4036.58
PRJ-SYN-000206,2025-05-05,53,79.75,4122.06
PRJ-SYN-000206,2025-06-04,54,81.56,4207.69
PRJ-SYN-000206,2025-07-04,55,83.37,4293.48
PRJ-SYN-000206,2025-08-03,56,85.19,4379.43
PRJ-SYN-000206,2025-09-02,57,87.02,4465.53
PRJ-SYN-000206,2025-10-02,58,88.86,4551.78
PRJ-SYN-000206,2025-11-01,59,90.7,4638.18
PRJ-SYN-000206,2025-12-01,60,92.55,4724.73
PRJ-SYN-000206,2025-12-31,61,94.4,4811.42
PRJ-SYN-000206,2026-01-30,62,96.26,4898.25
PRJ-SYN-000206,2026-03-01,63,98.13,4985.23
PRJ-SYN-000207,2024-10-07,58,72.3,1570.21
PRJ-SYN-000207,2024-11-06,59,73.8,1600.02
PRJ-SYN-000207,2024-12-06,60,75.3,1629.87
PRJ-SYN-000207,2025-01-05,61,76.81,1659.78
PRJ-SYN-000207,2025-02-04,62,78.32,1689.73
PRJ-SYN-000207,2025-03-06,63,79.84,1719.74
PRJ-SYN-000207,2025-04-05,64,81.37,1749.79
PRJ-SYN-000207,2025-05-05,65,82.89,1779.89
PRJ-SYN-000207,2025-06-04,66,84.43,1810.03
PRJ-SYN-000207,2025-07-04,67,85.96,1840.22
PRJ-SYN-000207,2025-08-03,68,87.51,1870.45
PRJ-SYN-000207,2025-09-02,69,89.05,1900.73
PRJ-SYN-000207,2025-10-02,70,90.6,1931.06
PRJ-SYN-000207,2025-11-01,71,92.16,1961.42
PRJ-SYN-000207,2025-12-01,72,93.72,1991.83
PRJ-SYN-000207,2025-12-31,73,95.28,2022.29
PRJ-SYN-000207,2026-01-30,74,96.85,2052.78
PRJ-SYN-000207,2026-03-01,75,98.42,2083.31
PRJ-SYN-000208,2024-10-07,70,75.99,1704.49
PRJ-SYN-000208,2024-11-06,71,77.29,1731.29
PRJ-SYN-000208,2024-12-06,72,78.6,1758.14
PRJ-SYN-000208,2025-01-05,73,79.91,1785.02
PRJ-SYN-000208,2025-02-04,74,81.23,1811.93
PRJ-SYN-000208,2025-03-06,75,82.55,1838.88
PRJ-SYN-000208,2025-04-05,76,83.87,1865.87
PRJ-SYN-000208,2025-05-05,77,85.19,1892.9
PRJ-SYN-000208,2025-06-04,78,86.52,1919.95
PRJ-SYN-000208,2025-07-04,79,87.86,1947.05
PRJ-SYN-000208,2025-08-03,80,89.19,1974.18
PRJ-SYN-000208,2025-09-02,81,90.53,2001.34
PRJ-SYN-000208,2025-10-02,82,91.88,2028.53
PRJ-SYN-000208,2025-11-01,83,93.22,2055.76
PRJ-SYN-000208,2025-12-01,84,94.57,2083.02
PRJ-SYN-000208,2025-12-31,85,95.92,2110.32
PRJ-SYN-000208,2026-01-30,86,97.28,2137.64
PRJ-SYN-000208,2026-03-01,87,98.64,2165.0
PRJ-SYN-000209,2024-10-07,40,58.93,680.42
PRJ-SYN-000209,2024-11-06,41,60.7,699.16
PRJ-SYN-000209,2024-12-06,42,62.48,717.94
PRJ-SYN-000209,2025-01-05,43,64.27,736.76
PRJ-SYN-000209,2025-02-04,44,66.07,755.63
PRJ-SYN-000209,2025-03-06,45,67.88,774.54
PRJ-SYN-000209,2025-04-05,46,69.69,793.5
PRJ-SYN-000209,2025-05-05,47,71.51,812.49
PRJ-SYN-000209,2025-06-04,48,73.34,831.53
PRJ-SYN-000209,2025-07-04,49,75.18,850.6
PRJ-SYN-000209,2025-08-03,50,77.02,869.72
PRJ-SYN-000209,2025-09-02,51,78.88,888.87
PRJ-SYN-000209,2025-10-02,52,80.74,908.06
PRJ-SYN-000209,2025-11-01,53,82.6,927.29
PRJ-SYN-000209,2025-12-01,54,84.48,946.55
PRJ-SYN-000209,2025-12-31,55,86.36,965.85
PRJ-SYN-000209,2026-01-30,56,88.24,985.19
PRJ-SYN-000209,2026-03-01,57,90.14,1004.56
PRJ-SYN-000210,2024-10-07,74,77.01,288.07
PRJ-SYN-000210,2024-11-06,75,78.26,292.36
PRJ-SYN-000210,2024-12-06,76,79.51,296.65
PRJ-SYN-000210,2025-01-05,77,80.77,300.95
PRJ-SYN-000210,2025-02-04,78,82.03,305.25
PRJ-SYN-000210,2025-03-06,79,83.29,309.56
PRJ-SYN-000210,2025-04-05,80,84.56,313.87
PRJ-SYN-000210,2025-05-05,81,85.83,318.19
PRJ-SYN-000210,2025-06-04,82,87.1,322.51
PRJ-SYN-000210,2025-07-04,83,88.38,326.84
PRJ-SYN-000210,2025-08-03,84,89.66,331.17
PRJ-SYN-000210,2025-09-02,85,90.94,335.51
PRJ-SYN-000210,2025-10-02,86,92.23,339.86
PRJ-SYN-000210,2025-11-01,87,93.51,344.21
PRJ-SYN-000210,2025-12-01,88,94.81,348.56
PRJ-SYN-000210,2025-12-31,89,96.1,352.92
PRJ-SYN-000210,2026-01-30,90,97.4,357.29
PRJ-SYN-000210,2026-03-01,91,98.7,361.66
PRJ-SYN-000211,2024-10-07,15,11.95,66.78
PRJ-SYN-000211,2024-11-06,16,12.91,71.7
PRJ-SYN-000211,2024-12-06,17,13.88,76.64
PRJ-SYN-000211,2025-01-05,18,14.87,81.62
PRJ-SYN-000211,2025-02-04,19,15.86,86.62
PRJ-SYN-000211,2025-03-06,20,16.87,91.65
PRJ-SYN-000211,2025-04-05,21,17.89,96.7
PRJ-SYN-000211,2025-05-05,22,18.92,101.78
PRJ-SYN-000211,2025-06-04,23,19.95,106.88
PRJ-SYN-000211,2025-07-04,24,21.0,112.0
PRJ-SYN-000211,2025-08-03,25,22.05,117.14
PRJ-SYN-000211,2025-09-02,26,23.11,122.31
PRJ-SYN-000211,2025-10-02,27,24.19,127.49
PRJ-SYN-000211,2025-11-01,28,25.26,132.69
PRJ-SYN-000211,2025-12-01,29,26.35,137.92
PRJ-SYN-000211,2025-12-31,30,27.44,143.16
PRJ-SYN-000211,2026-01-30,31,28.55,148.41
PRJ-SYN-000211,2026-03-01,32,29.65,153.69
PRJ-SYN-000212,2024-10-07,79,78.17,286.3
PRJ-SYN-000212,2024-11-06,80,79.36,290.29
PRJ-SYN-000212,2024-12-06,81,80.55,294.28
PRJ-SYN-000212,2025-01-05,82,81.74,298.28
PRJ-SYN-000212,2025-02-04,83,82.94,302.28
PRJ-SYN-000212,2025-03-06,84,84.14,306.29
PRJ-SYN-000212,2025-04-05,85,85.34,310.3
PRJ-SYN-000212,2025-05-05,86,86.55,314.32
PRJ-SYN-000212,2025-06-04,87,87.76,318.35
PRJ-SYN-000212,2025-07-04,88,88.97,322.37
PRJ-SYN-000212,2025-08-03,89,90.19,326.4
PRJ-SYN-000212,2025-09-02,90,91.4,330.44
PRJ-SYN-000212,2025-10-02,91,92.62,334.48
PRJ-SYN-000212,2025-11-01,92,93.85,338.53
PRJ-SYN-000212,2025-12-01,93,95.07,342.58
PRJ-SYN-000212,2025-12-31,94,96.3,346.63
PRJ-SYN-000212,2026-01-30,95,97.53,350.69
PRJ-SYN-000212,2026-03-01,96,98.76,354.75
PRJ-SYN-000213,2024-10-07,47,64.1,878.22
PRJ-SYN-000213,2024-11-06,48,65.74,898.8
PRJ-SYN-000213,2024-12-06,49,67.39,919.42
PRJ-SYN-000213,2025-01-05,50,69.04,940.08
PRJ-SYN-000213,2025-02-04,51,70.7,960.78
PRJ-SYN-000213,2025-03-06,52,72.37,981.52
PRJ-SYN-000213,2025-04-05,53,74.04,1002.31
PRJ-SYN-000213,2025-05-05,54,75.72,1023.13
PRJ-SYN-000213,2025-06-04,55,77.41,1043.99
PRJ-SYN-000213,2025-07-04,56,79.1,1064.89
PRJ-SYN-000213,2025-08-03,57,80.8,1085.82
PRJ-SYN-000213,2025-09-02,58,82.5,1106.8
PRJ-SYN-000213,2025-10-02,59,84.21,1127.81
PRJ-SYN-000213,2025-11-01,60,85.93,1148.85
PRJ-SYN-000213,2025-12-01,61,87.65,1169.93
PRJ-SYN-000213,2025-12-31,62,89.38,1191.04
PRJ-SYN-000213,2026-01-30,63,91.11,1212.19
PRJ-SYN-000213,2026-03-01,64,92.85,1233.37
PRJ-SYN-000214,2024-10-07,67,67.82,1053.93
PRJ-SYN-000214,2024-11-06,68,69.03,1071.25
PRJ-SYN-000214,2024-12-06,69,70.25,1088.59
PRJ-SYN-000214,2025-01-05,70,71.48,1105.96
PRJ-SYN-000214,2025-02-04,71,72.7,1123.35
PRJ-SYN-000214,2025-03-06,72,73.93,1140.77
PRJ-SYN-000214,2025-04-05,73,75.17,1158.21
PRJ-SYN-000214,2025-05-05,74,76.41,1175.67
PRJ-SYN-000214,2025-06-04,75,77.65,1193.16
PRJ-SYN-000214,2025-07-04,76,78.89,1210.67
PRJ-SYN-000214,2025-08-03,77,80.14,1228.21
PRJ-SYN-000214,2025-09-02,78,81.39,1245.76
PRJ-SYN-000214,2025-10-02,79,82.64,1263.34
PRJ-SYN-000214,2025-11-01,80,83.9,1280.94
PRJ-SYN-000214,2025-12-01,81,85.16,1298.57
PRJ-SYN-000214,2025-12-31,82,86.42,1316.21
PRJ-SYN-000214,2026-01-30,83,87.69,1333.88
PRJ-SYN-000214,2026-03-01,84,88.96,1351.57
PRJ-SYN-000215,2024-10-07,73,76.76,2775.73
PRJ-SYN-000215,2024-11-06,74,78.02,2817.59
PRJ-SYN-000215,2024-12-06,75,79.29,2859.5
PRJ-SYN-000215,2025-01-05,76,80.56,2901.47
PRJ-SYN-000215,2025-02-04,77,81.84,2943.49
PRJ-SYN-000215,2025-03-06,78,83.11,2985.57
PRJ-SYN-000215,2025-04-05,79,84.39,3027.7
PRJ-SYN-000215,2025-05-05,80,85.68,3069.88
PRJ-SYN-000215,2025-06-04,81,86.96,3112.12
PRJ-SYN-000215,2025-07-04,82,88.25,3154.41
PRJ-SYN-000215,2025-08-03,83,89.55,3196.75
PRJ-SYN-000215,2025-09-02,84,90.84,3239.14
PRJ-SYN-000215,2025-10-02,85,92.14,3281.58
PRJ-SYN-000215,2025-11-01,86,93.44,3324.08
PRJ-SYN-000215,2025-12-01,87,94.75,3366.62
PRJ-SYN-000215,2025-12-31,88,96.06,3409.21
PRJ-SYN-000215,2026-01-30,89,97.37,3451.85
PRJ-SYN-000215,2026-03-01,90,98.68,3494.54
PRJ-SYN-000216,2024-10-07,39,57.68,544.49
PRJ-SYN-000216,2024-11-06,40,59.46,559.87
PRJ-SYN-000216,2024-12-06,41,61.25,575.29
PRJ-SYN-000216,2025-01-05,42,63.05,590.74
PRJ-SYN-000216,2025-02-04,43,64.85,606.23
PRJ-SYN-000216,2025-03-06,44,66.66,621.76
PRJ-SYN-000216,2025-04-05,45,68.49,637.32
PRJ-SYN-000216,2025-05-05,46,70.32,652.91
PRJ-SYN-000216,2025-06-04,47,72.16,668.54
PRJ-SYN-000216,2025-07-04,48,74.0,684.21
PRJ-SYN-000216,2025-08-03,49,75.86,699.9
PRJ-SYN-000216,2025-09-02,50,77.72,715.63
PRJ-SYN-000216,2025-10-02,51,79.59,731.39
PRJ-SYN-000216,2025-11-01,52,81.46,747.18
PRJ-SYN-000216,2025-12-01,53,83.35,763.0
PRJ-SYN-000216,2025-12-31,54,85.24,778.85
PRJ-SYN-000216,2026-01-30,55,87.13,794.73
PRJ-SYN-000216,2026-03-01,56,89.04,810.64
PRJ-SYN-000217,2024-10-07,58,72.3,383.84
PRJ-SYN-000217,2024-11-06,59,73.8,391.12
PRJ-SYN-000217,2024-12-06,60,75.3,398.42
PRJ-SYN-000217,2025-01-05,61,76.81,405.73
PRJ-SYN-000217,2025-02-04,62,78.32,413.06
PRJ-SYN-000217,2025-03-06,63,79.84,420.39
PRJ-SYN-000217,2025-04-05,64,81.37,427.74
PRJ-SYN-000217,2025-05-05,65,82.89,435.09
PRJ-SYN-000217,2025-06-04,66,84.43,442.46
PRJ-SYN-000217,2025-07-04,67,85.96,449.84
PRJ-SYN-000217,2025-08-03,68,87.51,457.23
PRJ-SYN-000217,2025-09-02,69,89.05,464.63
PRJ-SYN-000217,2025-10-02,70,90.6,472.05
PRJ-SYN-000217,2025-11-01,71,92.16,479.47
PRJ-SYN-000217,2025-12-01,72,93.72,486.9
PRJ-SYN-000217,2025-12-31,73,95.28,494.35
PRJ-SYN-000217,2026-01-30,74,96.85,501.8
PRJ-SYN-000217,2026-03-01,75,98.42,509.27
PRJ-SYN-000218,2024-10-07,81,78.6,405.15
PRJ-SYN-000218,2024-11-06,82,79.77,410.65
PRJ-SYN-000218,2024-12-06,83,80.93,416.17
PRJ-SYN-000218,2025-01-05,84,82.11,421.69
PRJ-SYN-000218,2025-02-04,85,83.28,427.21
PRJ-SYN-000218,2025-03-06,86,84.46,432.74
PRJ-SYN-000218,2025-04-05,87,85.64,438.28
PRJ-SYN-000218,2025-05-05,88,86.82,443.83
PRJ-SYN-000218,2025-06-04,89,88.0,449.38
PRJ-SYN-000218,2025-07-04,90,89.19,454.93
PRJ-SYN-000218,2025-08-03,91,90.38,460.5
PRJ-SYN-000218,2025-09-02,92,91.58,466.07
PRJ-SYN-000218,2025-10-02,93,92.77,471.64
PRJ-SYN-000218,2025-11-01,94,93.97,477.22
PRJ-SYN-000218,2025-12-01,95,95.17,482.81
PRJ-SYN-000218,2025-12-31,96,96.37,488.41
PRJ-SYN-000218,2026-01-30,97,97.58,494.0
PRJ-SYN-000218,2026-03-01,98,98.79,499.61
PRJ-SYN-000219,2024-10-07,47,60.04,733.81
PRJ-SYN-000219,2024-11-06,48,61.58,751.0
PRJ-SYN-000219,2024-12-06,49,63.12,768.23
PRJ-SYN-000219,2025-01-05,50,64.67,785.5
PRJ-SYN-000219,2025-02-04,51,66.22,802.79
PRJ-SYN-000219,2025-03-06,52,67.79,820.13
PRJ-SYN-000219,2025-04-05,53,69.35,837.49
PRJ-SYN-000219,2025-05-05,54,70.93,854.89
PRJ-SYN-000219,2025-06-04,55,72.51,872.32
PRJ-SYN-000219,2025-07-04,56,74.09,889.78
PRJ-SYN-000219,2025-08-03,57,75.68,907.28
PRJ-SYN-000219,2025-09-02,58,77.28,924.8
PRJ-SYN-000219,2025-10-02,59,78.88,942.35
PRJ-SYN-000219,2025-11-01,60,80.49,959.94
PRJ-SYN-000219,2025-12-01,61,82.1,977.55
PRJ-SYN-000219,2025-12-31,62,83.72,995.19
PRJ-SYN-000219,2026-01-30,63,85.34,1012.86
PRJ-SYN-000219,2026-03-01,64,86.97,1030.56
PRJ-SYN-000220,2024-10-07,57,71.94,250.72
PRJ-SYN-000220,2024-11-06,58,73.46,255.56
PRJ-SYN-000220,2024-12-06,59,74.98,260.41
PRJ-SYN-000220,2025-01-05,60,76.51,265.27
PRJ-SYN-000220,2025-02-04,61,78.04,270.14
PRJ-SYN-000220,2025-03-06,62,79.58,275.01
PRJ-SYN-000220,2025-04-05,63,81.12,279.9
PRJ-SYN-000220,2025-05-05,64,82.67,284.79
PRJ-SYN-000220,2025-06-04,65,84.22,289.69
PRJ-SYN-000220,2025-07-04,66,85.78,294.59
PRJ-SYN-000220,2025-08-03,67,87.34,299.51
PRJ-SYN-000220,2025-09-02,68,88.91,304.43
PRJ-SYN-000220,2025-10-02,69,90.48,309.35
PRJ-SYN-000220,2025-11-01,70,92.05,314.29
PRJ-SYN-000220,2025-12-01,71,93.63,319.23
PRJ-SYN-000220,2025-12-31,72,95.22,324.18
PRJ-SYN-000220,2026-01-30,73,96.81,329.14
PRJ-SYN-000220,2026-03-01,74,98.4,334.1
PRJ-SYN-000221,2024-10-07,58,72.3,2374.7
PRJ-SYN-000221,2024-11-06,59,73.8,2419.78
PRJ-SYN-000221,2024-12-06,60,75.3,2464.93
PRJ-SYN-000221,2025-01-05,61,76.81,2510.16
PRJ-SYN-000221,2025-02-04,62,78.32,2555.46
PRJ-SYN-000221,2025-03-06,63,79.84,2600.83
PRJ-SYN-000221,2025-04-05,64,81.37,2646.28
PRJ-SYN-000221,2025-05-05,65,82.89,2691.8
PRJ-SYN-000221,2025-06-04,66,84.43,2737.39
PRJ-SYN-000221,2025-07-04,67,85.96,2783.05
PRJ-SYN-000221,2025-08-03,68,87.51,2828.77
PRJ-SYN-000221,2025-09-02,69,89.05,2874.57
PRJ-SYN-000221,2025-10-02,70,90.6,2920.42
PRJ-SYN-000221,2025-11-01,71,92.16,2966.35
PRJ-SYN-000221,2025-12-01,72,93.72,3012.34
PRJ-SYN-000221,2025-12-31,73,95.28,3058.39
PRJ-SYN-000221,2026-01-30,74,96.85,3104.51
PRJ-SYN-000221,2026-03-01,75,98.42,3150.69
PRJ-SYN-000222,2024-10-07,26,53.19,143.73
PRJ-SYN-000222,2024-11-06,27,55.65,149.83
PRJ-SYN-000222,2024-12-06,28,58.14,155.94
PRJ-SYN-000222,2025-01-05,29,60.64,162.08
PRJ-SYN-000222,2025-02-04,30,63.15,168.24
PRJ-SYN-000222,2025-03-06,31,65.69,174.42
PRJ-SYN-000222,2025-04-05,32,68.24,180.61
PRJ-SYN-000222,2025-05-05,33,70.81,186.83
PRJ-SYN-000222,2025-06-04,34,73.39,193.07
PRJ-SYN-000222,2025-07-04,35,75.99,199.32
PRJ-SYN-000222,2025-08-03,36,78.6,205.6
PRJ-SYN-000222,2025-09-02,37,81.23,211.89
PRJ-SYN-000222,2025-10-02,38,83.87,218.2
PRJ-SYN-000222,2025-11-01,39,86.52,224.52
PRJ-SYN-000222,2025-12-01,40,89.19,230.86
PRJ-SYN-000222,2025-12-31,41,91.88,237.22
PRJ-SYN-000222,2026-01-30,42,94.57,243.59
PRJ-SYN-000222,2026-03-01,43,97.28,249.98
PRJ-SYN-000223,2024-10-07,24,44.76,204.46
PRJ-SYN-000223,2024-11-06,25,47.01,213.85
PRJ-SYN-000223,2024-12-06,26,49.27,223.27
PRJ-SYN-000223,2025-01-05,27,51.56,232.74
PRJ-SYN-000223,2025-02-04,28,53.86,242.24
PRJ-SYN-000223,2025-03-06,29,56.17,251.77
PRJ-SYN-000223,2025-04-05,30,58.51,261.34
PRJ-SYN-000223,2025-05-05,31,60.85,270.93
PRJ-SYN-000223,2025-06-04,32,63.22,280.56
PRJ-SYN-000223,2025-07-04,33,65.6,290.22
PRJ-SYN-000223,2025-08-03,34,67.99,299.91
PRJ-SYN-000223,2025-09-02,35,70.39,309.63
PRJ-SYN-000223,2025-10-02,36,72.81,319.37
PRJ-SYN-000223,2025-11-01,37,75.25,329.15
PRJ-SYN-000223,2025-12-01,38,77.7,338.94
PRJ-SYN-000223,2025-12-31,39,80.16,348.77
PRJ-SYN-000223,2026-01-30,40,82.63,358.62
PRJ-SYN-000223,2026-03-01,41,85.11,368.49
PRJ-SYN-000224,2024-10-07,36,57.56,765.0
PRJ-SYN-000224,2024-11-06,37,59.48,788.41
PRJ-SYN-000224,2024-12-06,38,61.42,811.88
PRJ-SYN-000224,2025-01-05,39,63.36,835.41
PRJ-SYN-000224,2025-02-04,40,65.32,859.01
PRJ-SYN-000224,2025-03-06,41,67.28,882.66
PRJ-SYN-000224,2025-04-05,42,69.25,906.37
PRJ-SYN-000224,2025-05-05,43,71.24,930.14
PRJ-SYN-000224,2025-06-04,44,73.23,953.96
PRJ-SYN-000224,2025-07-04,45,75.23,977.83
PRJ-SYN-000224,2025-08-03,46,77.24,1001.76
PRJ-SYN-000224,2025-09-02,47,79.26,1025.74
PRJ-SYN-000224,2025-10-02,48,81.29,1049.78
PRJ-SYN-000224,2025-11-01,49,83.33,1073.86
PRJ-SYN-000224,2025-12-01,50,85.37,1097.99
PRJ-SYN-000224,2025-12-31,51,87.42,1122.17
PRJ-SYN-000224,2026-01-30,52,89.48,1146.4
PRJ-SYN-000224,2026-03-01,53,91.55,1170.67
PRJ-SYN-000225,2024-10-07,28,55.12,362.61
PRJ-SYN-000225,2024-11-06,29,57.49,376.88
PRJ-SYN-000225,2024-12-06,30,59.87,391.2
PRJ-SYN-000225,2025-01-05,31,62.28,405.56
PRJ-SYN-000225,2025-02-04,32,64.69,419.98
PRJ-SYN-000225,2025-03-06,33,67.13,434.44
PRJ-SYN-000225,2025-04-05,34,69.58,448.94
PRJ-SYN-000225,2025-05-05,35,72.04,463.49
PRJ-SYN-000225,2025-06-04,36,74.52,478.07
PRJ-SYN-000225,2025-07-04,37,77.01,492.7
PRJ-SYN-000225,2025-08-03,38,79.51,507.37
PRJ-SYN-000225,2025-09-02,39,82.03,522.07
PRJ-SYN-000225,2025-10-02,40,84.56,536.82
PRJ-SYN-000225,2025-11-01,41,87.1,551.6
PRJ-SYN-000225,2025-12-01,42,89.66,566.42
PRJ-SYN-000225,2025-12-31,43,92.23,581.27
PRJ-SYN-000225,2026-01-30,44,94.81,596.16
PRJ-SYN-000225,2026-03-01,45,97.4,611.08
PRJ-SYN-000226,2024-10-07,16,37.12,1437.23
PRJ-SYN-000226,2024-11-06,17,39.92,1536.35
PRJ-SYN-000226,2024-12-06,18,42.76,1636.04
PRJ-SYN-000226,2025-01-05,19,45.62,1736.3
PRJ-SYN-000226,2025-02-04,20,48.52,1837.08
PRJ-SYN-000226,2025-03-06,21,51.45,1938.37
PRJ-SYN-000226,2025-04-05,22,54.4,2040.14
PRJ-SYN-000226,2025-05-05,23,57.38,2142.38
PRJ-SYN-000226,2025-06-04,24,60.39,2245.06
PRJ-SYN-000226,2025-07-04,25,63.42,2348.17
PRJ-SYN-000226,2025-08-03,26,66.47,2451.69
PRJ-SYN-000226,2025-09-02,27,69.55,2555.61
PRJ-SYN-000226,2025-10-02,28,72.66,2659.92
PRJ-SYN-000226,2025-11-01,29,75.78,2764.6
PRJ-SYN-000226,2025-12-01,30,78.93,2869.65
PRJ-SYN-000226,2025-12-31,31,82.1,2975.04
PRJ-SYN-000226,2026-01-30,32,85.28,3080.78
PRJ-SYN-000226,2026-03-01,33,88.49,3186.84
PRJ-SYN-000227,2024-10-07,61,70.07,289.33
PRJ-SYN-000227,2024-11-06,62,71.45,294.55
PRJ-SYN-000227,2024-12-06,63,72.83,299.78
PRJ-SYN-000227,2025-01-05,64,74.22,305.02
PRJ-SYN-000227,2025-02-04,65,75.62,310.27
PRJ-SYN-000227,2025-03-06,66,77.02,315.52
PRJ-SYN-000227,2025-04-05,67,78.42,320.78
PRJ-SYN-000227,2025-05-05,68,79.82,326.05
PRJ-SYN-000227,2025-06-04,69,81.23,331.33
PRJ-SYN-000227,2025-07-04,70,82.65,336.62
PRJ-SYN-000227,2025-08-03,71,84.07,341.91
PRJ-SYN-000227,2025-09-02,72,85.49,347.21
PRJ-SYN-000227,2025-10-02,73,86.92,352.52
PRJ-SYN-000227,2025-11-01,74,88.35,357.84
PRJ-SYN-000227,2025-12-01,75,89.78,363.16
PRJ-SYN-000227,2025-12-31,76,91.22,368.49
PRJ-SYN-000227,2026-01-30,77,92.66,373.83
PRJ-SYN-000227,2026-03-01,78,94.11,379.17
PRJ-SYN-000228,2024-10-07,53,70.41,1925.42
PRJ-SYN-000228,2024-11-06,54,72.0,1965.42
PRJ-SYN-000228,2024-12-06,55,73.61,2005.5
PRJ-SYN-000228,2025-01-05,56,75.22,2045.64
PRJ-SYN-000228,2025-02-04,57,76.83,2085.86
PRJ-SYN-000228,2025-03-06,58,78.45,2126.15
PRJ-SYN-000228,2025-04-05,59,80.08,2166.51
PRJ-SYN-000228,2025-05-05,60,81.71,2206.93
PRJ-SYN-000228,2025-06-04,61,83.35,2247.43
PRJ-SYN-000228,2025-07-04,62,84.99,2287.99
PRJ-SYN-000228,2025-08-03,63,86.64,2328.61
PRJ-SYN-000228,2025-09-02,64,88.29,2369.3
PRJ-SYN-000228,2025-10-02,65,89.95,2410.06
PRJ-SYN-000228,2025-11-01,66,91.61,2450.87
PRJ-SYN-000228,2025-12-01,67,93.28,2491.75
PRJ-SYN-000228,2025-12-31,68,94.95,2532.69
PRJ-SYN-000228,2026-01-30,69,96.63,2573.69
PRJ-SYN-000228,2026-03-01,70,98.31,2614.75
PRJ-SYN-000229,2024-10-07,21,36.81,434.61
PRJ-SYN-000229,2024-11-06,22,38.92,457.43
PRJ-SYN-000229,2024-12-06,23,41.06,480.35
PRJ-SYN-000229,2025-01-05,24,43.21,503.38
PRJ-SYN-000229,2025-02-04,25,45.38,526.5
PRJ-SYN-000229,2025-03-06,26,47.56,549.71
PRJ-SYN-000229,2025-04-05,27,49.77,573.01
PRJ-SYN-000229,2025-05-05,28,51.99,596.4
PRJ-SYN-000229,2025-06-04,29,54.22,619.87
PRJ-SYN-000229,2025-07-04,30,56.47,643.42
PRJ-SYN-000229,2025-08-03,31,58.74,667.05
PRJ-SYN-000229,2025-09-02,32,61.02,690.76
PRJ-SYN-000229,2025-10-02,33,63.32,714.54
PRJ-SYN-000229,2025-11-01,34,65.63,738.39
PRJ-SYN-000229,2025-12-01,35,67.95,762.32
PRJ-SYN-000229,2025-12-31,36,70.28,786.31
PRJ-SYN-000229,2026-01-30,37,72.63,810.37
PRJ-SYN-000229,2026-03-01,38,75.0,834.49
PRJ-SYN-000230,2024-10-07,38,45.87,713.42
PRJ-SYN-000230,2024-11-06,39,47.32,734.1
PRJ-SYN-000230,2024-12-06,40,48.78,754.83
PRJ-SYN-000230,2025-01-05,41,50.25,775.62
PRJ-SYN-000230,2025-02-04,42,51.72,796.45
PRJ-SYN-000230,2025-03-06,43,53.21,817.34
PRJ-SYN-000230,2025-04-05,44,54.69,838.27
PRJ-SYN-000230,2025-05-05,45,56.19,859.25
PRJ-SYN-000230,2025-06-04,46,57.69,880.28
PRJ-SYN-000230,2025-07-04,47,59.2,901.35
PRJ-SYN-000230,2025-08-03,48,60.71,922.47
PRJ-SYN-000230,2025-09-02,49,62.23,943.63
PRJ-SYN-000230,2025-10-02,50,63.76,964.83
PRJ-SYN-000230,2025-11-01,51,65.29,986.08
PRJ-SYN-000230,2025-12-01,52,66.83,1007.37
PRJ-SYN-000230,2025-12-31,53,68.38,1028.7
PRJ-SYN-000230,2026-01-30,54,69.93,1050.07
PRJ-SYN-000230,2026-03-01,55,71.49,1071.48
PRJ-SYN-000231,2024-10-07,24,39.73,620.35
PRJ-SYN-000231,2024-11-06,25,41.73,648.84
PRJ-SYN-000231,2024-12-06,26,43.74,677.45
PRJ-SYN-000231,2025-01-05,27,45.77,706.16
PRJ-SYN-000231,2025-02-04,28,47.81,734.99
PRJ-SYN-000231,2025-03-06,29,49.86,763.91
PRJ-SYN-000231,2025-04-05,30,51.93,792.94
PRJ-SYN-000231,2025-05-05,31,54.02,822.06
PRJ-SYN-000231,2025-06-04,32,56.12,851.28
PRJ-SYN-000231,2025-07-04,33,58.23,880.58
PRJ-SYN-000231,2025-08-03,34,60.35,909.98
PRJ-SYN-000231,2025-09-02,35,62.49,939.46
PRJ-SYN-000231,2025-10-02,36,64.64,969.03
PRJ-SYN-000231,2025-11-01,37,66.8,998.68
PRJ-SYN-000231,2025-12-01,38,68.97,1028.41
PRJ-SYN-000231,2025-12-31,39,71.15,1058.22
PRJ-SYN-000231,2026-01-30,40,73.35,1088.11
PRJ-SYN-000231,2026-03-01,41,75.55,1118.07
PRJ-SYN-000232,2024-10-07,30,56.89,909.42
PRJ-SYN-000232,2024-11-06,31,59.18,942.82
PRJ-SYN-000232,2024-12-06,32,61.47,976.33
PRJ-SYN-000232,2025-01-05,33,63.79,1009.95
PRJ-SYN-000232,2025-02-04,34,66.11,1043.66
PRJ-SYN-000232,2025-03-06,35,68.45,1077.48
PRJ-SYN-000232,2025-04-05,36,70.81,1111.39
PRJ-SYN-000232,2025-05-05,37,73.17,1145.39
PRJ-SYN-000232,2025-06-04,38,75.55,1179.49
PRJ-SYN-000232,2025-07-04,39,77.94,1213.68
PRJ-SYN-000232,2025-08-03,40,80.35,1247.96
PRJ-SYN-000232,2025-09-02,41,82.77,1282.32
PRJ-SYN-000232,2025-10-02,42,85.19,1316.76
PRJ-SYN-000232,2025-11-01,43,87.63,1351.29
PRJ-SYN-000232,2025-12-01,44,90.09,1385.9
PRJ-SYN-000232,2025-12-31,45,92.55,1420.58
PRJ-SYN-000232,2026-01-30,46,95.02,1455.35
PRJ-SYN-000232,2026-03-01,47,97.51,1490.19
PRJ-SYN-000233,2024-10-07,18,41.74,295.8
PRJ-SYN-000233,2024-11-06,19,44.54,313.93
PRJ-SYN-000233,2024-12-06,20,47.37,332.15
PRJ-SYN-000233,2025-01-05,21,50.22,350.46
PRJ-SYN-000233,2025-02-04,22,53.11,368.86
PRJ-SYN-000233,2025-03-06,23,56.02,387.35
PRJ-SYN-000233,2025-04-05,24,58.95,405.91
PRJ-SYN-000233,2025-05-05,25,61.91,424.55
PRJ-SYN-000233,2025-06-04,26,64.9,443.27
PRJ-SYN-000233,2025-07-04,27,67.9,462.06
PRJ-SYN-000233,2025-08-03,28,70.93,480.92
PRJ-SYN-000233,2025-09-02,29,73.98,499.85
PRJ-SYN-000233,2025-10-02,30,77.06,518.84
PRJ-SYN-000233,2025-11-01,31,80.15,537.89
PRJ-SYN-000233,2025-12-01,32,83.26,557.01
PRJ-SYN-000233,2025-12-31,33,86.39,576.19
PRJ-SYN-000233,2026-01-30,34,89.54,595.42
PRJ-SYN-000233,2026-03-01,35,92.71,614.71
PRJ-SYN-000234,2024-10-07,23,49.97,85.85
PRJ-SYN-000234,2024-11-06,24,52.59,89.96
PRJ-SYN-000234,2024-12-06,25,55.23,94.09
PRJ-SYN-000234,2025-01-05,26,57.89,98.24
PRJ-SYN-000234,2025-02-04,27,60.58,102.41
PRJ-SYN-000234,2025-03-06,28,63.28,106.59
PRJ-SYN-000234,2025-04-05,29,66.0,110.78
PRJ-SYN-000234,2025-05-05,30,68.74,114.99
PRJ-SYN-000234,2025-06-04,31,71.5,119.21
PRJ-SYN-000234,2025-07-04,32,74.27,123.45
PRJ-SYN-000234,2025-08-03,33,77.07,127.7
PRJ-SYN-000234,2025-09-02,34,79.88,131.96
PRJ-SYN-000234,2025-10-02,35,82.71,136.24
PRJ-SYN-000234,2025-11-01,36,85.55,140.53
PRJ-SYN-000234,2025-12-01,37,88.41,144.83
PRJ-SYN-000234,2025-12-31,38,91.29,149.14
PRJ-SYN-000234,2026-01-30,39,94.18,153.46
PRJ-SYN-000234,2026-03-01,40,97.08,157.8
PRJ-SYN-000235,2024-10-07,23,49.97,274.81
PRJ-SYN-000235,2024-11-06,24,52.59,287.98
PRJ-SYN-000235,2024-12-06,25,55.23,301.21
PRJ-SYN-000235,2025-01-05,26,57.89,314.49
PRJ-SYN-000235,2025-02-04,27,60.58,327.82
PRJ-SYN-000235,2025-03-06,28,63.28,341.2
PRJ-SYN-000235,2025-04-05,29,66.0,354.62
PRJ-SYN-000235,2025-05-05,30,68.74,368.1
PRJ-SYN-000235,2025-06-04,31,71.5,381.62
PRJ-SYN-000235,2025-07-04,32,74.27,395.18
PRJ-SYN-000235,2025-08-03,33,77.07,408.79
PRJ-SYN-000235,2025-09-02,34,79.88,422.43
PRJ-SYN-000235,2025-10-02,35,82.71,436.12
PRJ-SYN-000235,2025-11-01,36,85.55,449.85
PRJ-SYN-000235,2025-12-01,37,88.41,463.61
PRJ-SYN-000235,2025-12-31,38,91.29,477.41
PRJ-SYN-000235,2026-01-30,39,94.18,491.25
PRJ-SYN-000235,2026-03-01,40,97.08,505.12
PRJ-SYN-000236,2024-10-07,10,16.5,476.98
PRJ-SYN-000236,2024-11-06,11,18.49,529.7
PRJ-SYN-000236,2024-12-06,12,20.53,582.9
PRJ-SYN-000236,2025-01-05,13,22.6,636.55
PRJ-SYN-000236,2025-02-04,14,24.7,690.62
PRJ-SYN-000236,2025-03-06,15,26.83,745.07
PRJ-SYN-000236,2025-04-05,16,28.99,799.89
PRJ-SYN-000236,2025-05-05,17,31.18,855.05
PRJ-SYN-000236,2025-06-04,18,33.4,910.53
PRJ-SYN-000236,2025-07-04,19,35.64,966.33
PRJ-SYN-000236,2025-08-03,20,37.9,1022.42
PRJ-SYN-000236,2025-09-02,21,40.18,1078.79
PRJ-SYN-000236,2025-10-02,22,42.49,1135.43
PRJ-SYN-000236,2025-11-01,23,44.82,1192.33
PRJ-SYN-000236,2025-12-01,24,47.17,1249.48
PRJ-SYN-000236,2025-12-31,25,49.53,1306.86
PRJ-SYN-000236,2026-01-30,26,51.92,1364.48
PRJ-SYN-000236,2026-03-01,27,54.33,1422.32
PRJ-SYN-000237,2024-10-07,52,70.0,2600.26
PRJ-SYN-000237,2024-11-06,53,71.62,2655.32
PRJ-SYN-000237,2024-12-06,54,73.24,2710.48
PRJ-SYN-000237,2025-01-05,55,74.87,2765.74
PRJ-SYN-000237,2025-02-04,56,76.51,2821.11
PRJ-SYN-000237,2025-03-06,57,78.15,2876.57
PRJ-SYN-000237,2025-04-05,58,79.8,2932.13
PRJ-SYN-000237,2025-05-05,59,81.45,2987.79
PRJ-SYN-000237,2025-06-04,60,83.11,3043.54
PRJ-SYN-000237,2025-07-04,61,84.78,3099.39
PRJ-SYN-000237,2025-08-03,62,86.45,3155.32
PRJ-SYN-000237,2025-09-02,63,88.12,3211.35
PRJ-SYN-000237,2025-10-02,64,89.8,3267.47
PRJ-SYN-000237,2025-11-01,65,91.49,3323.67
PRJ-SYN-000237,2025-12-01,66,93.18,3379.96
PRJ-SYN-000237,2025-12-31,67,94.88,3436.33
PRJ-SYN-000237,2026-01-30,68,96.58,3492.79
PRJ-SYN-000237,2026-03-01,69,98.29,3549.34
PRJ-SYN-000238,2024-10-07,13,27.06,238.21
PRJ-SYN-000238,2024-11-06,14,29.58,258.44
PRJ-SYN-000238,2024-12-06,15,32.13,278.81
PRJ-SYN-000238,2025-01-05,16,34.72,299.33
PRJ-SYN-000238,2025-02-04,17,37.34,319.97
PRJ-SYN-000238,2025-03-06,18,39.99,340.73
PRJ-SYN-000238,2025-04-05,19,42.67,361.61
PRJ-SYN-000238,2025-05-05,20,45.38,382.6
PRJ-SYN-000238,2025-06-04,21,48.11,403.7
PRJ-SYN-000238,2025-07-04,22,50.88,424.89
PRJ-SYN-000238,2025-08-03,23,53.66,446.18
PRJ-SYN-000238,2025-09-02,24,56.48,467.57
PRJ-SYN-000238,2025-10-02,25,59.31,489.04
PRJ-SYN-000238,2025-11-01,26,62.17,510.6
PRJ-SYN-000238,2025-12-01,27,65.05,532.25
PRJ-SYN-000238,2025-12-31,28,67.95,553.97
PRJ-SYN-000238,2026-01-30,29,70.87,575.77
PRJ-SYN-000238,2026-03-01,30,73.82,597.65
PRJ-SYN-000239,2024-10-07,61,73.32,249.34
PRJ-SYN-000239,2024-11-06,62,74.77,253.84
PRJ-SYN-000239,2024-12-06,63,76.22,258.34
PRJ-SYN-000239,2025-01-05,64,77.67,262.86
PRJ-SYN-000239,2025-02-04,65,79.13,267.38
PRJ-SYN-000239,2025-03-06,66,80.59,271.91
PRJ-SYN-000239,2025-04-05,67,82.06,276.44
PRJ-SYN-000239,2025-05-05,68,83.53,280.99
PRJ-SYN-000239,2025-06-04,69,85.01,285.53
PRJ-SYN-000239,2025-07-04,70,86.49,290.09
PRJ-SYN-000239,2025-08-03,71,87.97,294.65
PRJ-SYN-000239,2025-09-02,72,89.46,299.22
PRJ-SYN-000239,2025-10-02,73,90.96,303.79
PRJ-SYN-000239,2025-11-01,74,92.45,308.37
PRJ-SYN-000239,2025-12-01,75,93.96,312.96
PRJ-SYN-000239,2025-12-31,76,95.46,317.55
PRJ-SYN-000239,2026-01-30,77,96.97,322.15
PRJ-SYN-000239,2026-03-01,78,98.48,326.76
PRJ-SYN-000240,2024-10-07,62,73.65,2573.44
PRJ-SYN-000240,2024-11-06,63,75.08,2619.14
PRJ-SYN-000240,2024-12-06,64,76.51,2664.91
PRJ-SYN-000240,2025-01-05,65,77.94,2710.74
PRJ-SYN-000240,2025-02-04,66,79.39,2756.65
PRJ-SYN-000240,2025-03-06,67,80.83,2802.63
PRJ-SYN-000240,2025-04-05,68,82.28,2848.68
PRJ-SYN-000240,2025-05-05,69,83.74,2894.8
PRJ-SYN-000240,2025-06-04,70,85.19,2940.98
PRJ-SYN-000240,2025-07-04,71,86.66,2987.23
PRJ-SYN-000240,2025-08-03,72,88.12,3033.54
PRJ-SYN-000240,2025-09-02,73,89.59,3079.92
PRJ-SYN-000240,2025-10-02,74,91.07,3126.36
PRJ-SYN-000240,2025-11-01,75,92.55,3172.86
PRJ-SYN-000240,2025-12-01,76,94.03,3219.43
PRJ-SYN-000240,2025-12-31,77,95.52,3266.06
PRJ-SYN-000240,2026-01-30,78,97.01,3312.74
PRJ-SYN-000240,2026-03-01,79,98.5,3359.49
PRJ-SYN-000241,2024-10-07,72,76.51,1446.36
PRJ-SYN-000241,2024-11-06,73,77.79,1468.48
PRJ-SYN-000241,2024-12-06,74,79.07,1490.62
PRJ-SYN-000241,2025-01-05,75,80.35,1512.79
PRJ-SYN-000241,2025-02-04,76,81.64,1534.99
PRJ-SYN-000241,2025-03-06,77,82.93,1557.22
PRJ-SYN-000241,2025-04-05,78,84.22,1579.48
PRJ-SYN-000241,2025-05-05,79,85.52,1601.77
PRJ-SYN-000241,2025-06-04,80,86.82,1624.09
PRJ-SYN-000241,2025-07-04,81,88.12,1646.44
PRJ-SYN-000241,2025-08-03,82,89.43,1668.81
PRJ-SYN-000241,2025-09-02,83,90.74,1691.21
PRJ-SYN-000241,2025-10-02,84,92.05,1713.64
PRJ-SYN-000241,2025-11-01,85,93.37,1736.09
PRJ-SYN-000241,2025-12-01,86,94.69,1758.57
PRJ-SYN-000241,2025-12-31,87,96.01,1781.08
PRJ-SYN-000241,2026-01-30,88,97.34,1803.61
PRJ-SYN-000241,2026-03-01,89,98.67,1826.17
PRJ-SYN-000242,2024-10-07,81,78.6,622.54
PRJ-SYN-000242,2024-11-06,82,79.77,631.0
PRJ-SYN-000242,2024-12-06,83,80.93,639.47
PRJ-SYN-000242,2025-01-05,84,82.11,647.95
PRJ-SYN-000242,2025-02-04,85,83.28,656.44
PRJ-SYN-000242,2025-03-06,86,84.46,664.94
PRJ-SYN-000242,2025-04-05,87,85.64,673.45
PRJ-SYN-000242,2025-05-05,88,86.82,681.97
PRJ-SYN-000242,2025-06-04,89,88.0,690.5
PRJ-SYN-000242,2025-07-04,90,89.19,699.04
PRJ-SYN-000242,2025-08-03,91,90.38,707.59
PRJ-SYN-000242,2025-09-02,92,91.58,716.15
PRJ-SYN-000242,2025-10-02,93,92.77,724.72
PRJ-SYN-000242,2025-11-01,94,93.97,733.29
PRJ-SYN-000242,2025-12-01,95,95.17,741.88
PRJ-SYN-000242,2025-12-31,96,96.37,750.47
PRJ-SYN-000242,2026-01-30,97,97.58,759.08
PRJ-SYN-000242,2026-03-01,98,98.79,767.69
PRJ-SYN-000243,2024-10-07,44,48.88,326.42
PRJ-SYN-000243,2024-11-06,45,50.22,334.59
PRJ-SYN-000243,2024-12-06,46,51.56,342.78
PRJ-SYN-000243,2025-01-05,47,52.91,350.99
PRJ-SYN-000243,2025-02-04,48,54.26,359.21
PRJ-SYN-000243,2025-03-06,49,55.62,367.45
PRJ-SYN-000243,2025-04-05,50,56.99,375.71
PRJ-SYN-000243,2025-05-05,51,58.36,383.98
PRJ-SYN-000243,2025-06-04,52,59.73,392.27
PRJ-SYN-000243,2025-07-04,53,61.11,400.58
PRJ-SYN-000243,2025-08-03,54,62.5,408.9
PRJ-SYN-000243,2025-09-02,55,63.89,417.24
PRJ-SYN-000243,2025-10-02,56,65.29,425.59
PRJ-SYN-000243,2025-11-01,57,66.69,433.96
PRJ-SYN-000243,2025-12-01,58,68.1,442.34
PRJ-SYN-000243,2025-12-31,59,69.51,450.74
PRJ-SYN-000243,2026-01-30,60,70.92,459.15
PRJ-SYN-000243,2026-03-01,61,72.34,467.57
PRJ-SYN-000244,2024-10-07,50,69.14,887.5
PRJ-SYN-000244,2024-11-06,51,70.81,907.04
PRJ-SYN-000244,2024-12-06,52,72.48,926.63
PRJ-SYN-000244,2025-01-05,53,74.15,946.25
PRJ-SYN-000244,2025-02-04,54,75.83,965.91
PRJ-SYN-000244,2025-03-06,55,77.52,985.6
PRJ-SYN-000244,2025-04-05,56,79.22,1005.33
PRJ-SYN-000244,2025-05-05,57,80.92,1025.09
PRJ-SYN-000244,2025-06-04,58,82.62,1044.89
PRJ-SYN-000244,2025-07-04,59,84.34,1064.73
PRJ-SYN-000244,2025-08-03,60,86.05,1084.6
PRJ-SYN-000244,2025-09-02,61,87.78,1104.5
PRJ-SYN-000244,2025-10-02,62,89.51,1124.43
PRJ-SYN-000244,2025-11-01,63,91.24,1144.4
PRJ-SYN-000244,2025-12-01,64,92.98,1164.39
PRJ-SYN-000244,2025-12-31,65,94.73,1184.42
PRJ-SYN-000244,2026-01-30,66,96.48,1204.48
PRJ-SYN-000244,2026-03-01,67,98.24,1224.57
PRJ-SYN-000245,2024-10-07,21,47.58,549.71
PRJ-SYN-000245,2024-11-06,22,50.31,578.58
PRJ-SYN-000245,2024-12-06,23,53.06,607.57
PRJ-SYN-000245,2025-01-05,24,55.84,636.69
PRJ-SYN-000245,2025-02-04,25,58.65,665.93
PRJ-SYN-000245,2025-03-06,26,61.47,695.29
PRJ-SYN-000245,2025-04-05,27,64.32,724.76
PRJ-SYN-000245,2025-05-05,28,67.19,754.34
PRJ-SYN-000245,2025-06-04,29,70.08,784.03
PRJ-SYN-000245,2025-07-04,30,72.99,813.82
PRJ-SYN-000245,2025-08-03,31,75.92,843.71
PRJ-SYN-000245,2025-09-02,32,78.87,873.69
PRJ-SYN-000245,2025-10-02,33,81.84,903.77
PRJ-SYN-000245,2025-11-01,34,84.82,933.95
PRJ-SYN-000245,2025-12-01,35,87.82,964.21
PRJ-SYN-000245,2025-12-31,36,90.84,994.55
PRJ-SYN-000245,2026-01-30,37,93.88,1024.98
PRJ-SYN-000245,2026-03-01,38,96.93,1055.5
PRJ-SYN-000246,2024-10-07,77,77.72,251.79
PRJ-SYN-000246,2024-11-06,78,78.93,255.39
PRJ-SYN-000246,2024-12-06,79,80.15,258.99
PRJ-SYN-000246,2025-01-05,80,81.37,262.6
PRJ-SYN-000246,2025-02-04,81,82.59,266.21
PRJ-SYN-000246,2025-03-06,82,83.81,269.83
PRJ-SYN-000246,2025-04-05,83,85.04,273.45
PRJ-SYN-000246,2025-05-05,84,86.27,277.08
PRJ-SYN-000246,2025-06-04,85,87.51,280.71
PRJ-SYN-000246,2025-07-04,86,88.74,284.34
PRJ-SYN-000246,2025-08-03,87,89.98,287.98
PRJ-SYN-000246,2025-09-02,88,91.22,291.62
PRJ-SYN-000246,2025-10-02,89,92.47,295.27
PRJ-SYN-000246,2025-11-01,90,93.72,298.92
PRJ-SYN-000246,2025-12-01,91,94.97,302.58
PRJ-SYN-000246,2025-12-31,92,96.22,306.24
PRJ-SYN-000246,2026-01-30,93,97.48,309.9
PRJ-SYN-000246,2026-03-01,94,98.74,313.57
PRJ-SYN-000247,2024-10-07,63,73.97,509.94
PRJ-SYN-000247,2024-11-06,64,75.38,518.85
PRJ-SYN-000247,2024-12-06,65,76.79,527.77
PRJ-SYN-000247,2025-01-05,66,78.21,536.71
PRJ-SYN-000247,2025-02-04,67,79.64,545.66
PRJ-SYN-000247,2025-03-06,68,81.06,554.63
PRJ-SYN-000247,2025-04-05,69,82.5,563.61
PRJ-SYN-000247,2025-05-05,70,83.93,572.6
PRJ-SYN-000247,2025-06-04,71,85.37,581.6
PRJ-SYN-000247,2025-07-04,72,86.82,590.62
PRJ-SYN-000247,2025-08-03,73,88.27,599.65
PRJ-SYN-000247,2025-09-02,74,89.72,608.69
PRJ-SYN-000247,2025-10-02,75,91.18,617.75
PRJ-SYN-000247,2025-11-01,76,92.64,626.81
PRJ-SYN-000247,2025-12-01,77,94.1,635.89
PRJ-SYN-000247,2025-12-31,78,95.57,644.98
PRJ-SYN-000247,2026-01-30,79,97.04,654.08
PRJ-SYN-000247,2026-03-01,80,98.52,663.2
PRJ-SYN-000248,2024-10-07,73,76.76,547.88
PRJ-SYN-000248,2024-11-06,74,78.02,556.14
PRJ-SYN-000248,2024-12-06,75,79.29,564.41
PRJ-SYN-000248,2025-01-05,76,80.56,572.69
PRJ-SYN-000248,2025-02-04,77,81.84,580.99
PRJ-SYN-000248,2025-03-06,78,83.11,589.29
PRJ-SYN-000248,2025-04-05,79,84.39,597.61
PRJ-SYN-000248,2025-05-05,80,85.68,605.94
PRJ-SYN-000248,2025-06-04,81,86.96,614.27
PRJ-SYN-000248,2025-07-04,82,88.25,622.62
PRJ-SYN-000248,2025-08-03,83,89.55,630.98
PRJ-SYN-000248,2025-09-02,84,90.84,639.35
PRJ-SYN-000248,2025-10-02,85,92.14,647.72
PRJ-SYN-000248,2025-11-01,86,93.44,656.11
PRJ-SYN-000248,2025-12-01,87,94.75,664.51
PRJ-SYN-000248,2025-12-31,88,96.06,672.91
PRJ-SYN-000248,2026-01-30,89,97.37,681.33
PRJ-SYN-000248,2026-03-01,90,98.68,689.75
PRJ-SYN-000249,2024-10-07,43,56.48,364.65
PRJ-SYN-000249,2024-11-06,44,58.06,373.99
PRJ-SYN-000249,2024-12-06,45,59.64,383.35
PRJ-SYN-000249,2025-01-05,46,61.24,392.73
PRJ-SYN-000249,2025-02-04,47,62.84,402.13
PRJ-SYN-000249,2025-03-06,48,64.44,411.55
PRJ-SYN-000249,2025-04-05,49,66.06,420.99
PRJ-SYN-000249,2025-05-05,50,67.68,430.45
PRJ-SYN-000249,2025-06-04,51,69.31,439.93
PRJ-SYN-000249,2025-07-04,52,70.94,449.43
PRJ-SYN-000249,2025-08-03,53,72.58,458.95
PRJ-SYN-000249,2025-09-02,54,74.23,468.48
PRJ-SYN-000249,2025-10-02,55,75.88,478.03
PRJ-SYN-000249,2025-11-01,56,77.54,487.6
PRJ-SYN-000249,2025-12-01,57,79.2,497.19
PRJ-SYN-000249,2025-12-31,58,80.87,506.79
PRJ-SYN-000249,2026-01-30,59,82.55,516.41
PRJ-SYN-000249,2026-03-01,60,84.23,526.05
PRJ-SYN-000250,2024-10-07,29,38.55,1176.34
PRJ-SYN-000250,2024-11-06,30,40.16,1221.03
PRJ-SYN-000250,2024-12-06,31,41.77,1265.88
PRJ-SYN-000250,2025-01-05,32,43.39,1310.87
PRJ-SYN-000250,2025-02-04,33,45.02,1356.0
PRJ-SYN-000250,2025-03-06,34,46.66,1401.27
PRJ-SYN-000250,2025-04-05,35,48.31,1446.67
PRJ-SYN-000250,2025-05-05,36,49.98,1492.2
PRJ-SYN-000250,2025-06-04,37,51.65,1537.86
PRJ-SYN-000250,2025-07-04,38,53.33,1583.64
PRJ-SYN-000250,2025-08-03,39,55.01,1629.54
PRJ-SYN-000250,2025-09-02,40,56.71,1675.56
PRJ-SYN-000250,2025-10-02,41,58.42,1721.69
PRJ-SYN-000250,2025-11-01,42,60.13,1767.94
PRJ-SYN-000250,2025-12-01,43,61.85,1814.3
PRJ-SYN-000250,2025-12-31,44,63.58,1860.77
PRJ-SYN-000250,2026-01-30,45,65.32,1907.34
PRJ-SYN-000250,2026-03-01,46,67.07,1954.01
PRJ-SYN-000251,2024-10-07,71,76.25,739.28
PRJ-SYN-000251,2024-11-06,72,77.54,750.74
PRJ-SYN-000251,2024-12-06,73,78.84,762.22
PRJ-SYN-000251,2025-01-05,74,80.13,773.71
PRJ-SYN-000251,2025-02-04,75,81.43,785.22
PRJ-SYN-000251,2025-03-06,76,82.74,796.74
PRJ-SYN-000251,2025-04-05,77,84.05,808.28
PRJ-SYN-000251,2025-05-05,78,85.36,819.84
PRJ-SYN-000251,2025-06-04,79,86.67,831.41
PRJ-SYN-000251,2025-07-04,80,87.99,842.99
PRJ-SYN-000251,2025-08-03,81,89.31,854.59
PRJ-SYN-000251,2025-09-02,82,90.64,866.2
PRJ-SYN-000251,2025-10-02,83,91.97,877.83
PRJ-SYN-000251,2025-11-01,84,93.3,889.47
PRJ-SYN-000251,2025-12-01,85,94.63,901.13
PRJ-SYN-000251,2025-12-31,86,95.97,912.79
PRJ-SYN-000251,2026-01-30,87,97.31,924.48
PRJ-SYN-000251,2026-03-01,88,98.65,936.17
PRJ-SYN-000252,2024-10-07,30,56.89,2346.02
PRJ-SYN-000252,2024-11-06,31,59.18,2432.19
PRJ-SYN-000252,2024-12-06,32,61.47,2518.63
PRJ-SYN-000252,2025-01-05,33,63.79,2605.34
PRJ-SYN-000252,2025-02-04,34,66.11,2692.31
PRJ-SYN-000252,2025-03-06,35,68.45,2779.54
PRJ-SYN-000252,2025-04-05,36,70.81,2867.03
PRJ-SYN-000252,2025-05-05,37,73.17,2954.75
PRJ-SYN-000252,2025-06-04,38,75.55,3042.71
PRJ-SYN-000252,2025-07-04,39,77.94,3130.9
PRJ-SYN-000252,2025-08-03,40,80.35,3219.32
PRJ-SYN-000252,2025-09-02,41,82.77,3307.97
PRJ-SYN-000252,2025-10-02,42,85.19,3396.82
PRJ-SYN-000252,2025-11-01,43,87.63,3485.89
PRJ-SYN-000252,2025-12-01,44,90.09,3575.17
PRJ-SYN-000252,2025-12-31,45,92.55,3664.65
PRJ-SYN-000252,2026-01-30,46,95.02,3754.33
PRJ-SYN-000252,2026-03-01,47,97.51,3844.2
PRJ-SYN-000253,2024-10-07,42,65.18,2084.85
PRJ-SYN-000253,2024-11-06,43,67.05,2139.51
PRJ-SYN-000253,2024-12-06,44,68.92,2194.31
PRJ-SYN-000253,2025-01-05,45,70.81,2249.23
PRJ-SYN-000253,2025-02-04,46,72.7,2304.27
PRJ-SYN-000253,2025-03-06,47,74.6,2359.43
PRJ-SYN-000253,2025-04-05,48,76.51,2414.71
PRJ-SYN-000253,2025-05-05,49,78.42,2470.11
PRJ-SYN-000253,2025-06-04,50,80.35,2525.61
PRJ-SYN-000253,2025-07-04,51,82.28,2581.23
PRJ-SYN-000253,2025-08-03,52,84.22,2636.96
PRJ-SYN-000253,2025-09-02,53,86.17,2692.8
PRJ-SYN-000253,2025-10-02,54,88.12,2748.74
PRJ-SYN-000253,2025-11-01,55,90.09,2804.78
PRJ-SYN-000253,2025-12-01,56,92.05,2860.93
PRJ-SYN-000253,2025-12-31,57,94.03,2917.17
PRJ-SYN-000253,2026-01-30,58,96.01,2973.52
PRJ-SYN-000253,2026-03-01,59,98.0,3029.96
PRJ-SYN-000254,2024-10-07,54,62.55,165.6
PRJ-SYN-000254,2024-11-06,55,63.94,168.98
PRJ-SYN-000254,2024-12-06,56,65.34,172.36
PRJ-SYN-000254,2025-01-05,57,66.74,175.75
PRJ-SYN-000254,2025-02-04,58,68.15,179.15
PRJ-SYN-000254,2025-03-06,59,69.56,182.55
PRJ-SYN-000254,2025-04-05,60,70.98,185.95
PRJ-SYN-000254,2025-05-05,61,72.4,189.37
PRJ-SYN-000254,2025-06-04,62,73.83,192.78
PRJ-SYN-000254,2025-07-04,63,75.26,196.21
PRJ-SYN-000254,2025-08-03,64,76.7,199.63
PRJ-SYN-000254,2025-09-02,65,78.14,203.07
PRJ-SYN-000254,2025-10-02,66,79.58,206.51
PRJ-SYN-000254,2025-11-01,67,81.03,209.95
PRJ-SYN-000254,2025-12-01,68,82.48,213.4
PRJ-SYN-000254,2025-12-31,69,83.94,216.86
PRJ-SYN-000254,2026-01-30,70,85.4,220.32
PRJ-SYN-000254,2026-03-01,71,86.87,223.78
PRJ-SYN-000255,2024-10-07,69,75.72,149.13
PRJ-SYN-000255,2024-11-06,70,77.04,151.51
PRJ-SYN-000255,2024-12-06,71,78.36,153.89
PRJ-SYN-000255,2025-01-05,72,79.68,156.28
PRJ-SYN-000255,2025-02-04,73,81.01,158.66
PRJ-SYN-000255,2025-03-06,74,82.35,161.06
PRJ-SYN-000255,2025-04-05,75,83.69,163.45
PRJ-SYN-000255,2025-05-05,76,85.03,165.85
PRJ-SYN-000255,2025-06-04,77,86.37,168.25
PRJ-SYN-000255,2025-07-04,78,87.72,170.66
PRJ-SYN-000255,2025-08-03,79,89.07,173.07
PRJ-SYN-000255,2025-09-02,80,90.42,175.48
PRJ-SYN-000255,2025-10-02,81,91.78,177.89
PRJ-SYN-000255,2025-11-01,82,93.14,180.31
PRJ-SYN-000255,2025-12-01,83,94.51,182.73
PRJ-SYN-000255,2025-12-31,84,95.88,185.15
PRJ-SYN-000255,2026-01-30,85,97.25,187.58
PRJ-SYN-000255,2026-03-01,86,98.62,190.01
PRJ-SYN-000256,2024-10-07,19,31.97,1006.88
PRJ-SYN-000256,2024-11-06,20,34.0,1065.33
PRJ-SYN-000256,2024-12-06,21,36.05,1124.07
PRJ-SYN-000256,2025-01-05,22,38.12,1183.08
PRJ-SYN-000256,2025-02-04,23,40.21,1242.37
PRJ-SYN-000256,2025-03-06,24,42.31,1301.92
PRJ-SYN-000256,2025-04-05,25,44.44,1361.71
PRJ-SYN-000256,2025-05-05,26,46.58,1421.74
PRJ-SYN-000256,2025-06-04,27,48.74,1482.01
PRJ-SYN-000256,2025-07-04,28,50.91,1542.5
PRJ-SYN-000256,2025-08-03,29,53.1,1603.2
PRJ-SYN-000256,2025-09-02,30,55.3,1664.12
PRJ-SYN-000256,2025-10-02,31,57.52,1725.24
PRJ-SYN-000256,2025-11-01,32,59.76,1786.55
PRJ-SYN-000256,2025-12-01,33,62.01,1848.06
PRJ-SYN-000256,2025-12-31,34,64.27,1909.75
PRJ-SYN-000256,2026-01-30,35,66.54,1971.63
PRJ-SYN-000256,2026-03-01,36,68.83,2033.68
PRJ-SYN-000257,2024-10-07,57,71.94,228.04
PRJ-SYN-000257,2024-11-06,58,73.46,232.44
PRJ-SYN-000257,2024-12-06,59,74.98,236.86
PRJ-SYN-000257,2025-01-05,60,76.51,241.28
PRJ-SYN-000257,2025-02-04,61,78.04,245.7
PRJ-SYN-000257,2025-03-06,62,79.58,250.14
PRJ-SYN-000257,2025-04-05,63,81.12,254.58
PRJ-SYN-000257,2025-05-05,64,82.67,259.03
PRJ-SYN-000257,2025-06-04,65,84.22,263.48
PRJ-SYN-000257,2025-07-04,66,85.78,267.94
PRJ-SYN-000257,2025-08-03,67,87.34,272.41
PRJ-SYN-000257,2025-09-02,68,88.91,276.89
PRJ-SYN-000257,2025-10-02,69,90.48,281.37
PRJ-SYN-000257,2025-11-01,70,92.05,285.86
PRJ-SYN-000257,2025-12-01,71,93.63,290.36
PRJ-SYN-000257,2025-12-31,72,95.22,294.86
PRJ-SYN-000257,2026-01-30,73,96.81,299.37
PRJ-SYN-000257,2026-03-01,74,98.4,303.88
PRJ-SYN-000258,2024-10-07,20,20.23,326.05
PRJ-SYN-000258,2024-11-06,21,21.45,344.03
PRJ-SYN-000258,2024-12-06,22,22.69,362.09
PRJ-SYN-000258,2025-01-05,23,23.93,380.24
PRJ-SYN-000258,2025-02-04,24,25.18,398.46
PRJ-SYN-000258,2025-03-06,25,26.45,416.76
PRJ-SYN-000258,2025-04-05,26,27.72,435.14
PRJ-SYN-000258,2025-05-05,27,29.01,453.58
PRJ-SYN-000258,2025-06-04,28,30.3,472.1
PRJ-SYN-000258,2025-07-04,29,31.6,490.68
PRJ-SYN-000258,2025-08-03,30,32.91,509.32
PRJ-SYN-000258,2025-09-02,31,34.24,528.03
PRJ-SYN-000258,2025-10-02,32,35.56,546.79
PRJ-SYN-000258,2025-11-01,33,36.9,565.62
PRJ-SYN-000258,2025-12-01,34,38.25,584.5
PRJ-SYN-000258,2025-12-31,35,39.6,603.44
PRJ-SYN-000258,2026-01-30,36,40.96,622.43
PRJ-SYN-000258,2026-03-01,37,42.33,641.47
PRJ-SYN-000259,2024-10-07,26,53.19,1508.68
PRJ-SYN-000259,2024-11-06,27,55.65,1572.63
PRJ-SYN-000259,2024-12-06,28,58.14,1636.82
PRJ-SYN-000259,2025-01-05,29,60.64,1701.24
PRJ-SYN-000259,2025-02-04,30,63.15,1765.88
PRJ-SYN-000259,2025-03-06,31,65.69,1830.73
PRJ-SYN-000259,2025-04-05,32,68.24,1895.8
PRJ-SYN-000259,2025-05-05,33,70.81,1961.07
PRJ-SYN-000259,2025-06-04,34,73.39,2026.53
PRJ-SYN-000259,2025-07-04,35,75.99,2092.19
PRJ-SYN-000259,2025-08-03,36,78.6,2158.04
PRJ-SYN-000259,2025-09-02,37,81.23,2224.07
PRJ-SYN-000259,2025-10-02,38,83.87,2290.28
PRJ-SYN-000259,2025-11-01,39,86.52,2356.67
PRJ-SYN-000259,2025-12-01,40,89.19,2423.22
PRJ-SYN-000259,2025-12-31,41,91.88,2489.94
PRJ-SYN-000259,2026-01-30,42,94.57,2556.83
PRJ-SYN-000259,2026-03-01,43,97.28,2623.87
PRJ-SYN-000260,2024-10-07,10,15.94,96.87
PRJ-SYN-000260,2024-11-06,11,17.87,107.57
PRJ-SYN-000260,2024-12-06,12,19.84,118.38
PRJ-SYN-000260,2025-01-05,13,21.84,129.27
PRJ-SYN-000260,2025-02-04,14,23.87,140.25
PRJ-SYN-000260,2025-03-06,15,25.93,151.31
PRJ-SYN-000260,2025-04-05,16,28.02,162.44
PRJ-SYN-000260,2025-05-05,17,30.13,173.65
PRJ-SYN-000260,2025-06-04,18,32.27,184.92
PRJ-SYN-000260,2025-07-04,19,34.44,196.25
PRJ-SYN-000260,2025-08-03,20,36.62,207.64
PRJ-SYN-000260,2025-09-02,21,38.83,219.09
PRJ-SYN-000260,2025-10-02,22,41.06,230.59
PRJ-SYN-000260,2025-11-01,23,43.31,242.14
PRJ-SYN-000260,2025-12-01,24,45.58,253.75
PRJ-SYN-000260,2025-12-31,25,47.87,265.4
PRJ-SYN-000260,2026-01-30,26,50.17,277.1
PRJ-SYN-000260,2026-03-01,27,52.5,288.85
PRJ-SYN-000261,2024-10-07,63,73.97,462.94
PRJ-SYN-000261,2024-11-06,64,75.38,471.03
PRJ-SYN-000261,2024-12-06,65,76.79,479.13
PRJ-SYN-000261,2025-01-05,66,78.21,487.25
PRJ-SYN-000261,2025-02-04,67,79.64,495.38
PRJ-SYN-000261,2025-03-06,68,81.06,503.51
PRJ-SYN-000261,2025-04-05,69,82.5,511.67
PRJ-SYN-000261,2025-05-05,70,83.93,519.83
PRJ-SYN-000261,2025-06-04,71,85.37,528.0
PRJ-SYN-000261,2025-07-04,72,86.82,536.19
PRJ-SYN-000261,2025-08-03,73,88.27,544.39
PRJ-SYN-000261,2025-09-02,74,89.72,552.6
PRJ-SYN-000261,2025-10-02,75,91.18,560.82
PRJ-SYN-000261,2025-11-01,76,92.64,569.05
PRJ-SYN-000261,2025-12-01,77,94.1,577.29
PRJ-SYN-000261,2025-12-31,78,95.57,585.54
PRJ-SYN-000261,2026-01-30,79,97.04,593.8
PRJ-SYN-000261,2026-03-01,80,98.52,602.08
PRJ-SYN-000262,2024-10-07,27,27.94,636.07
PRJ-SYN-000262,2024-11-06,28,29.19,662.03
PRJ-SYN-000262,2024-12-06,29,30.44,688.08
PRJ-SYN-000262,2025-01-05,30,31.71,714.23
PRJ-SYN-000262,2025-02-04,31,32.98,740.46
PRJ-SYN-000262,2025-03-06,32,34.26,766.77
PRJ-SYN-000262,2025-04-05,33,35.55,793.17
PRJ-SYN-000262,2025-05-05,34,36.85,819.65
PRJ-SYN-000262,2025-06-04,35,38.15,846.21
PRJ-SYN-000262,2025-07-04,36,39.46,872.84
PRJ-SYN-000262,2025-08-03,37,40.78,899.55
PRJ-SYN-000262,2025-09-02,38,42.11,926.33
PRJ-SYN-000262,2025-10-02,39,43.44,953.18
PRJ-SYN-000262,2025-11-01,40,44.78,980.09
PRJ-SYN-000262,2025-12-01,41,46.13,1007.08
PRJ-SYN-000262,2025-12-31,42,47.48,1034.13
PRJ-SYN-000262,2026-01-30,43,48.84,1061.25
PRJ-SYN-000262,2026-03-01,44,50.21,1088.43
PRJ-SYN-000263,2024-10-07,75,72.07,1091.74
PRJ-SYN-000263,2024-11-06,76,73.23,1107.77
PRJ-SYN-000263,2024-12-06,77,74.39,1123.81
PRJ-SYN-000263,2025-01-05,78,75.55,1139.88
PRJ-SYN-000263,2025-02-04,79,76.71,1155.96
PRJ-SYN-000263,2025-03-06,80,77.88,1172.07
PRJ-SYN-000263,2025-04-05,81,79.05,1188.19
PRJ-SYN-000263,2025-05-05,82,80.22,1204.34
PRJ-SYN-000263,2025-06-04,83,81.39,1220.51
PRJ-SYN-000263,2025-07-04,84,82.57,1236.69
PRJ-SYN-000263,2025-08-03,85,83.75,1252.89
PRJ-SYN-000263,2025-09-02,86,84.94,1269.12
PRJ-SYN-000263,2025-10-02,87,86.12,1285.36
PRJ-SYN-000263,2025-11-01,88,87.31,1301.62
PRJ-SYN-000263,2025-12-01,89,88.51,1317.9
PRJ-SYN-000263,2025-12-31,90,89.7,1334.2
PRJ-SYN-000263,2026-01-30,91,90.9,1350.51
PRJ-SYN-000263,2026-03-01,92,92.1,1366.85
PRJ-SYN-000264,2024-10-07,38,62.79,942.24
PRJ-SYN-000264,2024-11-06,39,64.78,969.55
PRJ-SYN-000264,2024-12-06,40,66.78,996.94
PRJ-SYN-000264,2025-01-05,41,68.79,1024.38
PRJ-SYN-000264,2025-02-04,42,70.81,1051.9
PRJ-SYN-000264,2025-03-06,43,72.83,1079.48
PRJ-SYN-000264,2025-04-05,44,74.87,1107.13
PRJ-SYN-000264,2025-05-05,45,76.92,1134.84
PRJ-SYN-000264,2025-06-04,46,78.97,1162.61
PRJ-SYN-000264,2025-07-04,47,81.04,1190.44
PRJ-SYN-000264,2025-08-03,48,83.11,1218.33
PRJ-SYN-000264,2025-09-02,49,85.19,1246.28
PRJ-SYN-000264,2025-10-02,50,87.28,1274.29
PRJ-SYN-000264,2025-11-01,51,89.38,1302.35
PRJ-SYN-000264,2025-12-01,52,91.49,1330.47
PRJ-SYN-000264,2025-12-31,53,93.61,1358.64
PRJ-SYN-000264,2026-01-30,54,95.73,1386.86
PRJ-SYN-000264,2026-03-01,55,97.86,1415.14
PRJ-SYN-000265,2024-10-07,40,64.03,262.96
PRJ-SYN-000265,2024-11-06,41,65.95,270.2
PRJ-SYN-000265,2024-12-06,42,67.89,277.45
PRJ-SYN-000265,2025-01-05,43,69.83,284.73
PRJ-SYN-000265,2025-02-04,44,71.78,292.02
PRJ-SYN-000265,2025-03-06,45,73.75,299.33
PRJ-SYN-000265,2025-04-05,46,75.72,306.66
PRJ-SYN-000265,2025-05-05,47,77.7,314.0
PRJ-SYN-000265,2025-06-04,48,79.68,321.35
PRJ-SYN-000265,2025-07-04,49,81.68,328.73
PRJ-SYN-000265,2025-08-03,50,83.69,336.11
PRJ-SYN-000265,2025-09-02,51,85.7,343.51
PRJ-SYN-000265,2025-10-02,52,87.72,350.93
PRJ-SYN-000265,2025-11-01,53,89.75,358.36
PRJ-SYN-000265,2025-12-01,54,91.78,365.81
PRJ-SYN-000265,2025-12-31,55,93.83,373.26
PRJ-SYN-000265,2026-01-30,56,95.88,380.74
PRJ-SYN-000265,2026-03-01,57,97.93,388.22
PRJ-SYN-000266,2024-10-07,79,78.17,388.93
PRJ-SYN-000266,2024-11-06,80,79.36,394.35
PRJ-SYN-000266,2024-12-06,81,80.55,399.77
PRJ-SYN-000266,2025-01-05,82,81.74,405.21
PRJ-SYN-000266,2025-02-04,83,82.94,410.65
PRJ-SYN-000266,2025-03-06,84,84.14,416.09
PRJ-SYN-000266,2025-04-05,85,85.34,421.54
PRJ-SYN-000266,2025-05-05,86,86.55,427.0
PRJ-SYN-000266,2025-06-04,87,87.76,432.47
PRJ-SYN-000266,2025-07-04,88,88.97,437.94
PRJ-SYN-000266,2025-08-03,89,90.19,443.41
PRJ-SYN-000266,2025-09-02,90,91.4,448.9
PRJ-SYN-000266,2025-10-02,91,92.62,454.39
PRJ-SYN-000266,2025-11-01,92,93.85,459.88
PRJ-SYN-000266,2025-12-01,93,95.07,465.39
PRJ-SYN-000266,2025-12-31,94,96.3,470.89
PRJ-SYN-000266,2026-01-30,95,97.53,476.41
PRJ-SYN-000266,2026-03-01,96,98.76,481.93
PRJ-SYN-000267,2024-10-07,53,70.41,1361.19
PRJ-SYN-000267,2024-11-06,54,72.0,1389.46
PRJ-SYN-000267,2024-12-06,55,73.61,1417.79
PRJ-SYN-000267,2025-01-05,56,75.22,1446.18
PRJ-SYN-000267,2025-02-04,57,76.83,1474.61
PRJ-SYN-000267,2025-03-06,58,78.45,1503.09
PRJ-SYN-000267,2025-04-05,59,80.08,1531.62
PRJ-SYN-000267,2025-05-05,60,81.71,1560.2
PRJ-SYN-000267,2025-06-04,61,83.35,1588.83
PRJ-SYN-000267,2025-07-04,62,84.99,1617.5
PRJ-SYN-000267,2025-08-03,63,86.64,1646.22
PRJ-SYN-000267,2025-09-02,64,88.29,1674.99
PRJ-SYN-000267,2025-10-02,65,89.95,1703.8
PRJ-SYN-000267,2025-11-01,66,91.61,1732.66
PRJ-SYN-000267,2025-12-01,67,93.28,1761.56
PRJ-SYN-000267,2025-12-31,68,94.95,1790.5
PRJ-SYN-000267,2026-01-30,69,96.63,1819.48
PRJ-SYN-000267,2026-03-01,70,98.31,1848.51
PRJ-SYN-000268,2024-10-07,11,23.32,183.16
PRJ-SYN-000268,2024-11-06,12,25.88,201.56
PRJ-SYN-000268,2024-12-06,13,28.49,220.11
PRJ-SYN-000268,2025-01-05,14,31.14,238.8
PRJ-SYN-000268,2025-02-04,15,33.83,257.63
PRJ-SYN-000268,2025-03-06,16,36.55,276.59
PRJ-SYN-000268,2025-04-05,17,39.31,295.66
PRJ-SYN-000268,2025-05-05,18,42.1,314.85
PRJ-SYN-000268,2025-06-04,19,44.92,334.14
PRJ-SYN-000268,2025-07-04,20,47.78,353.53
PRJ-SYN-000268,2025-08-03,21,50.66,373.03
PRJ-SYN-000268,2025-09-02,22,53.57,392.61
PRJ-SYN-000268,2025-10-02,23,56.5,412.29
PRJ-SYN-000268,2025-11-01,24,59.46,432.05
PRJ-SYN-000268,2025-12-01,25,62.45,451.89
PRJ-SYN-000268,2025-12-31,26,65.46,471.81
PRJ-SYN-000268,2026-01-30,27,68.49,491.81
PRJ-SYN-000268,2026-03-01,28,71.54,511.88
PRJ-SYN-000269,2024-10-07,64,74.27,1794.46
PRJ-SYN-000269,2024-11-06,65,75.67,1825.33
PRJ-SYN-000269,2024-12-06,66,77.07,1856.24
PRJ-SYN-000269,2025-01-05,67,78.47,1887.2
PRJ-SYN-000269,2025-02-04,68,79.88,1918.21
PRJ-SYN-000269,2025-03-06,69,81.29,1949.26
PRJ-SYN-000269,2025-04-05,70,82.71,1980.36
PRJ-SYN-000269,2025-05-05,71,84.13,2011.5
PRJ-SYN-000269,2025-06-04,72,85.55,2042.69
PRJ-SYN-000269,2025-07-04,73,86.98,2073.92
PRJ-SYN-000269,2025-08-03,74,88.41,2105.19
PRJ-SYN-000269,2025-09-02,75,89.85,2136.51
PRJ-SYN-000269,2025-10-02,76,91.29,2167.86
PRJ-SYN-000269,2025-11-01,77,92.73,2199.26
PRJ-SYN-000269,2025-12-01,78,94.18,2230.7
PRJ-SYN-000269,2025-12-31,79,95.63,2262.18
PRJ-SYN-000269,2026-01-30,80,97.08,2293.7
PRJ-SYN-000269,2026-03-01,81,98.54,2325.25
PRJ-SYN-000270,2024-10-07,52,70.0,2664.81
PRJ-SYN-000270,2024-11-06,53,71.62,2721.23
PRJ-SYN-000270,2024-12-06,54,73.24,2777.76
PRJ-SYN-000270,2025-01-05,55,74.87,2834.4
PRJ-SYN-000270,2025-02-04,56,76.51,2891.14
PRJ-SYN-000270,2025-03-06,57,78.15,2947.98
PRJ-SYN-000270,2025-04-05,58,79.8,3004.92
PRJ-SYN-000270,2025-05-05,59,81.45,3061.96
PRJ-SYN-000270,2025-06-04,60,83.11,3119.09
PRJ-SYN-000270,2025-07-04,61,84.78,3176.32
PRJ-SYN-000270,2025-08-03,62,86.45,3233.65
PRJ-SYN-000270,2025-09-02,63,88.12,3291.06
PRJ-SYN-000270,2025-10-02,64,89.8,3348.57
PRJ-SYN-000270,2025-11-01,65,91.49,3406.17
PRJ-SYN-000270,2025-12-01,66,93.18,3463.86
PRJ-SYN-000270,2025-12-31,67,94.88,3521.63
PRJ-SYN-000270,2026-01-30,68,96.58,3579.49
PRJ-SYN-000270,2026-03-01,69,98.29,3637.44
PRJ-SYN-000271,2024-10-07,29,49.88,448.32
PRJ-SYN-000271,2024-11-06,30,51.95,465.36
PRJ-SYN-000271,2024-12-06,31,54.04,482.45
PRJ-SYN-000271,2025-01-05,32,56.14,499.6
PRJ-SYN-000271,2025-02-04,33,58.25,516.8
PRJ-SYN-000271,2025-03-06,34,60.37,534.05
PRJ-SYN-000271,2025-04-05,35,62.51,551.35
PRJ-SYN-000271,2025-05-05,36,64.66,568.71
PRJ-SYN-000271,2025-06-04,37,66.82,586.11
PRJ-SYN-000271,2025-07-04,38,68.99,603.56
PRJ-SYN-000271,2025-08-03,39,71.18,621.05
PRJ-SYN-000271,2025-09-02,40,73.37,638.59
PRJ-SYN-000271,2025-10-02,41,75.58,656.17
PRJ-SYN-000271,2025-11-01,42,77.8,673.8
PRJ-SYN-000271,2025-12-01,43,80.03,691.47
PRJ-SYN-000271,2025-12-31,44,82.26,709.17
PRJ-SYN-000271,2026-01-30,45,84.51,726.92
PRJ-SYN-000271,2026-03-01,46,86.77,744.71
PRJ-SYN-000272,2024-10-07,55,71.19,329.53
PRJ-SYN-000272,2024-11-06,56,72.75,336.12
PRJ-SYN-000272,2024-12-06,57,74.31,342.73
PRJ-SYN-000272,2025-01-05,58,75.88,349.35
PRJ-SYN-000272,2025-02-04,59,77.45,355.98
PRJ-SYN-000272,2025-03-06,60,79.03,362.62
PRJ-SYN-000272,2025-04-05,61,80.61,369.28
PRJ-SYN-000272,2025-05-05,62,82.2,375.94
PRJ-SYN-000272,2025-06-04,63,83.8,382.62
PRJ-SYN-000272,2025-07-04,64,85.39,389.3
PRJ-SYN-000272,2025-08-03,65,87.0,396.0
PRJ-SYN-000272,2025-09-02,66,88.61,402.71
PRJ-SYN-000272,2025-10-02,67,90.22,409.42
PRJ-SYN-000272,2025-11-01,68,91.84,416.15
PRJ-SYN-000272,2025-12-01,69,93.46,422.89
PRJ-SYN-000272,2025-12-31,70,95.09,429.63
PRJ-SYN-000272,2026-01-30,71,96.72,436.39
PRJ-SYN-000272,2026-03-01,72,98.36,443.15
PRJ-SYN-000273,2024-10-07,67,75.16,1195.81
PRJ-SYN-000273,2024-11-06,68,76.51,1215.45
PRJ-SYN-000273,2024-12-06,69,77.86,1235.13
PRJ-SYN-000273,2025-01-05,70,79.22,1254.83
PRJ-SYN-000273,2025-02-04,71,80.58,1274.57
PRJ-SYN-000273,2025-03-06,72,81.94,1294.33
PRJ-SYN-000273,2025-04-05,73,83.31,1314.12
PRJ-SYN-000273,2025-05-05,74,84.68,1333.93
PRJ-SYN-000273,2025-06-04,75,86.05,1353.77
PRJ-SYN-000273,2025-07-04,76,87.43,1373.64
PRJ-SYN-000273,2025-08-03,77,88.81,1393.54
PRJ-SYN-000273,2025-09-02,78,90.2,1413.46
PRJ-SYN-000273,2025-10-02,79,91.59,1433.4
PRJ-SYN-000273,2025-11-01,80,92.98,1453.37
PRJ-SYN-000273,2025-12-01,81,94.38,1473.37
PRJ-SYN-000273,2025-12-31,82,95.78,1493.39
PRJ-SYN-000273,2026-01-30,83,97.18,1513.44
PRJ-SYN-000273,2026-03-01,84,98.59,1533.51
PRJ-SYN-000274,2024-10-07,43,65.73,1287.48
PRJ-SYN-000274,2024-11-06,44,67.57,1320.45
PRJ-SYN-000274,2024-12-06,45,69.42,1353.5
PRJ-SYN-000274,2025-01-05,46,71.27,1386.62
PRJ-SYN-000274,2025-02-04,47,73.13,1419.82
PRJ-SYN-000274,2025-03-06,48,75.01,1453.08
PRJ-SYN-000274,2025-04-05,49,76.88,1486.42
PRJ-SYN-000274,2025-05-05,50,78.77,1519.82
PRJ-SYN-000274,2025-06-04,51,80.67,1553.29
PRJ-SYN-000274,2025-07-04,52,82.57,1586.82
PRJ-SYN-000274,2025-08-03,53,84.48,1620.42
PRJ-SYN-000274,2025-09-02,54,86.39,1654.09
PRJ-SYN-000274,2025-10-02,55,88.32,1687.81
PRJ-SYN-000274,2025-11-01,56,90.25,1721.6
PRJ-SYN-000274,2025-12-01,57,92.18,1755.45
PRJ-SYN-000274,2025-12-31,58,94.13,1789.35
PRJ-SYN-000274,2026-01-30,59,96.08,1823.32
PRJ-SYN-000274,2026-03-01,60,98.04,1857.34
PRJ-SYN-000275,2024-10-07,76,77.49,464.93
PRJ-SYN-000275,2024-11-06,77,78.71,471.66
PRJ-SYN-000275,2024-12-06,78,79.94,478.41
PRJ-SYN-000275,2025-01-05,79,81.17,485.16
PRJ-SYN-000275,2025-02-04,80,82.41,491.92
PRJ-SYN-000275,2025-03-06,81,83.64,498.69
PRJ-SYN-000275,2025-04-05,82,84.88,505.46
PRJ-SYN-000275,2025-05-05,83,86.13,512.25
PRJ-SYN-000275,2025-06-04,84,87.37,519.04
PRJ-SYN-000275,2025-07-04,85,88.62,525.84
PRJ-SYN-000275,2025-08-03,86,89.88,532.65
PRJ-SYN-000275,2025-09-02,87,91.13,539.47
PRJ-SYN-000275,2025-10-02,88,92.39,546.29
PRJ-SYN-000275,2025-11-01,89,93.65,553.12
PRJ-SYN-000275,2025-12-01,90,94.92,559.96
PRJ-SYN-000275,2025-12-31,91,96.18,566.81
PRJ-SYN-000275,2026-01-30,92,97.45,573.67
PRJ-SYN-000275,2026-03-01,93,98.72,580.53
PRJ-SYN-000276,2024-10-07,76,77.49,2196.95
PRJ-SYN-000276,2024-11-06,77,78.71,2228.77
PRJ-SYN-000276,2024-12-06,78,79.94,2260.63
PRJ-SYN-000276,2025-01-05,79,81.17,2292.53
PRJ-SYN-000276,2025-02-04,80,82.41,2324.47
PRJ-SYN-000276,2025-03-06,81,83.64,2356.45
PRJ-SYN-000276,2025-04-05,82,84.88,2388.48
PRJ-SYN-000276,2025-05-05,83,86.13,2420.54
PRJ-SYN-000276,2025-06-04,84,87.37,2452.63
PRJ-SYN-000276,2025-07-04,85,88.62,2484.77
PRJ-SYN-000276,2025-08-03,86,89.88,2516.95
PRJ-SYN-000276,2025-09-02,87,91.13,2549.16
PRJ-SYN-000276,2025-10-02,88,92.39,2581.41
PRJ-SYN-000276,2025-11-01,89,93.65,2613.69
PRJ-SYN-000276,2025-12-01,90,94.92,2646.02
PRJ-SYN-000276,2025-12-31,91,96.18,2678.37
PRJ-SYN-000276,2026-01-30,92,97.45,2710.77
PRJ-SYN-000276,2026-03-01,93,98.72,2743.2
PRJ-SYN-000277,2024-10-07,81,78.6,8390.22
PRJ-SYN-000277,2024-11-06,82,79.77,8504.23
PRJ-SYN-000277,2024-12-06,83,80.93,8618.38
PRJ-SYN-000277,2025-01-05,84,82.11,8732.67
PRJ-SYN-000277,2025-02-04,85,83.28,8847.09
PRJ-SYN-000277,2025-03-06,86,84.46,8961.65
PRJ-SYN-000277,2025-04-05,87,85.64,9076.34
PRJ-SYN-000277,2025-05-05,88,86.82,9191.17
PRJ-SYN-000277,2025-06-04,89,88.0,9306.12
PRJ-SYN-000277,2025-07-04,90,89.19,9421.2
PRJ-SYN-000277,2025-08-03,91,90.38,9536.42
PRJ-SYN-000277,2025-09-02,92,91.58,9651.75
PRJ-SYN-000277,2025-10-02,93,92.77,9767.22
PRJ-SYN-000277,2025-11-01,94,93.97,9882.81
PRJ-SYN-000277,2025-12-01,95,95.17,9998.52
PRJ-SYN-000277,2025-12-31,96,96.37,10114.35
PRJ-SYN-000277,2026-01-30,97,97.58,10230.3
PRJ-SYN-000277,2026-03-01,98,98.79,10346.38
PRJ-SYN-000278,2024-10-07,19,14.04,123.0
PRJ-SYN-000278,2024-11-06,20,14.93,130.14
PRJ-SYN-000278,2024-12-06,21,15.83,137.31
PRJ-SYN-000278,2025-01-05,22,16.74,144.52
PRJ-SYN-000278,2025-02-04,23,17.66,151.76
PRJ-SYN-000278,2025-03-06,24,18.58,159.04
PRJ-SYN-000278,2025-04-05,25,19.52,166.34
PRJ-SYN-000278,2025-05-05,26,20.46,173.68
PRJ-SYN-000278,2025-06-04,27,21.4,181.04
PRJ-SYN-000278,2025-07-04,28,22.36,188.43
PRJ-SYN-000278,2025-08-03,29,23.32,195.84
PRJ-SYN-000278,2025-09-02,30,24.29,203.28
PRJ-SYN-000278,2025-10-02,31,25.26,210.75
PRJ-SYN-000278,2025-11-01,32,26.25,218.24
PRJ-SYN-000278,2025-12-01,33,27.23,225.75
PRJ-SYN-000278,2025-12-31,34,28.23,233.29
PRJ-SYN-000278,2026-01-30,35,29.22,240.85
PRJ-SYN-000278,2026-03-01,36,30.23,248.43
PRJ-SYN-000279,2024-10-07,65,74.58,591.38
PRJ-SYN-000279,2024-11-06,66,75.96,601.39
PRJ-SYN-000279,2024-12-06,67,77.34,611.42
PRJ-SYN-000279,2025-01-05,68,78.73,621.47
PRJ-SYN-000279,2025-02-04,69,80.12,631.53
PRJ-SYN-000279,2025-03-06,70,81.51,641.6
PRJ-SYN-000279,2025-04-05,71,82.91,651.69
PRJ-SYN-000279,2025-05-05,72,84.32,661.8
PRJ-SYN-000279,2025-06-04,73,85.72,671.92
PRJ-SYN-000279,2025-07-04,74,87.13,682.05
PRJ-SYN-000279,2025-08-03,75,88.55,692.19
PRJ-SYN-000279,2025-09-02,76,89.97,702.35
PRJ-SYN-000279,2025-10-02,77,91.39,712.52
PRJ-SYN-000279,2025-11-01,78,92.82,722.71
PRJ-SYN-000279,2025-12-01,79,94.25,732.91
PRJ-SYN-000279,2025-12-31,80,95.68,743.12
PRJ-SYN-000279,2026-01-30,81,97.12,753.34
PRJ-SYN-000279,2026-03-01,82,98.56,763.58
PRJ-SYN-000280,2024-10-07,77,77.72,410.73
PRJ-SYN-000280,2024-11-06,78,78.93,416.6
PRJ-SYN-000280,2024-12-06,79,80.15,422.48
PRJ-SYN-000280,2025-01-05,80,81.37,428.36
PRJ-SYN-000280,2025-02-04,81,82.59,434.26
PRJ-SYN-000280,2025-03-06,82,83.81,440.16
PRJ-SYN-000280,2025-04-05,83,85.04,446.07
PRJ-SYN-000280,2025-05-05,84,86.27,451.98
PRJ-SYN-000280,2025-06-04,85,87.51,457.9
PRJ-SYN-000280,2025-07-04,86,88.74,463.83
PRJ-SYN-000280,2025-08-03,87,89.98,469.77
PRJ-SYN-000280,2025-09-02,88,91.22,475.71
PRJ-SYN-000280,2025-10-02,89,92.47,481.66
PRJ-SYN-000280,2025-11-01,90,93.72,487.62
PRJ-SYN-000280,2025-12-01,91,94.97,493.58
PRJ-SYN-000280,2025-12-31,92,96.22,499.55
PRJ-SYN-000280,2026-01-30,93,97.48,505.53
PRJ-SYN-000280,2026-03-01,94,98.74,511.51
PRJ-SYN-000281,2024-10-07,20,28.82,452.48
PRJ-SYN-000281,2024-11-06,21,30.56,477.43
PRJ-SYN-000281,2024-12-06,22,32.31,502.49
PRJ-SYN-000281,2025-01-05,23,34.08,527.67
PRJ-SYN-000281,2025-02-04,24,35.87,552.96
PRJ-SYN-000281,2025-03-06,25,37.67,578.36
PRJ-SYN-000281,2025-04-05,26,39.49,603.86
PRJ-SYN-000281,2025-05-05,27,41.31,629.46
PRJ-SYN-000281,2025-06-04,28,43.16,655.15
PRJ-SYN-000281,2025-07-04,29,45.01,680.93
PRJ-SYN-000281,2025-08-03,30,46.88,706.8
PRJ-SYN-000281,2025-09-02,31,48.76,732.76
PRJ-SYN-000281,2025-10-02,32,50.66,758.81
PRJ-SYN-000281,2025-11-01,33,52.56,784.93
PRJ-SYN-000281,2025-12-01,34,54.48,811.13
PRJ-SYN-000281,2025-12-31,35,56.41,837.41
PRJ-SYN-000281,2026-01-30,36,58.35,863.77
PRJ-SYN-000281,2026-03-01,37,60.3,890.2
PRJ-SYN-000282,2024-10-07,79,78.17,1327.81
PRJ-SYN-000282,2024-11-06,80,79.36,1346.31
PRJ-SYN-000282,2024-12-06,81,80.55,1364.83
PRJ-SYN-000282,2025-01-05,82,81.74,1383.38
PRJ-SYN-000282,2025-02-04,83,82.94,1401.95
PRJ-SYN-000282,2025-03-06,84,84.14,1420.54
PRJ-SYN-000282,2025-04-05,85,85.34,1439.15
PRJ-SYN-000282,2025-05-05,86,86.55,1457.79
PRJ-SYN-000282,2025-06-04,87,87.76,1476.45
PRJ-SYN-000282,2025-07-04,88,88.97,1495.12
PRJ-SYN-000282,2025-08-03,89,90.19,1513.82
PRJ-SYN-000282,2025-09-02,90,91.4,1532.54
PRJ-SYN-000282,2025-10-02,91,92.62,1551.29
PRJ-SYN-000282,2025-11-01,92,93.85,1570.05
PRJ-SYN-000282,2025-12-01,93,95.07,1588.83
PRJ-SYN-000282,2025-12-31,94,96.3,1607.63
PRJ-SYN-000282,2026-01-30,95,97.53,1626.46
PRJ-SYN-000282,2026-03-01,96,98.76,1645.3
PRJ-SYN-000283,2024-10-07,15,16.64,848.74
PRJ-SYN-000283,2024-11-06,16,17.98,911.18
PRJ-SYN-000283,2024-12-06,17,19.33,974.02
PRJ-SYN-000283,2025-01-05,18,20.7,1037.22
PRJ-SYN-000283,2025-02-04,19,22.09,1100.78
PRJ-SYN-000283,2025-03-06,20,23.49,1164.68
PRJ-SYN-000283,2025-04-05,21,24.91,1228.89
PRJ-SYN-000283,2025-05-05,22,26.34,1293.41
PRJ-SYN-000283,2025-06-04,23,27.78,1358.23
PRJ-SYN-000283,2025-07-04,24,29.24,1423.33
PRJ-SYN-000283,2025-08-03,25,30.71,1488.7
PRJ-SYN-000283,2025-09-02,26,32.19,1554.33
PRJ-SYN-000283,2025-10-02,27,33.68,1620.21
PRJ-SYN-000283,2025-11-01,28,35.18,1686.34
PRJ-SYN-000283,2025-12-01,29,36.7,1752.71
PRJ-SYN-000283,2025-12-31,30,38.22,1819.3
PRJ-SYN-000283,2026-01-30,31,39.75,1886.12
PRJ-SYN-000283,2026-03-01,32,41.3,1953.16
PRJ-SYN-000284,2024-10-07,56,71.57,1180.5
PRJ-SYN-000284,2024-11-06,57,73.11,1203.7
PRJ-SYN-000284,2024-12-06,58,74.65,1226.95
PRJ-SYN-000284,2025-01-05,59,76.2,1250.24
PRJ-SYN-000284,2025-02-04,60,77.75,1273.57
PRJ-SYN-000284,2025-03-06,61,79.31,1296.94
PRJ-SYN-000284,2025-04-05,62,80.87,1320.35
PRJ-SYN-000284,2025-05-05,63,82.44,1343.79
PRJ-SYN-000284,2025-06-04,64,84.01,1367.27
PRJ-SYN-000284,2025-07-04,65,85.59,1390.79
PRJ-SYN-000284,2025-08-03,66,87.17,1414.35
PRJ-SYN-000284,2025-09-02,67,88.76,1437.94
PRJ-SYN-000284,2025-10-02,68,90.35,1461.56
PRJ-SYN-000284,2025-11-01,69,91.95,1485.22
PRJ-SYN-000284,2025-12-01,70,93.55,1508.92
PRJ-SYN-000284,2025-12-31,71,95.16,1532.65
PRJ-SYN-000284,2026-01-30,72,96.77,1556.41
PRJ-SYN-000284,2026-03-01,73,98.38,1580.2
PRJ-SYN-000285,2024-10-07,17,36.55,1519.03
PRJ-SYN-000285,2024-11-06,18,39.14,1617.61
PRJ-SYN-000285,2024-12-06,19,41.77,1716.73
PRJ-SYN-000285,2025-01-05,20,44.42,1816.38
PRJ-SYN-000285,2025-02-04,21,47.1,1916.53
PRJ-SYN-000285,2025-03-06,22,49.8,2017.15
PRJ-SYN-000285,2025-04-05,23,52.53,2118.24
PRJ-SYN-000285,2025-05-05,24,55.28,2219.76
PRJ-SYN-000285,2025-06-04,25,58.06,2321.71
PRJ-SYN-000285,2025-07-04,26,60.86,2424.07
PRJ-SYN-000285,2025-08-03,27,63.68,2526.82
PRJ-SYN-000285,2025-09-02,28,66.52,2629.95
PRJ-SYN-000285,2025-10-02,29,69.38,2733.45
PRJ-SYN-000285,2025-11-01,30,72.26,2837.31
PRJ-SYN-000285,2025-12-01,31,75.16,2941.52
PRJ-SYN-000285,2025-12-31,32,78.08,3046.06
PRJ-SYN-000285,2026-01-30,33,81.01,3150.93
PRJ-SYN-000285,2026-03-01,34,83.97,3256.12
PRJ-SYN-000286,2024-10-07,56,65.8,3172.1
PRJ-SYN-000286,2024-11-06,57,67.21,3234.47
PRJ-SYN-000286,2024-12-06,58,68.63,3296.94
PRJ-SYN-000286,2025-01-05,59,70.05,3359.52
PRJ-SYN-000286,2025-02-04,60,71.48,3422.21
PRJ-SYN-000286,2025-03-06,61,72.91,3485.0
PRJ-SYN-000286,2025-04-05,62,74.34,3547.9
PRJ-SYN-000286,2025-05-05,63,75.79,3610.9
PRJ-SYN-000286,2025-06-04,64,77.23,3673.99
PRJ-SYN-000286,2025-07-04,65,78.68,3737.19
PRJ-SYN-000286,2025-08-03,66,80.14,3800.48
PRJ-SYN-000286,2025-09-02,67,81.6,3863.87
PRJ-SYN-000286,2025-10-02,68,83.06,3927.36
PRJ-SYN-000286,2025-11-01,69,84.53,3990.93
PRJ-SYN-000286,2025-12-01,70,86.0,4054.6
PRJ-SYN-000286,2025-12-31,71,87.48,4118.36
PRJ-SYN-000286,2026-01-30,72,88.96,4182.21
PRJ-SYN-000286,2026-03-01,73,90.44,4246.15
PRJ-SYN-000287,2024-10-07,24,48.26,512.39
PRJ-SYN-000287,2024-11-06,25,50.68,535.92
PRJ-SYN-000287,2024-12-06,26,53.12,559.55
PRJ-SYN-000287,2025-01-05,27,55.58,583.27
PRJ-SYN-000287,2025-02-04,28,58.06,607.07
PRJ-SYN-000287,2025-03-06,29,60.56,630.96
PRJ-SYN-000287,2025-04-05,30,63.07,654.94
PRJ-SYN-000287,2025-05-05,31,65.6,678.99
PRJ-SYN-000287,2025-06-04,32,68.15,703.12
PRJ-SYN-000287,2025-07-04,33,70.72,727.33
PRJ-SYN-000287,2025-08-03,34,73.3,751.61
PRJ-SYN-000287,2025-09-02,35,75.89,775.96
PRJ-SYN-000287,2025-10-02,36,78.5,800.39
PRJ-SYN-000287,2025-11-01,37,81.12,824.88
PRJ-SYN-000287,2025-12-01,38,83.76,849.43
PRJ-SYN-000287,2025-12-31,39,86.41,874.05
PRJ-SYN-000287,2026-01-30,40,89.08,898.74
PRJ-SYN-000287,2026-03-01,41,91.76,923.48
PRJ-SYN-000288,2024-10-07,10,16.89,85.1
PRJ-SYN-000288,2024-11-06,11,18.94,94.51
PRJ-SYN-000288,2024-12-06,12,21.03,104.0
PRJ-SYN-000288,2025-01-05,13,23.15,113.57
PRJ-SYN-000288,2025-02-04,14,25.3,123.22
PRJ-SYN-000288,2025-03-06,15,27.48,132.93
PRJ-SYN-000288,2025-04-05,16,29.69,142.71
PRJ-SYN-000288,2025-05-05,17,31.94,152.55
PRJ-SYN-000288,2025-06-04,18,34.2,162.45
PRJ-SYN-000288,2025-07-04,19,36.5,172.41
PRJ-SYN-000288,2025-08-03,20,38.81,182.41
PRJ-SYN-000288,2025-09-02,21,41.15,192.47
PRJ-SYN-000288,2025-10-02,22,43.52,202.58
PRJ-SYN-000288,2025-11-01,23,45.9,212.73
PRJ-SYN-000288,2025-12-01,24,48.3,222.93
PRJ-SYN-000288,2025-12-31,25,50.73,233.16
PRJ-SYN-000288,2026-01-30,26,53.17,243.44
PRJ-SYN-000288,2026-03-01,27,55.64,253.76
PRJ-SYN-000289,2024-10-07,72,76.51,170.74
PRJ-SYN-000289,2024-11-06,73,77.79,173.35
PRJ-SYN-000289,2024-12-06,74,79.07,175.96
PRJ-SYN-000289,2025-01-05,75,80.35,178.58
PRJ-SYN-000289,2025-02-04,76,81.64,181.2
PRJ-SYN-000289,2025-03-06,77,82.93,183.83
PRJ-SYN-000289,2025-04-05,78,84.22,186.45
PRJ-SYN-000289,2025-05-05,79,85.52,189.09
PRJ-SYN-000289,2025-06-04,80,86.82,191.72
PRJ-SYN-000289,2025-07-04,81,88.12,194.36
PRJ-SYN-000289,2025-08-03,82,89.43,197.0
PRJ-SYN-000289,2025-09-02,83,90.74,199.64
PRJ-SYN-000289,2025-10-02,84,92.05,202.29
PRJ-SYN-000289,2025-11-01,85,93.37,204.94
PRJ-SYN-000289,2025-12-01,86,94.69,207.59
PRJ-SYN-000289,2025-12-31,87,96.01,210.25
PRJ-SYN-000289,2026-01-30,88,97.34,212.91
PRJ-SYN-000289,2026-03-01,89,98.67,215.57
PRJ-SYN-000290,2024-10-07,35,49.04,727.27
PRJ-SYN-000290,2024-11-06,36,50.73,750.16
PRJ-SYN-000290,2024-12-06,37,52.42,773.11
PRJ-SYN-000290,2025-01-05,38,54.13,796.13
PRJ-SYN-000290,2025-02-04,39,55.84,819.2
PRJ-SYN-000290,2025-03-06,40,57.57,842.34
PRJ-SYN-000290,2025-04-05,41,59.3,865.53
PRJ-SYN-000290,2025-05-05,42,61.04,888.78
PRJ-SYN-000290,2025-06-04,43,62.78,912.08
PRJ-SYN-000290,2025-07-04,44,64.54,935.44
PRJ-SYN-000290,2025-08-03,45,66.3,958.86
PRJ-SYN-000290,2025-09-02,46,68.08,982.32
PRJ-SYN-000290,2025-10-02,47,69.86,1005.84
PRJ-SYN-000290,2025-11-01,48,71.64,1029.4
PRJ-SYN-000290,2025-12-01,49,73.44,1053.02
PRJ-SYN-000290,2025-12-31,50,75.24,1076.68
PRJ-SYN-000290,2026-01-30,51,77.05,1100.39
PRJ-SYN-000290,2026-03-01,52,78.87,1124.15
PRJ-SYN-000291,2024-10-07,35,60.78,1457.53
PRJ-SYN-000291,2024-11-06,36,62.87,1503.4
PRJ-SYN-000291,2024-12-06,37,64.97,1549.4
PRJ-SYN-000291,2025-01-05,38,67.08,1595.52
PRJ-SYN-000291,2025-02-04,39,69.21,1641.77
PRJ-SYN-000291,2025-03-06,40,71.34,1688.14
PRJ-SYN-000291,2025-04-05,41,73.49,1734.62
PRJ-SYN-000291,2025-05-05,42,75.64,1781.21
PRJ-SYN-000291,2025-06-04,43,77.81,1827.92
PRJ-SYN-000291,2025-07-04,44,79.99,1874.73
PRJ-SYN-000291,2025-08-03,45,82.17,1921.65
PRJ-SYN-000291,2025-09-02,46,84.37,1968.68
PRJ-SYN-000291,2025-10-02,47,86.57,2015.81
PRJ-SYN-000291,2025-11-01,48,88.79,2063.04
PRJ-SYN-000291,2025-12-01,49,91.01,2110.36
PRJ-SYN-000291,2025-12-31,50,93.25,2157.79
PRJ-SYN-000291,2026-01-30,51,95.49,2205.3
PRJ-SYN-000291,2026-03-01,52,97.74,2252.92
PRJ-SYN-000292,2024-10-07,68,75.44,380.03
PRJ-SYN-000292,2024-11-06,69,76.78,386.18
PRJ-SYN-000292,2024-12-06,70,78.11,392.35
PRJ-SYN-000292,2025-01-05,71,79.45,398.52
PRJ-SYN-000292,2025-02-04,72,80.8,404.69
PRJ-SYN-000292,2025-03-06,73,82.15,410.88
PRJ-SYN-000292,2025-04-05,74,83.5,417.08
PRJ-SYN-000292,2025-05-05,75,84.85,423.28
PRJ-SYN-000292,2025-06-04,76,86.21,429.49
PRJ-SYN-000292,2025-07-04,77,87.58,435.71
PRJ-SYN-000292,2025-08-03,78,88.94,441.94
PRJ-SYN-000292,2025-09-02,79,90.31,448.18
PRJ-SYN-000292,2025-10-02,80,91.69,454.42
PRJ-SYN-000292,2025-11-01,81,93.06,460.67
PRJ-SYN-000292,2025-12-01,82,94.44,466.93
PRJ-SYN-000292,2025-12-31,83,95.83,473.2
PRJ-SYN-000292,2026-01-30,84,97.22,479.48
PRJ-SYN-000292,2026-03-01,85,98.61,485.76
PRJ-SYN-000293,2024-10-07,20,33.14,148.9
PRJ-SYN-000293,2024-11-06,21,35.14,157.11
PRJ-SYN-000293,2024-12-06,22,37.16,165.36
PRJ-SYN-000293,2025-01-05,23,39.2,173.64
PRJ-SYN-000293,2025-02-04,24,41.25,181.97
PRJ-SYN-000293,2025-03-06,25,43.32,190.32
PRJ-SYN-000293,2025-04-05,26,45.41,198.71
PRJ-SYN-000293,2025-05-05,27,47.51,207.14
PRJ-SYN-000293,2025-06-04,28,49.63,215.59
PRJ-SYN-000293,2025-07-04,29,51.77,224.08
PRJ-SYN-000293,2025-08-03,30,53.92,232.59
PRJ-SYN-000293,2025-09-02,31,56.08,241.13
PRJ-SYN-000293,2025-10-02,32,58.26,249.7
PRJ-SYN-000293,2025-11-01,33,60.45,258.3
PRJ-SYN-000293,2025-12-01,34,62.65,266.92
PRJ-SYN-000293,2025-12-31,35,64.87,275.57
PRJ-SYN-000293,2026-01-30,36,67.1,284.24
PRJ-SYN-000293,2026-03-01,37,69.34,292.94
PRJ-SYN-000294,2024-10-07,61,73.32,659.97
PRJ-SYN-000294,2024-11-06,62,74.77,671.88
PRJ-SYN-000294,2024-12-06,63,76.22,683.81
PRJ-SYN-000294,2025-01-05,64,77.67,695.76
PRJ-SYN-000294,2025-02-04,65,79.13,707.72
PRJ-SYN-000294,2025-03-06,66,80.59,719.71
PRJ-SYN-000294,2025-04-05,67,82.06,731.71
PRJ-SYN-000294,2025-05-05,68,83.53,743.74
PRJ-SYN-000294,2025-06-04,69,85.01,755.78
PRJ-SYN-000294,2025-07-04,70,86.49,767.83
PRJ-SYN-000294,2025-08-03,71,87.97,779.91
PRJ-SYN-000294,2025-09-02,72,89.46,792.0
PRJ-SYN-000294,2025-10-02,73,90.96,804.11
PRJ-SYN-000294,2025-11-01,74,92.45,816.23
PRJ-SYN-000294,2025-12-01,75,93.96,828.37
PRJ-SYN-000294,2025-12-31,76,95.46,840.53
PRJ-SYN-000294,2026-01-30,77,96.97,852.71
PRJ-SYN-000294,2026-03-01,78,98.48,864.89
PRJ-SYN-000295,2024-10-07,33,54.29,121.65
PRJ-SYN-000295,2024-11-06,34,56.27,125.71
PRJ-SYN-000295,2024-12-06,35,58.26,129.78
PRJ-SYN-000295,2025-01-05,36,60.26,133.87
PRJ-SYN-000295,2025-02-04,37,62.28,137.97
PRJ-SYN-000295,2025-03-06,38,64.3,142.07
PRJ-SYN-000295,2025-04-05,39,66.34,146.19
PRJ-SYN-000295,2025-05-05,40,68.38,150.32
PRJ-SYN-000295,2025-06-04,41,70.44,154.46
PRJ-SYN-000295,2025-07-04,42,72.51,158.61
PRJ-SYN-000295,2025-08-03,43,74.58,162.77
PRJ-SYN-000295,2025-09-02,44,76.67,166.93
PRJ-SYN-000295,2025-10-02,45,78.77,171.11
PRJ-SYN-000295,2025-11-01,46,80.87,175.3
PRJ-SYN-000295,2025-12-01,47,82.98,179.5
PRJ-SYN-000295,2025-12-31,48,85.11,183.7
PRJ-SYN-000295,2026-01-30,49,87.24,187.92
PRJ-SYN-000295,2026-03-01,50,89.38,192.14
PRJ-SYN-000296,2024-10-07,33,45.37,3510.82
PRJ-SYN-000296,2024-11-06,34,47.02,3628.02
PRJ-SYN-000296,2024-12-06,35,48.69,3745.57
PRJ-SYN-000296,2025-01-05,36,50.36,3863.45
PRJ-SYN-000296,2025-02-04,37,52.04,3981.67
PRJ-SYN-000296,2025-03-06,38,53.74,4100.2
PRJ-SYN-000296,2025-04-05,39,55.44,4219.04
PRJ-SYN-000296,2025-05-05,40,57.15,4338.19
PRJ-SYN-000296,2025-06-04,41,58.87,4457.64
PRJ-SYN-000296,2025-07-04,42,60.59,4577.38
PRJ-SYN-000296,2025-08-03,43,62.33,4697.41
PRJ-SYN-000296,2025-09-02,44,64.07,4817.71
PRJ-SYN-000296,2025-10-02,45,65.82,4938.29
PRJ-SYN-000296,2025-11-01,46,67.58,5059.14
PRJ-SYN-000296,2025-12-01,47,69.35,5180.25
PRJ-SYN-000296,2025-12-31,48,71.12,5301.62
PRJ-SYN-000296,2026-01-30,49,72.9,5423.24
PRJ-SYN-000296,2026-03-01,50,74.69,5545.11
PRJ-SYN-000297,2024-10-07,46,67.28,440.46
PRJ-SYN-000297,2024-11-06,47,69.04,451.0
PRJ-SYN-000297,2024-12-06,48,70.81,461.57
PRJ-SYN-000297,2025-01-05,49,72.58,472.16
PRJ-SYN-000297,2025-02-04,50,74.36,482.77
PRJ-SYN-000297,2025-03-06,51,76.15,493.4
PRJ-SYN-000297,2025-04-05,52,77.94,504.05
PRJ-SYN-000297,2025-05-05,53,79.75,514.73
PRJ-SYN-000297,2025-06-04,54,81.56,525.42
PRJ-SYN-000297,2025-07-04,55,83.37,536.13
PRJ-SYN-000297,2025-08-03,56,85.19,546.86
PRJ-SYN-000297,2025-09-02,57,87.02,557.62
PRJ-SYN-000297,2025-10-02,58,88.86,568.39
PRJ-SYN-000297,2025-11-01,59,90.7,579.18
PRJ-SYN-000297,2025-12-01,60,92.55,589.98
PRJ-SYN-000297,2025-12-31,61,94.4,600.81
PRJ-SYN-000297,2026-01-30,62,96.26,611.65
PRJ-SYN-000297,2026-03-01,63,98.13,622.51
PRJ-SYN-000298,2024-10-07,68,75.44,964.49
PRJ-SYN-000298,2024-11-06,69,76.78,980.1
PRJ-SYN-000298,2024-12-06,70,78.11,995.74
PRJ-SYN-000298,2025-01-05,71,79.45,1011.4
PRJ-SYN-000298,2025-02-04,72,80.8,1027.08
PRJ-SYN-000298,2025-03-06,73,82.15,1042.78
PRJ-SYN-000298,2025-04-05,74,83.5,1058.5
PRJ-SYN-000298,2025-05-05,75,84.85,1074.25
PRJ-SYN-000298,2025-06-04,76,86.21,1090.02
PRJ-SYN-000298,2025-07-04,77,87.58,1105.8
PRJ-SYN-000298,2025-08-03,78,88.94,1121.61
PRJ-SYN-000298,2025-09-02,79,90.31,1137.44
PRJ-SYN-000298,2025-10-02,80,91.69,1153.28
PRJ-SYN-000298,2025-11-01,81,93.06,1169.15
PRJ-SYN-000298,2025-12-01,82,94.44,1185.04
PRJ-SYN-000298,2025-12-31,83,95.83,1200.95
PRJ-SYN-000298,2026-01-30,84,97.22,1216.87
PRJ-SYN-000298,2026-03-01,85,98.61,1232.82
PRJ-SYN-000299,2024-10-07,27,54.17,246.35
PRJ-SYN-000299,2024-11-06,28,56.59,256.4
PRJ-SYN-000299,2024-12-06,29,59.02,266.49
PRJ-SYN-000299,2025-01-05,30,61.47,276.62
PRJ-SYN-000299,2025-02-04,31,63.94,286.78
PRJ-SYN-000299,2025-03-06,32,66.42,296.97
PRJ-SYN-000299,2025-04-05,33,68.92,307.2
PRJ-SYN-000299,2025-05-05,34,71.44,317.45
PRJ-SYN-000299,2025-06-04,35,73.97,327.74
PRJ-SYN-000299,2025-07-04,36,76.51,338.05
PRJ-SYN-000299,2025-08-03,37,79.07,348.4
PRJ-SYN-000299,2025-09-02,38,81.64,358.77
PRJ-SYN-000299,2025-10-02,39,84.22,369.17
PRJ-SYN-000299,2025-11-01,40,86.82,379.59
PRJ-SYN-000299,2025-12-01,41,89.43,390.04
PRJ-SYN-000299,2025-12-31,42,92.05,400.52
PRJ-SYN-000299,2026-01-30,43,94.69,411.02
PRJ-SYN-000299,2026-03-01,44,97.34,421.55
PRJ-SYN-000300,2024-10-07,43,65.73,369.12
PRJ-SYN-000300,2024-11-06,44,67.57,378.57
PRJ-SYN-000300,2024-12-06,45,69.42,388.05
PRJ-SYN-000300,2025-01-05,46,71.27,397.55
PRJ-SYN-000300,2025-02-04,47,73.13,407.06
PRJ-SYN-000300,2025-03-06,48,75.01,416.6
PRJ-SYN-000300,2025-04-05,49,76.88,426.16
PRJ-SYN-000300,2025-05-05,50,78.77,435.73
PRJ-SYN-000300,2025-06-04,51,80.67,445.33
PRJ-SYN-000300,2025-07-04,52,82.57,454.94
PRJ-SYN-000300,2025-08-03,53,84.48,464.58
PRJ-SYN-000300,2025-09-02,54,86.39,474.23
PRJ-SYN-000300,2025-10-02,55,88.32,483.9
PRJ-SYN-000300,2025-11-01,56,90.25,493.58
PRJ-SYN-000300,2025-12-01,57,92.18,503.29
PRJ-SYN-000300,2025-12-31,58,94.13,513.01
PRJ-SYN-000300,2026-01-30,59,96.08,522.75
PRJ-SYN-000300,2026-03-01,60,98.04,532.5
PRJ-SYN-000301,2024-10-07,23,24.56,172.45
PRJ-SYN-000301,2024-11-06,24,25.84,180.72
PRJ-SYN-000301,2024-12-06,25,27.14,189.02
PRJ-SYN-000301,2025-01-05,26,28.45,197.35
PRJ-SYN-000301,2025-02-04,27,29.77,205.72
PRJ-SYN-000301,2025-03-06,28,31.09,214.11
PRJ-SYN-000301,2025-04-05,29,32.43,222.54
PRJ-SYN-000301,2025-05-05,30,33.78,230.99
PRJ-SYN-000301,2025-06-04,31,35.13,239.48
PRJ-SYN-000301,2025-07-04,32,36.5,247.99
PRJ-SYN-000301,2025-08-03,33,37.87,256.53
PRJ-SYN-000301,2025-09-02,34,39.25,265.09
PRJ-SYN-000301,2025-10-02,35,40.64,273.68
PRJ-SYN-000301,2025-11-01,36,42.04,282.29
PRJ-SYN-000301,2025-12-01,37,43.44,290.93
PRJ-SYN-000301,2025-12-31,38,44.86,299.59
PRJ-SYN-000301,2026-01-30,39,46.28,308.28
PRJ-SYN-000301,2026-03-01,40,47.71,316.98
PRJ-SYN-000302,2024-10-07,41,64.61,1808.84
PRJ-SYN-000302,2024-11-06,42,66.51,1857.43
PRJ-SYN-000302,2024-12-06,43,68.41,1906.13
PRJ-SYN-000302,2025-01-05,44,70.33,1954.95
PRJ-SYN-000302,2025-02-04,45,72.25,2003.88
PRJ-SYN-000302,2025-03-06,46,74.18,2052.92
PRJ-SYN-000302,2025-04-05,47,76.12,2102.06
PRJ-SYN-000302,2025-05-05,48,78.07,2151.31
PRJ-SYN-000302,2025-06-04,49,80.02,2200.66
PRJ-SYN-000302,2025-07-04,50,81.99,2250.12
PRJ-SYN-000302,2025-08-03,51,83.96,2299.67
PRJ-SYN-000302,2025-09-02,52,85.94,2349.32
PRJ-SYN-000302,2025-10-02,53,87.92,2399.06
PRJ-SYN-000302,2025-11-01,54,89.92,2448.9
PRJ-SYN-000302,2025-12-01,55,91.92,2498.83
PRJ-SYN-000302,2025-12-31,56,93.93,2548.85
PRJ-SYN-000302,2026-01-30,57,95.95,2598.96
PRJ-SYN-000302,2026-03-01,58,97.97,2649.16
PRJ-SYN-000303,2024-10-07,77,77.72,217.23
PRJ-SYN-000303,2024-11-06,78,78.93,220.33
PRJ-SYN-000303,2024-12-06,79,80.15,223.44
PRJ-SYN-000303,2025-01-05,80,81.37,226.56
PRJ-SYN-000303,2025-02-04,81,82.59,229.67
PRJ-SYN-000303,2025-03-06,82,83.81,232.8
PRJ-SYN-000303,2025-04-05,83,85.04,235.92
PRJ-SYN-000303,2025-05-05,84,86.27,239.05
PRJ-SYN-000303,2025-06-04,85,87.51,242.18
PRJ-SYN-000303,2025-07-04,86,88.74,245.32
PRJ-SYN-000303,2025-08-03,87,89.98,248.46
PRJ-SYN-000303,2025-09-02,88,91.22,251.6
PRJ-SYN-000303,2025-10-02,89,92.47,254.75
PRJ-SYN-000303,2025-11-01,90,93.72,257.9
PRJ-SYN-000303,2025-12-01,91,94.97,261.05
PRJ-SYN-000303,2025-12-31,92,96.22,264.21
PRJ-SYN-000303,2026-01-30,93,97.48,267.37
PRJ-SYN-000303,2026-03-01,94,98.74,270.53
PRJ-SYN-000304,2024-10-07,63,73.97,2577.22
PRJ-SYN-000304,2024-11-06,64,75.38,2622.26
PRJ-SYN-000304,2024-12-06,65,76.79,2667.36
PRJ-SYN-000304,2025-01-05,66,78.21,2712.54
PRJ-SYN-000304,2025-02-04,67,79.64,2757.78
PRJ-SYN-000304,2025-03-06,68,81.06,2803.09
PRJ-SYN-000304,2025-04-05,69,82.5,2848.47
PRJ-SYN-000304,2025-05-05,70,83.93,2893.91
PRJ-SYN-000304,2025-06-04,71,85.37,2939.42
PRJ-SYN-000304,2025-07-04,72,86.82,2984.99
PRJ-SYN-000304,2025-08-03,73,88.27,3030.63
PRJ-SYN-000304,2025-09-02,74,89.72,3076.32
PRJ-SYN-000304,2025-10-02,75,91.18,3122.08
PRJ-SYN-000304,2025-11-01,76,92.64,3167.9
PRJ-SYN-000304,2025-12-01,77,94.1,3213.79
PRJ-SYN-000304,2025-12-31,78,95.57,3259.73
PRJ-SYN-000304,2026-01-30,79,97.04,3305.73
PRJ-SYN-000304,2026-03-01,80,98.52,3351.78
PRJ-SYN-000305,2024-10-07,26,53.19,417.37
PRJ-SYN-000305,2024-11-06,27,55.65,435.06
PRJ-SYN-000305,2024-12-06,28,58.14,452.82
PRJ-SYN-000305,2025-01-05,29,60.64,470.64
PRJ-SYN-000305,2025-02-04,30,63.15,488.52
PRJ-SYN-000305,2025-03-06,31,65.69,506.46
PRJ-SYN-000305,2025-04-05,32,68.24,524.46
PRJ-SYN-000305,2025-05-05,33,70.81,542.52
PRJ-SYN-000305,2025-06-04,34,73.39,560.63
PRJ-SYN-000305,2025-07-04,35,75.99,578.79
PRJ-SYN-000305,2025-08-03,36,78.6,597.01
PRJ-SYN-000305,2025-09-02,37,81.23,615.28
PRJ-SYN-000305,2025-10-02,38,83.87,633.59
PRJ-SYN-000305,2025-11-01,39,86.52,651.96
PRJ-SYN-000305,2025-12-01,40,89.19,670.37
PRJ-SYN-000305,2025-12-31,41,91.88,688.83
PRJ-SYN-000305,2026-01-30,42,94.57,707.33
PRJ-SYN-000305,2026-03-01,43,97.28,725.88
PRJ-SYN-000306,2024-10-07,74,77.01,867.43
PRJ-SYN-000306,2024-11-06,75,78.26,880.33
PRJ-SYN-000306,2024-12-06,76,79.51,893.25
PRJ-SYN-000306,2025-01-05,77,80.77,906.19
PRJ-SYN-000306,2025-02-04,78,82.03,919.14
PRJ-SYN-000306,2025-03-06,79,83.29,932.11
PRJ-SYN-000306,2025-04-05,80,84.56,945.1
PRJ-SYN-000306,2025-05-05,81,85.83,958.1
PRJ-SYN-000306,2025-06-04,82,87.1,971.12
PRJ-SYN-000306,2025-07-04,83,88.38,984.16
PRJ-SYN-000306,2025-08-03,84,89.66,997.21
PRJ-SYN-000306,2025-09-02,85,90.94,1010.27
PRJ-SYN-000306,2025-10-02,86,92.23,1023.36
PRJ-SYN-000306,2025-11-01,87,93.51,1036.45
PRJ-SYN-000306,2025-12-01,88,94.81,1049.56
PRJ-SYN-000306,2025-12-31,89,96.1,1062.69
PRJ-SYN-000306,2026-01-30,90,97.4,1075.83
PRJ-SYN-000306,2026-03-01,91,98.7,1088.99
PRJ-SYN-000307,2024-10-07,34,60.06,521.5
PRJ-SYN-000307,2024-11-06,35,62.18,538.39
PRJ-SYN-000307,2024-12-06,36,64.32,555.34
PRJ-SYN-000307,2025-01-05,37,66.47,572.33
PRJ-SYN-000307,2025-02-04,38,68.63,589.37
PRJ-SYN-000307,2025-03-06,39,70.81,606.45
PRJ-SYN-000307,2025-04-05,40,72.99,623.58
PRJ-SYN-000307,2025-05-05,41,75.19,640.75
PRJ-SYN-000307,2025-06-04,42,77.39,657.96
PRJ-SYN-000307,2025-07-04,43,79.61,675.21
PRJ-SYN-000307,2025-08-03,44,81.84,692.5
PRJ-SYN-000307,2025-09-02,45,84.07,709.84
PRJ-SYN-000307,2025-10-02,46,86.32,727.21
PRJ-SYN-000307,2025-11-01,47,88.58,744.61
PRJ-SYN-000307,2025-12-01,48,90.84,762.06
PRJ-SYN-000307,2025-12-31,49,93.12,779.54
PRJ-SYN-000307,2026-01-30,50,95.4,797.06
PRJ-SYN-000307,2026-03-01,51,97.7,814.61
PRJ-SYN-000308,2024-10-07,65,65.37,312.4
PRJ-SYN-000308,2024-11-06,66,66.57,317.69
PRJ-SYN-000308,2024-12-06,67,67.79,322.99
PRJ-SYN-000308,2025-01-05,68,69.0,328.29
PRJ-SYN-000308,2025-02-04,69,70.22,333.61
PRJ-SYN-000308,2025-03-06,70,71.45,338.93
PRJ-SYN-000308,2025-04-05,71,72.67,344.26
PRJ-SYN-000308,2025-05-05,72,73.9,349.6
PRJ-SYN-000308,2025-06-04,73,75.14,354.94
PRJ-SYN-000308,2025-07-04,74,76.37,360.3
PRJ-SYN-000308,2025-08-03,75,77.61,365.65
PRJ-SYN-000308,2025-09-02,76,78.86,371.02
PRJ-SYN-000308,2025-10-02,77,80.1,376.39
PRJ-SYN-000308,2025-11-01,78,81.35,381.78
PRJ-SYN-000308,2025-12-01,79,82.61,387.16
PRJ-SYN-000308,2025-12-31,80,83.86,392.56
PRJ-SYN-000308,2026-01-30,81,85.12,397.96
PRJ-SYN-000308,2026-03-01,82,86.38,403.37
PRJ-SYN-000309,2024-10-07,44,66.26,1253.19
PRJ-SYN-000309,2024-11-06,45,68.07,1284.56
PRJ-SYN-000309,2024-12-06,46,69.89,1315.99
PRJ-SYN-000309,2025-01-05,47,71.72,1347.49
PRJ-SYN-000309,2025-02-04,48,73.56,1379.07
PRJ-SYN-000309,2025-03-06,49,75.4,1410.7
PRJ-SYN-000309,2025-04-05,50,77.25,1442.4
PRJ-SYN-000309,2025-05-05,51,79.11,1474.17
PRJ-SYN-000309,2025-06-04,52,80.97,1505.99
PRJ-SYN-000309,2025-07-04,53,82.84,1537.88
PRJ-SYN-000309,2025-08-03,54,84.72,1569.83
PRJ-SYN-000309,2025-09-02,55,86.61,1601.84
PRJ-SYN-000309,2025-10-02,56,88.5,1633.9
PRJ-SYN-000309,2025-11-01,57,90.4,1666.03
PRJ-SYN-000309,2025-12-01,58,92.31,1698.21
PRJ-SYN-000309,2025-12-31,59,94.22,1730.44
PRJ-SYN-000309,2026-01-30,60,96.14,1762.73
PRJ-SYN-000309,2026-03-01,61,98.07,1795.07
PRJ-SYN-000310,2024-10-07,55,62.01,1754.12
PRJ-SYN-000310,2024-11-06,56,63.37,1789.24
PRJ-SYN-000310,2024-12-06,57,64.73,1824.41
PRJ-SYN-000310,2025-01-05,58,66.09,1859.65
PRJ-SYN-000310,2025-02-04,59,67.46,1894.95
PRJ-SYN-000310,2025-03-06,60,68.84,1930.31
PRJ-SYN-000310,2025-04-05,61,70.21,1965.73
PRJ-SYN-000310,2025-05-05,62,71.6,2001.21
PRJ-SYN-000310,2025-06-04,63,72.99,2036.74
PRJ-SYN-000310,2025-07-04,64,74.38,2072.33
PRJ-SYN-000310,2025-08-03,65,75.78,2107.98
PRJ-SYN-000310,2025-09-02,66,77.18,2143.68
PRJ-SYN-000310,2025-10-02,67,78.58,2179.43
PRJ-SYN-000310,2025-11-01,68,79.99,2215.24
PRJ-SYN-000310,2025-12-01,69,81.4,2251.1
PRJ-SYN-000310,2025-12-31,70,82.82,2287.02
PRJ-SYN-000310,2026-01-30,71,84.24,2322.98
PRJ-SYN-000310,2026-03-01,72,85.67,2358.99
PRJ-SYN-000311,2024-10-07,65,74.58,593.98
PRJ-SYN-000311,2024-11-06,66,75.96,604.04
PRJ-SYN-000311,2024-12-06,67,77.34,614.12
PRJ-SYN-000311,2025-01-05,68,78.73,624.21
PRJ-SYN-000311,2025-02-04,69,80.12,634.31
PRJ-SYN-000311,2025-03-06,70,81.51,644.43
PRJ-SYN-000311,2025-04-05,71,82.91,654.57
PRJ-SYN-000311,2025-05-05,72,84.32,664.71
PRJ-SYN-000311,2025-06-04,73,85.72,674.88
PRJ-SYN-000311,2025-07-04,74,87.13,685.05
PRJ-SYN-000311,2025-08-03,75,88.55,695.24
PRJ-SYN-000311,2025-09-02,76,89.97,705.45
PRJ-SYN-000311,2025-10-02,77,91.39,715.66
PRJ-SYN-000311,2025-11-01,78,92.82,725.89
PRJ-SYN-000311,2025-12-01,79,94.25,736.14
PRJ-SYN-000311,2025-12-31,80,95.68,746.39
PRJ-SYN-000311,2026-01-30,81,97.12,756.66
PRJ-SYN-000311,2026-03-01,82,98.56,766.95
PRJ-SYN-000312,2024-10-07,65,69.71,2518.43
PRJ-SYN-000312,2024-11-06,66,71.0,2561.08
PRJ-SYN-000312,2024-12-06,67,72.3,2603.8
PRJ-SYN-000312,2025-01-05,68,73.59,2646.58
PRJ-SYN-000312,2025-02-04,69,74.89,2689.42
PRJ-SYN-000312,2025-03-06,70,76.2,2732.33
PRJ-SYN-000312,2025-04-05,71,77.51,2775.29
PRJ-SYN-000312,2025-05-05,72,78.82,2818.32
PRJ-SYN-000312,2025-06-04,73,80.13,2861.41
PRJ-SYN-000312,2025-07-04,74,81.45,2904.56
PRJ-SYN-000312,2025-08-03,75,82.77,2947.76
PRJ-SYN-000312,2025-09-02,76,84.1,2991.02
PRJ-SYN-000312,2025-10-02,77,85.43,3034.34
PRJ-SYN-000312,2025-11-01,78,86.76,3077.72
PRJ-SYN-000312,2025-12-01,79,88.1,3121.15
PRJ-SYN-000312,2025-12-31,80,89.44,3164.64
PRJ-SYN-000312,2026-01-30,81,90.78,3208.18
PRJ-SYN-000312,2026-03-01,82,92.13,3251.77
PRJ-SYN-000313,2024-10-07,45,66.78,516.58
PRJ-SYN-000313,2024-11-06,46,68.56,529.22
PRJ-SYN-000313,2024-12-06,47,70.36,541.89
PRJ-SYN-000313,2025-01-05,48,72.16,554.59
PRJ-SYN-000313,2025-02-04,49,73.97,567.31
PRJ-SYN-000313,2025-03-06,50,75.78,580.06
PRJ-SYN-000313,2025-04-05,51,77.6,592.83
PRJ-SYN-000313,2025-05-05,52,79.43,605.63
PRJ-SYN-000313,2025-06-04,53,81.27,618.45
PRJ-SYN-000313,2025-07-04,54,83.11,631.3
PRJ-SYN-000313,2025-08-03,55,84.96,644.17
PRJ-SYN-000313,2025-09-02,56,86.82,657.07
PRJ-SYN-000313,2025-10-02,57,88.68,669.99
PRJ-SYN-000313,2025-11-01,58,90.55,682.93
PRJ-SYN-000313,2025-12-01,59,92.43,695.89
PRJ-SYN-000313,2025-12-31,60,94.31,708.88
PRJ-SYN-000313,2026-01-30,61,96.2,721.88
PRJ-SYN-000313,2026-03-01,62,98.1,734.91
PRJ-SYN-000314,2024-10-07,54,70.81,154.18
PRJ-SYN-000314,2024-11-06,55,72.38,157.33
PRJ-SYN-000314,2024-12-06,56,73.97,160.48
PRJ-SYN-000314,2025-01-05,57,75.55,163.63
PRJ-SYN-000314,2025-02-04,58,77.15,166.79
PRJ-SYN-000314,2025-03-06,59,78.75,169.96
PRJ-SYN-000314,2025-04-05,60,80.35,173.13
PRJ-SYN-000314,2025-05-05,61,81.96,176.31
PRJ-SYN-000314,2025-06-04,62,83.57,179.49
PRJ-SYN-000314,2025-07-04,63,85.19,182.68
PRJ-SYN-000314,2025-08-03,64,86.82,185.87
PRJ-SYN-000314,2025-09-02,65,88.45,189.07
PRJ-SYN-000314,2025-10-02,66,90.09,192.27
PRJ-SYN-000314,2025-11-01,67,91.73,195.47
PRJ-SYN-000314,2025-12-01,68,93.37,198.69
PRJ-SYN-000314,2025-12-31,69,95.02,201.9
PRJ-SYN-000314,2026-01-30,70,96.68,205.12
PRJ-SYN-000314,2026-03-01,71,98.34,208.35
PRJ-SYN-000315,2024-10-07,48,68.24,648.97
PRJ-SYN-000315,2024-11-06,49,69.95,663.86
PRJ-SYN-000315,2024-12-06,50,71.67,678.78
PRJ-SYN-000315,2025-01-05,51,73.39,693.73
PRJ-SYN-000315,2025-02-04,52,75.12,708.7
PRJ-SYN-000315,2025-03-06,53,76.86,723.71
PRJ-SYN-000315,2025-04-05,54,78.6,738.74
PRJ-SYN-000315,2025-05-05,55,80.35,753.81
PRJ-SYN-000315,2025-06-04,56,82.11,768.9
PRJ-SYN-000315,2025-07-04,57,83.87,784.01
PRJ-SYN-000315,2025-08-03,58,85.64,799.16
PRJ-SYN-000315,2025-09-02,59,87.41,814.32
PRJ-SYN-000315,2025-10-02,60,89.19,829.52
PRJ-SYN-000315,2025-11-01,61,90.98,844.74
PRJ-SYN-000315,2025-12-01,62,92.77,859.99
PRJ-SYN-000315,2025-12-31,63,94.57,875.26
PRJ-SYN-000315,2026-01-30,64,96.37,890.55
PRJ-SYN-000315,2026-03-01,65,98.18,905.87
PRJ-SYN-000316,2024-10-07,11,18.64,816.58
PRJ-SYN-000316,2024-11-06,12,20.69,898.6
PRJ-SYN-000316,2024-12-06,13,22.77,981.3
PRJ-SYN-000316,2025-01-05,14,24.89,1064.65
PRJ-SYN-000316,2025-02-04,15,27.04,1148.59
PRJ-SYN-000316,2025-03-06,16,29.21,1233.1
PRJ-SYN-000316,2025-04-05,17,31.42,1318.13
PRJ-SYN-000316,2025-05-05,18,33.65,1403.67
PRJ-SYN-000316,2025-06-04,19,35.91,1489.69
PRJ-SYN-000316,2025-07-04,20,38.19,1576.15
PRJ-SYN-000316,2025-08-03,21,40.49,1663.06
PRJ-SYN-000316,2025-09-02,22,42.81,1750.37
PRJ-SYN-000316,2025-10-02,23,45.16,1838.09
PRJ-SYN-000316,2025-11-01,24,47.52,1926.19
PRJ-SYN-000316,2025-12-01,25,49.91,2014.65
PRJ-SYN-000316,2025-12-31,26,52.32,2103.47
PRJ-SYN-000316,2026-01-30,27,54.74,2192.63
PRJ-SYN-000316,2026-03-01,28,57.18,2282.13
PRJ-SYN-000317,2024-10-07,16,28.43,121.92
PRJ-SYN-000317,2024-11-06,17,30.57,130.33
PRJ-SYN-000317,2024-12-06,18,32.74,138.79
PRJ-SYN-000317,2025-01-05,19,34.94,147.29
PRJ-SYN-000317,2025-02-04,20,37.16,155.84
PRJ-SYN-000317,2025-03-06,21,39.4,164.43
PRJ-SYN-000317,2025-04-05,22,41.66,173.07
PRJ-SYN-000317,2025-05-05,23,43.94,181.74
PRJ-SYN-000317,2025-06-04,24,46.24,190.45
PRJ-SYN-000317,2025-07-04,25,48.57,199.2
PRJ-SYN-000317,2025-08-03,26,50.91,207.98
PRJ-SYN-000317,2025-09-02,27,53.27,216.8
PRJ-SYN-000317,2025-10-02,28,55.64,225.65
PRJ-SYN-000317,2025-11-01,29,58.03,234.53
PRJ-SYN-000317,2025-12-01,30,60.44,243.44
PRJ-SYN-000317,2025-12-31,31,62.87,252.38
PRJ-SYN-000317,2026-01-30,32,65.31,261.35
PRJ-SYN-000317,2026-03-01,33,67.77,270.34
PRJ-SYN-000318,2024-10-07,36,61.47,213.77
PRJ-SYN-000318,2024-11-06,37,63.53,220.32
PRJ-SYN-000318,2024-12-06,38,65.59,226.87
PRJ-SYN-000318,2025-01-05,39,67.67,233.45
PRJ-SYN-000318,2025-02-04,40,69.76,240.04
PRJ-SYN-000318,2025-03-06,41,71.86,246.65
PRJ-SYN-000318,2025-04-05,42,73.97,253.28
PRJ-SYN-000318,2025-05-05,43,76.08,259.92
PRJ-SYN-000318,2025-06-04,44,78.21,266.58
PRJ-SYN-000318,2025-07-04,45,80.35,273.25
PRJ-SYN-000318,2025-08-03,46,82.5,279.93
PRJ-SYN-000318,2025-09-02,47,84.65,286.64
PRJ-SYN-000318,2025-10-02,48,86.82,293.35
PRJ-SYN-000318,2025-11-01,49,88.99,300.08
PRJ-SYN-000318,2025-12-01,50,91.18,306.82
PRJ-SYN-000318,2025-12-31,51,93.37,313.58
PRJ-SYN-000318,2026-01-30,52,95.57,320.35
PRJ-SYN-000318,2026-03-01,53,97.78,327.13
PRJ-SYN-000319,2024-10-07,77,77.72,1011.03
PRJ-SYN-000319,2024-11-06,78,78.93,1025.48
PRJ-SYN-000319,2024-12-06,79,80.15,1039.95
PRJ-SYN-000319,2025-01-05,80,81.37,1054.44
PRJ-SYN-000319,2025-02-04,81,82.59,1068.95
PRJ-SYN-000319,2025-03-06,82,83.81,1083.47
PRJ-SYN-000319,2025-04-05,83,85.04,1098.01
PRJ-SYN-000319,2025-05-05,84,86.27,1112.58
PRJ-SYN-000319,2025-06-04,85,87.51,1127.15
PRJ-SYN-000319,2025-07-04,86,88.74,1141.75
PRJ-SYN-000319,2025-08-03,87,89.98,1156.36
PRJ-SYN-000319,2025-09-02,88,91.22,1170.99
PRJ-SYN-000319,2025-10-02,89,92.47,1185.64
PRJ-SYN-000319,2025-11-01,90,93.72,1200.3
PRJ-SYN-000319,2025-12-01,91,94.97,1214.98
PRJ-SYN-000319,2025-12-31,92,96.22,1229.67
PRJ-SYN-000319,2026-01-30,93,97.48,1244.38
PRJ-SYN-000319,2026-03-01,94,98.74,1259.11
PRJ-SYN-000320,2024-10-07,29,56.02,496.8
PRJ-SYN-000320,2024-11-06,30,58.35,515.68
PRJ-SYN-000320,2024-12-06,31,60.69,534.62
PRJ-SYN-000320,2025-01-05,32,63.05,553.62
PRJ-SYN-000320,2025-02-04,33,65.42,572.68
PRJ-SYN-000320,2025-03-06,34,67.8,591.79
PRJ-SYN-000320,2025-04-05,35,70.2,610.97
PRJ-SYN-000320,2025-05-05,36,72.62,630.2
PRJ-SYN-000320,2025-06-04,37,75.05,649.48
PRJ-SYN-000320,2025-07-04,38,77.49,668.81
PRJ-SYN-000320,2025-08-03,39,79.94,688.2
PRJ-SYN-000320,2025-09-02,40,82.41,707.64
PRJ-SYN-000320,2025-10-02,41,84.88,727.12
PRJ-SYN-000320,2025-11-01,42,87.37,746.65
PRJ-SYN-000320,2025-12-01,43,89.88,766.23
PRJ-SYN-000320,2025-12-31,44,92.39,785.85
PRJ-SYN-000320,2026-01-30,45,94.92,805.52
PRJ-SYN-000320,2026-03-01,46,97.45,825.23
PRJ-SYN-000321,2024-10-07,37,62.15,491.21
PRJ-SYN-000321,2024-11-06,38,64.17,505.83
PRJ-SYN-000321,2024-12-06,39,66.2,520.49
PRJ-SYN-000321,2025-01-05,40,68.24,535.19
PRJ-SYN-000321,2025-02-04,41,70.29,549.93
PRJ-SYN-000321,2025-03-06,42,72.35,564.7
PRJ-SYN-000321,2025-04-05,43,74.43,579.51
PRJ-SYN-000321,2025-05-05,44,76.51,594.35
PRJ-SYN-000321,2025-06-04,45,78.6,609.22
PRJ-SYN-000321,2025-07-04,46,80.7,624.13
PRJ-SYN-000321,2025-08-03,47,82.81,639.07
PRJ-SYN-000321,2025-09-02,48,84.93,654.05
PRJ-SYN-000321,2025-10-02,49,87.06,669.05
PRJ-SYN-000321,2025-11-01,50,89.19,684.09
PRJ-SYN-000321,2025-12-01,51,91.34,699.15
PRJ-SYN-000321,2025-12-31,52,93.49,714.24
PRJ-SYN-000321,2026-01-30,53,95.65,729.37
PRJ-SYN-000321,2026-03-01,54,97.82,744.52
PRJ-SYN-000322,2024-10-07,41,41.82,1290.59
PRJ-SYN-000322,2024-11-06,42,43.04,1325.26
PRJ-SYN-000322,2024-12-06,43,44.28,1360.01
PRJ-SYN-000322,2025-01-05,44,45.52,1394.84
PRJ-SYN-000322,2025-02-04,45,46.76,1429.75
PRJ-SYN-000322,2025-03-06,46,48.01,1464.74
PRJ-SYN-000322,2025-04-05,47,49.26,1499.8
PRJ-SYN-000322,2025-05-05,48,50.52,1534.94
PRJ-SYN-000322,2025-06-04,49,51.79,1570.15
PRJ-SYN-000322,2025-07-04,50,53.06,1605.44
PRJ-SYN-000322,2025-08-03,51,54.34,1640.79
PRJ-SYN-000322,2025-09-02,52,55.62,1676.21
PRJ-SYN-000322,2025-10-02,53,56.9,1711.71
PRJ-SYN-000322,2025-11-01,54,58.2,1747.27
PRJ-SYN-000322,2025-12-01,55,59.49,1782.89
PRJ-SYN-000322,2025-12-31,56,60.79,1818.58
PRJ-SYN-000322,2026-01-30,57,62.1,1854.33
PRJ-SYN-000322,2026-03-01,58,63.41,1890.15
PRJ-SYN-000323,2024-10-07,48,67.52,1240.92
PRJ-SYN-000323,2024-11-06,49,69.21,1269.38
PRJ-SYN-000323,2024-12-06,50,70.91,1297.91
PRJ-SYN-000323,2025-01-05,51,72.61,1326.49
PRJ-SYN-000323,2025-02-04,52,74.32,1355.13
PRJ-SYN-000323,2025-03-06,53,76.04,1383.82
PRJ-SYN-000323,2025-04-05,54,77.77,1412.57
PRJ-SYN-000323,2025-05-05,55,79.5,1441.37
PRJ-SYN-000323,2025-06-04,56,81.24,1470.22
PRJ-SYN-000323,2025-07-04,57,82.98,1499.13
PRJ-SYN-000323,2025-08-03,58,84.73,1528.09
PRJ-SYN-000323,2025-09-02,59,86.49,1557.09
PRJ-SYN-000323,2025-10-02,60,88.25,1586.15
PRJ-SYN-000323,2025-11-01,61,90.02,1615.25
PRJ-SYN-000323,2025-12-01,62,91.79,1644.4
PRJ-SYN-000323,2025-12-31,63,93.57,1673.6
PRJ-SYN-000323,2026-01-30,64,95.35,1702.84
PRJ-SYN-000323,2026-03-01,65,97.14,1732.13
PRJ-SYN-000324,2024-10-07,14,18.53,1235.11
PRJ-SYN-000324,2024-11-06,15,20.13,1332.5
PRJ-SYN-000324,2024-12-06,16,21.76,1430.53
PRJ-SYN-000324,2025-01-05,17,23.4,1529.18
PRJ-SYN-000324,2025-02-04,18,25.06,1628.41
PRJ-SYN-000324,2025-03-06,19,26.74,1728.2
PRJ-SYN-000324,2025-04-05,20,28.43,1828.51
PRJ-SYN-000324,2025-05-05,21,30.15,1929.33
PRJ-SYN-000324,2025-06-04,22,31.88,2030.63
PRJ-SYN-000324,2025-07-04,23,33.63,2132.39
PRJ-SYN-000324,2025-08-03,24,35.39,2234.59
PRJ-SYN-000324,2025-09-02,25,37.17,2337.22
PRJ-SYN-000324,2025-10-02,26,38.96,2440.26
PRJ-SYN-000324,2025-11-01,27,40.76,2543.7
PRJ-SYN-000324,2025-12-01,28,42.58,2647.52
PRJ-SYN-000324,2025-12-31,29,44.41,2751.71
PRJ-SYN-000324,2026-01-30,30,46.26,2856.27
PRJ-SYN-000324,2026-03-01,31,48.11,2961.17
PRJ-SYN-000325,2024-10-07,16,37.15,646.53
PRJ-SYN-000325,2024-11-06,17,39.96,691.11
PRJ-SYN-000325,2024-12-06,18,42.8,735.96
PRJ-SYN-000325,2025-01-05,19,45.66,781.06
PRJ-SYN-000325,2025-02-04,20,48.56,826.39
PRJ-SYN-000325,2025-03-06,21,51.49,871.96
PRJ-SYN-000325,2025-04-05,22,54.45,917.74
PRJ-SYN-000325,2025-05-05,23,57.43,963.73
PRJ-SYN-000325,2025-06-04,24,60.44,1009.92
PRJ-SYN-000325,2025-07-04,25,63.47,1056.3
PRJ-SYN-000325,2025-08-03,26,66.53,1102.87
PRJ-SYN-000325,2025-09-02,27,69.62,1149.62
PRJ-SYN-000325,2025-10-02,28,72.72,1196.54
PRJ-SYN-000325,2025-11-01,29,75.85,1243.63
PRJ-SYN-000325,2025-12-01,30,79.0,1290.89
PRJ-SYN-000325,2025-12-31,31,82.17,1338.3
PRJ-SYN-000325,2026-01-30,32,85.36,1385.86
PRJ-SYN-000325,2026-03-01,33,88.57,1433.57
PRJ-SYN-000326,2024-10-07,19,41.74,554.24
PRJ-SYN-000326,2024-11-06,20,44.39,586.41
PRJ-SYN-000326,2024-12-06,21,47.07,618.74
PRJ-SYN-000326,2025-01-05,22,49.77,651.23
PRJ-SYN-000326,2025-02-04,23,52.5,683.86
PRJ-SYN-000326,2025-03-06,24,55.25,716.64
PRJ-SYN-000326,2025-04-05,25,58.02,749.55
PRJ-SYN-000326,2025-05-05,26,60.82,782.6
PRJ-SYN-000326,2025-06-04,27,63.64,815.77
PRJ-SYN-000326,2025-07-04,28,66.48,849.07
PRJ-SYN-000326,2025-08-03,29,69.34,882.48
PRJ-SYN-000326,2025-09-02,30,72.21,916.01
PRJ-SYN-000326,2025-10-02,31,75.11,949.65
PRJ-SYN-000326,2025-11-01,32,78.03,983.4
PRJ-SYN-000326,2025-12-01,33,80.96,1017.26
PRJ-SYN-000326,2025-12-31,34,83.92,1051.22
PRJ-SYN-000326,2026-01-30,35,86.89,1085.28
PRJ-SYN-000326,2026-03-01,36,89.88,1119.44
PRJ-SYN-000327,2024-10-07,34,60.06,941.26
PRJ-SYN-000327,2024-11-06,35,62.18,971.75
PRJ-SYN-000327,2024-12-06,36,64.32,1002.34
PRJ-SYN-000327,2025-01-05,37,66.47,1033.01
PRJ-SYN-000327,2025-02-04,38,68.63,1063.76
PRJ-SYN-000327,2025-03-06,39,70.81,1094.59
PRJ-SYN-000327,2025-04-05,40,72.99,1125.5
PRJ-SYN-000327,2025-05-05,41,75.19,1156.49
PRJ-SYN-000327,2025-06-04,42,77.39,1187.56
PRJ-SYN-000327,2025-07-04,43,79.61,1218.7
PRJ-SYN-000327,2025-08-03,44,81.84,1249.91
PRJ-SYN-000327,2025-09-02,45,84.07,1281.19
PRJ-SYN-000327,2025-10-02,46,86.32,1312.55
PRJ-SYN-000327,2025-11-01,47,88.58,1343.97
PRJ-SYN-000327,2025-12-01,48,90.84,1375.45
PRJ-SYN-000327,2025-12-31,49,93.12,1407.01
PRJ-SYN-000327,2026-01-30,50,95.4,1438.63
PRJ-SYN-000327,2026-03-01,51,97.7,1470.31
PRJ-SYN-000328,2024-10-07,70,75.99,416.93
PRJ-SYN-000328,2024-11-06,71,77.29,423.48
PRJ-SYN-000328,2024-12-06,72,78.6,430.05
PRJ-SYN-000328,2025-01-05,73,79.91,436.62
PRJ-SYN-000328,2025-02-04,74,81.23,443.21
PRJ-SYN-000328,2025-03-06,75,82.55,449.8
PRJ-SYN-000328,2025-04-05,76,83.87,456.4
PRJ-SYN-000328,2025-05-05,77,85.19,463.01
PRJ-SYN-000328,2025-06-04,78,86.52,469.63
PRJ-SYN-000328,2025-07-04,79,87.86,476.26
PRJ-SYN-000328,2025-08-03,80,89.19,482.89
PRJ-SYN-000328,2025-09-02,81,90.53,489.54
PRJ-SYN-000328,2025-10-02,82,91.88,496.19
PRJ-SYN-000328,2025-11-01,83,93.22,502.85
PRJ-SYN-000328,2025-12-01,84,94.57,509.52
PRJ-SYN-000328,2025-12-31,85,95.92,516.19
PRJ-SYN-000328,2026-01-30,86,97.28,522.88
PRJ-SYN-000328,2026-03-01,87,98.64,529.57
PRJ-SYN-000329,2024-10-07,18,43.53,284.44
PRJ-SYN-000329,2024-11-06,19,46.45,301.87
PRJ-SYN-000329,2024-12-06,20,49.39,319.39
PRJ-SYN-000329,2025-01-05,21,52.37,337.0
PRJ-SYN-000329,2025-02-04,22,55.38,354.7
PRJ-SYN-000329,2025-03-06,23,58.41,372.47
PRJ-SYN-000329,2025-04-05,24,61.47,390.32
PRJ-SYN-000329,2025-05-05,25,64.56,408.25
PRJ-SYN-000329,2025-06-04,26,67.67,426.25
PRJ-SYN-000329,2025-07-04,27,70.81,444.31
PRJ-SYN-000329,2025-08-03,28,73.97,462.45
PRJ-SYN-000329,2025-09-02,29,77.15,480.65
PRJ-SYN-000329,2025-10-02,30,80.35,498.91
PRJ-SYN-000329,2025-11-01,31,83.57,517.24
PRJ-SYN-000329,2025-12-01,32,86.82,535.62
PRJ-SYN-000329,2025-12-31,33,90.09,554.06
PRJ-SYN-000329,2026-01-30,34,93.37,572.56
PRJ-SYN-000329,2026-03-01,35,96.68,591.11
PRJ-SYN-000330,2024-10-07,39,63.42,236.71
PRJ-SYN-000330,2024-11-06,40,65.38,243.39
PRJ-SYN-000330,2024-12-06,41,67.34,250.1
PRJ-SYN-000330,2025-01-05,42,69.32,256.81
PRJ-SYN-000330,2025-02-04,43,71.3,263.55
PRJ-SYN-000330,2025-03-06,44,73.3,270.3
PRJ-SYN-000330,2025-04-05,45,75.3,277.06
PRJ-SYN-000330,2025-05-05,46,77.31,283.84
PRJ-SYN-000330,2025-06-04,47,79.34,290.64
PRJ-SYN-000330,2025-07-04,48,81.37,297.45
PRJ-SYN-000330,2025-08-03,49,83.4,304.27
PRJ-SYN-000330,2025-09-02,50,85.45,311.11
PRJ-SYN-000330,2025-10-02,51,87.51,317.96
PRJ-SYN-000330,2025-11-01,52,89.57,324.82
PRJ-SYN-000330,2025-12-01,53,91.64,331.7
PRJ-SYN-000330,2025-12-31,54,93.72,338.59
PRJ-SYN-000330,2026-01-30,55,95.8,345.5
PRJ-SYN-000330,2026-03-01,56,97.9,352.41
PRJ-SYN-000331,2024-10-07,69,75.72,874.43
PRJ-SYN-000331,2024-11-06,70,77.04,888.38
PRJ-SYN-000331,2024-12-06,71,78.36,902.35
PRJ-SYN-000331,2025-01-05,72,79.68,916.34
PRJ-SYN-000331,2025-02-04,73,81.01,930.35
PRJ-SYN-000331,2025-03-06,74,82.35,944.38
PRJ-SYN-000331,2025-04-05,75,83.69,958.43
PRJ-SYN-000331,2025-05-05,76,85.03,972.49
PRJ-SYN-000331,2025-06-04,77,86.37,986.58
PRJ-SYN-000331,2025-07-04,78,87.72,1000.68
PRJ-SYN-000331,2025-08-03,79,89.07,1014.8
PRJ-SYN-000331,2025-09-02,80,90.42,1028.94
PRJ-SYN-000331,2025-10-02,81,91.78,1043.1
PRJ-SYN-000331,2025-11-01,82,93.14,1057.27
PRJ-SYN-000331,2025-12-01,83,94.51,1071.46
PRJ-SYN-000331,2025-12-31,84,95.88,1085.67
PRJ-SYN-000331,2026-01-30,85,97.25,1099.9
PRJ-SYN-000331,2026-03-01,86,98.62,1114.14
PRJ-SYN-000332,2024-10-07,13,19.6,783.52
PRJ-SYN-000332,2024-11-06,14,21.42,850.06
PRJ-SYN-000332,2024-12-06,15,23.27,917.09
PRJ-SYN-000332,2025-01-05,16,25.15,984.56
PRJ-SYN-000332,2025-02-04,17,27.04,1052.46
PRJ-SYN-000332,2025-03-06,18,28.96,1120.75
PRJ-SYN-000332,2025-04-05,19,30.9,1189.43
PRJ-SYN-000332,2025-05-05,20,32.87,1258.47
PRJ-SYN-000332,2025-06-04,21,34.85,1327.86
PRJ-SYN-000332,2025-07-04,22,36.85,1397.58
PRJ-SYN-000332,2025-08-03,23,38.87,1467.61
PRJ-SYN-000332,2025-09-02,24,40.9,1537.95
PRJ-SYN-000332,2025-10-02,25,42.96,1608.59
PRJ-SYN-000332,2025-11-01,26,45.03,1679.5
PRJ-SYN-000332,2025-12-01,27,47.11,1750.7
PRJ-SYN-000332,2025-12-31,28,49.22,1822.15
PRJ-SYN-000332,2026-01-30,29,51.33,1893.86
PRJ-SYN-000332,2026-03-01,30,53.46,1965.82
PRJ-SYN-000333,2024-10-07,40,64.03,343.51
PRJ-SYN-000333,2024-11-06,41,65.95,352.96
PRJ-SYN-000333,2024-12-06,42,67.89,362.45
PRJ-SYN-000333,2025-01-05,43,69.83,371.95
PRJ-SYN-000333,2025-02-04,44,71.78,381.48
PRJ-SYN-000333,2025-03-06,45,73.75,391.02
PRJ-SYN-000333,2025-04-05,46,75.72,400.59
PRJ-SYN-000333,2025-05-05,47,77.7,410.18
PRJ-SYN-000333,2025-06-04,48,79.68,419.79
PRJ-SYN-000333,2025-07-04,49,81.68,429.42
PRJ-SYN-000333,2025-08-03,50,83.69,439.07
PRJ-SYN-000333,2025-09-02,51,85.7,448.74
PRJ-SYN-000333,2025-10-02,52,87.72,458.43
PRJ-SYN-000333,2025-11-01,53,89.75,468.14
PRJ-SYN-000333,2025-12-01,54,91.78,477.86
PRJ-SYN-000333,2025-12-31,55,93.83,487.61
PRJ-SYN-000333,2026-01-30,56,95.88,497.37
PRJ-SYN-000333,2026-03-01,57,97.93,507.14
PRJ-SYN-000334,2024-10-07,40,55.75,2090.88
PRJ-SYN-000334,2024-11-06,41,57.42,2148.45
PRJ-SYN-000334,2024-12-06,42,59.11,2206.17
PRJ-SYN-000334,2025-01-05,43,60.8,2264.01
PRJ-SYN-000334,2025-02-04,44,62.5,2322.0
PRJ-SYN-000334,2025-03-06,45,64.21,2380.11
PRJ-SYN-000334,2025-04-05,46,65.93,2438.36
PRJ-SYN-000334,2025-05-05,47,67.65,2496.73
PRJ-SYN-000334,2025-06-04,48,69.38,2555.23
PRJ-SYN-000334,2025-07-04,49,71.12,2613.84
PRJ-SYN-000334,2025-08-03,50,72.86,2672.58
PRJ-SYN-000334,2025-09-02,51,74.62,2731.44
PRJ-SYN-000334,2025-10-02,52,76.38,2790.41
PRJ-SYN-000334,2025-11-01,53,78.14,2849.49
PRJ-SYN-000334,2025-12-01,54,79.91,2908.69
PRJ-SYN-000334,2025-12-31,55,81.69,2967.99
PRJ-SYN-000334,2026-01-30,56,83.48,3027.41
PRJ-SYN-000334,2026-03-01,57,85.27,3086.93
PRJ-SYN-000335,2024-10-07,28,47.65,808.58
PRJ-SYN-000335,2024-11-06,29,49.7,840.41
PRJ-SYN-000335,2024-12-06,30,51.76,872.34
PRJ-SYN-000335,2025-01-05,31,53.84,904.38
PRJ-SYN-000335,2025-02-04,32,55.93,936.52
PRJ-SYN-000335,2025-03-06,33,58.03,968.76
PRJ-SYN-000335,2025-04-05,34,60.15,1001.1
PRJ-SYN-000335,2025-05-05,35,62.28,1033.54
PRJ-SYN-000335,2025-06-04,36,64.42,1066.07
PRJ-SYN-000335,2025-07-04,37,66.57,1098.69
PRJ-SYN-000335,2025-08-03,38,68.74,1131.39
PRJ-SYN-000335,2025-09-02,39,70.91,1164.19
PRJ-SYN-000335,2025-10-02,40,73.1,1197.07
PRJ-SYN-000335,2025-11-01,41,75.3,1230.03
PRJ-SYN-000335,2025-12-01,42,77.51,1263.07
PRJ-SYN-000335,2025-12-31,43,79.73,1296.19
PRJ-SYN-000335,2026-01-30,44,81.96,1329.38
PRJ-SYN-000335,2026-03-01,45,84.2,1362.65
PRJ-SYN-000336,2024-10-07,69,75.72,331.38
PRJ-SYN-000336,2024-11-06,70,77.04,336.66
PRJ-SYN-000336,2024-12-06,71,78.36,341.96
PRJ-SYN-000336,2025-01-05,72,79.68,347.26
PRJ-SYN-000336,2025-02-04,73,81.01,352.57
PRJ-SYN-000336,2025-03-06,74,82.35,357.88
PRJ-SYN-000336,2025-04-05,75,83.69,363.21
PRJ-SYN-000336,2025-05-05,76,85.03,368.54
PRJ-SYN-000336,2025-06-04,77,86.37,373.88
PRJ-SYN-000336,2025-07-04,78,87.72,379.22
PRJ-SYN-000336,2025-08-03,79,89.07,384.57
PRJ-SYN-000336,2025-09-02,80,90.42,389.93
PRJ-SYN-000336,2025-10-02,81,91.78,395.29
PRJ-SYN-000336,2025-11-01,82,93.14,400.67
PRJ-SYN-000336,2025-12-01,83,94.51,406.04
PRJ-SYN-000336,2025-12-31,84,95.88,411.43
PRJ-SYN-000336,2026-01-30,85,97.25,416.82
PRJ-SYN-000336,2026-03-01,86,98.62,422.22
PRJ-SYN-000337,2024-10-07,68,75.44,1214.72
PRJ-SYN-000337,2024-11-06,69,76.78,1234.39
PRJ-SYN-000337,2024-12-06,70,78.11,1254.08
PRJ-SYN-000337,2025-01-05,71,79.45,1273.8
PRJ-SYN-000337,2025-02-04,72,80.8,1293.55
PRJ-SYN-000337,2025-03-06,73,82.15,1313.32
PRJ-SYN-000337,2025-04-05,74,83.5,1333.13
PRJ-SYN-000337,2025-05-05,75,84.85,1352.96
PRJ-SYN-000337,2025-06-04,76,86.21,1372.81
PRJ-SYN-000337,2025-07-04,77,87.58,1392.7
PRJ-SYN-000337,2025-08-03,78,88.94,1412.61
PRJ-SYN-000337,2025-09-02,79,90.31,1432.54
PRJ-SYN-000337,2025-10-02,80,91.69,1452.5
PRJ-SYN-000337,2025-11-01,81,93.06,1472.48
PRJ-SYN-000337,2025-12-01,82,94.44,1492.49
PRJ-SYN-000337,2025-12-31,83,95.83,1512.53
PRJ-SYN-000337,2026-01-30,84,97.22,1532.58
PRJ-SYN-000337,2026-03-01,85,98.61,1552.66
PRJ-SYN-000338,2024-10-07,10,25.99,560.96
PRJ-SYN-000338,2024-11-06,11,29.14,622.97
PRJ-SYN-000338,2024-12-06,12,32.35,685.54
PRJ-SYN-000338,2025-01-05,13,35.61,748.63
PRJ-SYN-000338,2025-02-04,14,38.92,812.22
PRJ-SYN-000338,2025-03-06,15,42.28,876.26
PRJ-SYN-000338,2025-04-05,16,45.68,940.73
PRJ-SYN-000338,2025-05-05,17,49.13,1005.6
PRJ-SYN-000338,2025-06-04,18,52.62,1070.86
PRJ-SYN-000338,2025-07-04,19,56.14,1136.48
PRJ-SYN-000338,2025-08-03,20,59.71,1202.45
PRJ-SYN-000338,2025-09-02,21,63.31,1268.74
PRJ-SYN-000338,2025-10-02,22,66.94,1335.36
PRJ-SYN-000338,2025-11-01,23,70.61,1402.27
PRJ-SYN-000338,2025-12-01,24,74.31,1469.48
PRJ-SYN-000338,2025-12-31,25,78.04,1536.97
PRJ-SYN-000338,2026-01-30,26,81.8,1604.73
PRJ-SYN-000338,2026-03-01,27,85.59,1672.76
PRJ-SYN-000339,2024-10-07,60,72.99,1282.18
PRJ-SYN-000339,2024-11-06,61,74.45,1305.7
PRJ-SYN-000339,2024-12-06,62,75.92,1329.27
PRJ-SYN-000339,2025-01-05,63,77.39,1352.87
PRJ-SYN-000339,2025-02-04,64,78.87,1376.51
PRJ-SYN-000339,2025-03-06,65,80.35,1400.19
PRJ-SYN-000339,2025-04-05,66,81.84,1423.9
PRJ-SYN-000339,2025-05-05,67,83.33,1447.65
PRJ-SYN-000339,2025-06-04,68,84.82,1471.44
PRJ-SYN-000339,2025-07-04,69,86.32,1495.26
PRJ-SYN-000339,2025-08-03,70,87.82,1519.11
PRJ-SYN-000339,2025-09-02,71,89.33,1543.0
PRJ-SYN-000339,2025-10-02,72,90.84,1566.92
PRJ-SYN-000339,2025-11-01,73,92.36,1590.88
PRJ-SYN-000339,2025-12-01,74,93.88,1614.87
PRJ-SYN-000339,2025-12-31,75,95.4,1638.89
PRJ-SYN-000339,2026-01-30,76,96.93,1662.94
PRJ-SYN-000339,2026-03-01,77,98.46,1687.02
PRJ-SYN-000340,2024-10-07,80,78.39,436.19
PRJ-SYN-000340,2024-11-06,81,79.56,442.19
PRJ-SYN-000340,2024-12-06,82,80.74,448.2
PRJ-SYN-000340,2025-01-05,83,81.93,454.22
PRJ-SYN-000340,2025-02-04,84,83.11,460.24
PRJ-SYN-000340,2025-03-06,85,84.3,466.27
PRJ-SYN-000340,2025-04-05,86,85.49,472.31
PRJ-SYN-000340,2025-05-05,87,86.69,478.35
PRJ-SYN-000340,2025-06-04,88,87.88,484.41
PRJ-SYN-000340,2025-07-04,89,89.08,490.46
PRJ-SYN-000340,2025-08-03,90,90.29,496.53
PRJ-SYN-000340,2025-09-02,91,91.49,502.6
PRJ-SYN-000340,2025-10-02,92,92.7,508.68
PRJ-SYN-000340,2025-11-01,93,93.91,514.77
PRJ-SYN-000340,2025-12-01,94,95.12,520.86
PRJ-SYN-000340,2025-12-31,95,96.34,526.96
PRJ-SYN-000340,2026-01-30,96,97.56,533.06
PRJ-SYN-000340,2026-03-01,97,98.78,539.17
PRJ-SYN-000341,2024-10-07,50,55.71,300.49
PRJ-SYN-000341,2024-11-06,51,57.05,307.11
PRJ-SYN-000341,2024-12-06,52,58.39,313.74
PRJ-SYN-000341,2025-01-05,53,59.74,320.38
PRJ-SYN-000341,2025-02-04,54,61.1,327.04
PRJ-SYN-000341,2025-03-06,55,62.46,333.71
PRJ-SYN-000341,2025-04-05,56,63.82,340.39
PRJ-SYN-000341,2025-05-05,57,65.19,347.08
PRJ-SYN-000341,2025-06-04,58,66.57,353.78
PRJ-SYN-000341,2025-07-04,59,67.95,360.5
PRJ-SYN-000341,2025-08-03,60,69.33,367.22
PRJ-SYN-000341,2025-09-02,61,70.72,373.96
PRJ-SYN-000341,2025-10-02,62,72.12,380.71
PRJ-SYN-000341,2025-11-01,63,73.51,387.47
PRJ-SYN-000341,2025-12-01,64,74.92,394.24
PRJ-SYN-000341,2025-12-31,65,76.32,401.02
PRJ-SYN-000341,2026-01-30,66,77.73,407.82
PRJ-SYN-000341,2026-03-01,67,79.15,414.62
PRJ-SYN-000342,2024-10-07,67,75.16,625.56
PRJ-SYN-000342,2024-11-06,68,76.51,635.84
PRJ-SYN-000342,2024-12-06,69,77.86,646.13
PRJ-SYN-000342,2025-01-05,70,79.22,656.44
PRJ-SYN-000342,2025-02-04,71,80.58,666.76
PRJ-SYN-000342,2025-03-06,72,81.94,677.1
PRJ-SYN-000342,2025-04-05,73,83.31,687.45
PRJ-SYN-000342,2025-05-05,74,84.68,697.82
PRJ-SYN-000342,2025-06-04,75,86.05,708.2
PRJ-SYN-000342,2025-07-04,76,87.43,718.59
PRJ-SYN-000342,2025-08-03,77,88.81,729.0
PRJ-SYN-000342,2025-09-02,78,90.2,739.42
PRJ-SYN-000342,2025-10-02,79,91.59,749.85
PRJ-SYN-000342,2025-11-01,80,92.98,760.3
PRJ-SYN-000342,2025-12-01,81,94.38,770.76
PRJ-SYN-000342,2025-12-31,82,95.78,781.23
PRJ-SYN-000342,2026-01-30,83,97.18,791.72
PRJ-SYN-000342,2026-03-01,84,98.59,802.22
PRJ-SYN-000343,2024-10-07,50,58.27,866.22
PRJ-SYN-000343,2024-11-06,51,59.68,885.3
PRJ-SYN-000343,2024-12-06,52,61.08,904.41
PRJ-SYN-000343,2025-01-05,53,62.49,923.56
PRJ-SYN-000343,2025-02-04,54,63.91,942.75
PRJ-SYN-000343,2025-03-06,55,65.34,961.97
PRJ-SYN-000343,2025-04-05,56,66.76,981.23
PRJ-SYN-000343,2025-05-05,57,68.2,1000.52
PRJ-SYN-000343,2025-06-04,58,69.63,1019.84
PRJ-SYN-000343,2025-07-04,59,71.08,1039.2
PRJ-SYN-000343,2025-08-03,60,72.53,1058.59
PRJ-SYN-000343,2025-09-02,61,73.98,1078.02
PRJ-SYN-000343,2025-10-02,62,75.44,1097.47
PRJ-SYN-000343,2025-11-01,63,76.9,1116.96
PRJ-SYN-000343,2025-12-01,64,78.37,1136.48
PRJ-SYN-000343,2025-12-31,65,79.84,1156.03
PRJ-SYN-000343,2026-01-30,66,81.31,1175.6
PRJ-SYN-000343,2026-03-01,67,82.79,1195.21
PRJ-SYN-000344,2024-10-07,44,66.26,4476.49
PRJ-SYN-000344,2024-11-06,45,68.07,4588.53
PRJ-SYN-000344,2024-12-06,46,69.89,4700.82
PRJ-SYN-000344,2025-01-05,47,71.72,4813.35
PRJ-SYN-000344,2025-02-04,48,73.56,4926.12
PRJ-SYN-000344,2025-03-06,49,75.4,5039.13
PRJ-SYN-000344,2025-04-05,50,77.25,5152.37
PRJ-SYN-000344,2025-05-05,51,79.11,5265.83
PRJ-SYN-000344,2025-06-04,52,80.97,5379.52
PRJ-SYN-000344,2025-07-04,53,82.84,5493.43
PRJ-SYN-000344,2025-08-03,54,84.72,5607.55
PRJ-SYN-000344,2025-09-02,55,86.61,5721.88
PRJ-SYN-000344,2025-10-02,56,88.5,5836.42
PRJ-SYN-000344,2025-11-01,57,90.4,5951.17
PRJ-SYN-000344,2025-12-01,58,92.31,6066.12
PRJ-SYN-000344,2025-12-31,59,94.22,6181.26
PRJ-SYN-000344,2026-01-30,60,96.14,6296.6
PRJ-SYN-000344,2026-03-01,61,98.07,6412.14
PRJ-SYN-000345,2024-10-07,22,27.8,162.94
PRJ-SYN-000345,2024-11-06,23,29.33,171.1
PRJ-SYN-000345,2024-12-06,24,30.86,179.3
PRJ-SYN-000345,2025-01-05,25,32.41,187.54
PRJ-SYN-000345,2025-02-04,26,33.97,195.81
PRJ-SYN-000345,2025-03-06,27,35.55,204.11
PRJ-SYN-000345,2025-04-05,28,37.13,212.44
PRJ-SYN-000345,2025-05-05,29,38.73,220.8
PRJ-SYN-000345,2025-06-04,30,40.34,229.19
PRJ-SYN-000345,2025-07-04,31,41.96,237.6
PRJ-SYN-000345,2025-08-03,32,43.59,246.05
PRJ-SYN-000345,2025-09-02,33,45.23,254.52
PRJ-SYN-000345,2025-10-02,34,46.88,263.02
PRJ-SYN-000345,2025-11-01,35,48.54,271.54
PRJ-SYN-000345,2025-12-01,36,50.2,280.08
PRJ-SYN-000345,2025-12-31,37,51.88,288.65
PRJ-SYN-000345,2026-01-30,38,53.57,297.25
PRJ-SYN-000345,2026-03-01,39,55.27,305.86
PRJ-SYN-000346,2024-10-07,59,67.0,822.6
PRJ-SYN-000346,2024-11-06,60,68.37,837.95
PRJ-SYN-000346,2024-12-06,61,69.74,853.32
PRJ-SYN-000346,2025-01-05,62,71.11,868.72
PRJ-SYN-000346,2025-02-04,63,72.49,884.15
PRJ-SYN-000346,2025-03-06,64,73.88,899.6
PRJ-SYN-000346,2025-04-05,65,75.26,915.07
PRJ-SYN-000346,2025-05-05,66,76.65,930.57
PRJ-SYN-000346,2025-06-04,67,78.05,946.09
PRJ-SYN-000346,2025-07-04,68,79.45,961.64
PRJ-SYN-000346,2025-08-03,69,80.85,977.2
PRJ-SYN-000346,2025-09-02,70,82.26,992.79
PRJ-SYN-000346,2025-10-02,71,83.67,1008.4
PRJ-SYN-000346,2025-11-01,72,85.09,1024.04
PRJ-SYN-000346,2025-12-01,73,86.51,1039.69
PRJ-SYN-000346,2025-12-31,74,87.93,1055.37
PRJ-SYN-000346,2026-01-30,75,89.36,1071.07
PRJ-SYN-000346,2026-03-01,76,90.79,1086.79
PRJ-SYN-000347,2024-10-07,58,72.3,1276.23
PRJ-SYN-000347,2024-11-06,59,73.8,1300.46
PRJ-SYN-000347,2024-12-06,60,75.3,1324.72
PRJ-SYN-000347,2025-01-05,61,76.81,1349.03
PRJ-SYN-000347,2025-02-04,62,78.32,1373.38
PRJ-SYN-000347,2025-03-06,63,79.84,1397.76
PRJ-SYN-000347,2025-04-05,64,81.37,1422.19
PRJ-SYN-000347,2025-05-05,65,82.89,1446.65
PRJ-SYN-000347,2025-06-04,66,84.43,1471.15
PRJ-SYN-000347,2025-07-04,67,85.96,1495.69
PRJ-SYN-000347,2025-08-03,68,87.51,1520.26
PRJ-SYN-000347,2025-09-02,69,89.05,1544.87
PRJ-SYN-000347,2025-10-02,70,90.6,1569.52
PRJ-SYN-000347,2025-11-01,71,92.16,1594.2
PRJ-SYN-000347,2025-12-01,72,93.72,1618.92
PRJ-SYN-000347,2025-12-31,73,95.28,1643.67
PRJ-SYN-000347,2026-01-30,74,96.85,1668.45
PRJ-SYN-000347,2026-03-01,75,98.42,1693.27
PRJ-SYN-000348,2024-10-07,33,54.72,357.36
PRJ-SYN-000348,2024-11-06,34,56.72,369.29
PRJ-SYN-000348,2024-12-06,35,58.72,381.26
PRJ-SYN-000348,2025-01-05,36,60.74,393.26
PRJ-SYN-000348,2025-02-04,37,62.77,405.29
PRJ-SYN-000348,2025-03-06,38,64.81,417.35
PRJ-SYN-000348,2025-04-05,39,66.87,429.45
PRJ-SYN-000348,2025-05-05,40,68.93,441.58
PRJ-SYN-000348,2025-06-04,41,71.0,453.74
PRJ-SYN-000348,2025-07-04,42,73.09,465.93
PRJ-SYN-000348,2025-08-03,43,75.18,478.14
PRJ-SYN-000348,2025-09-02,44,77.28,490.39
PRJ-SYN-000348,2025-10-02,45,79.39,502.66
PRJ-SYN-000348,2025-11-01,46,81.52,514.96
PRJ-SYN-000348,2025-12-01,47,83.65,527.29
PRJ-SYN-000348,2025-12-31,48,85.79,539.65
PRJ-SYN-000348,2026-01-30,49,87.94,552.03
PRJ-SYN-000348,2026-03-01,50,90.09,564.43
PRJ-SYN-000349,2024-10-07,63,73.97,845.08
PRJ-SYN-000349,2024-11-06,64,75.38,859.84
PRJ-SYN-000349,2024-12-06,65,76.79,874.63
PRJ-SYN-000349,2025-01-05,66,78.21,889.45
PRJ-SYN-000349,2025-02-04,67,79.64,904.28
PRJ-SYN-000349,2025-03-06,68,81.06,919.14
PRJ-SYN-000349,2025-04-05,69,82.5,934.02
PRJ-SYN-000349,2025-05-05,70,83.93,948.92
PRJ-SYN-000349,2025-06-04,71,85.37,963.84
PRJ-SYN-000349,2025-07-04,72,86.82,978.79
PRJ-SYN-000349,2025-08-03,73,88.27,993.75
PRJ-SYN-000349,2025-09-02,74,89.72,1008.73
PRJ-SYN-000349,2025-10-02,75,91.18,1023.74
PRJ-SYN-000349,2025-11-01,76,92.64,1038.76
PRJ-SYN-000349,2025-12-01,77,94.1,1053.81
PRJ-SYN-000349,2025-12-31,78,95.57,1068.87
PRJ-SYN-000349,2026-01-30,79,97.04,1083.96
PRJ-SYN-000349,2026-03-01,80,98.52,1099.06
PRJ-SYN-000350,2024-10-07,43,65.73,724.88
PRJ-SYN-000350,2024-11-06,44,67.57,743.44
PRJ-SYN-000350,2024-12-06,45,69.42,762.05
PRJ-SYN-000350,2025-01-05,46,71.27,780.7
PRJ-SYN-000350,2025-02-04,47,73.13,799.39
PRJ-SYN-000350,2025-03-06,48,75.01,818.12
PRJ-SYN-000350,2025-04-05,49,76.88,836.88
PRJ-SYN-000350,2025-05-05,50,78.77,855.69
PRJ-SYN-000350,2025-06-04,51,80.67,874.54
PRJ-SYN-000350,2025-07-04,52,82.57,893.42
PRJ-SYN-000350,2025-08-03,53,84.48,912.33
PRJ-SYN-000350,2025-09-02,54,86.39,931.29
PRJ-SYN-000350,2025-10-02,55,88.32,950.27
PRJ-SYN-000350,2025-11-01,56,90.25,969.3
PRJ-SYN-000350,2025-12-01,57,92.18,988.35
PRJ-SYN-000350,2025-12-31,58,94.13,1007.44
PRJ-SYN-000350,2026-01-30,59,96.08,1026.57
PRJ-SYN-000350,2026-03-01,60,98.04,1045.72
PRJ-SYN-000351,2024-10-07,67,75.16,630.77
PRJ-SYN-000351,2024-11-06,68,76.51,641.13
PRJ-SYN-000351,2024-12-06,69,77.86,651.51
PRJ-SYN-000351,2025-01-05,70,79.22,661.91
PRJ-SYN-000351,2025-02-04,71,80.58,672.31
PRJ-SYN-000351,2025-03-06,72,81.94,682.74
PRJ-SYN-000351,2025-04-05,73,83.31,693.18
PRJ-SYN-000351,2025-05-05,74,84.68,703.63
PRJ-SYN-000351,2025-06-04,75,86.05,714.09
PRJ-SYN-000351,2025-07-04,76,87.43,724.57
PRJ-SYN-000351,2025-08-03,77,88.81,735.07
PRJ-SYN-000351,2025-09-02,78,90.2,745.58
PRJ-SYN-000351,2025-10-02,79,91.59,756.1
PRJ-SYN-000351,2025-11-01,80,92.98,766.63
PRJ-SYN-000351,2025-12-01,81,94.38,777.18
PRJ-SYN-000351,2025-12-31,82,95.78,787.74
PRJ-SYN-000351,2026-01-30,83,97.18,798.31
PRJ-SYN-000351,2026-03-01,84,98.59,808.9
PRJ-SYN-000352,2024-10-07,12,10.7,417.32
PRJ-SYN-000352,2024-11-06,13,11.78,455.72
PRJ-SYN-000352,2024-12-06,14,12.88,494.43
PRJ-SYN-000352,2025-01-05,15,13.99,533.41
PRJ-SYN-000352,2025-02-04,16,15.12,572.66
PRJ-SYN-000352,2025-03-06,17,16.26,612.15
PRJ-SYN-000352,2025-04-05,18,17.41,651.88
PRJ-SYN-000352,2025-05-05,19,18.58,691.82
PRJ-SYN-000352,2025-06-04,20,19.76,731.98
PRJ-SYN-000352,2025-07-04,21,20.95,772.34
PRJ-SYN-000352,2025-08-03,22,22.15,812.89
PRJ-SYN-000352,2025-09-02,23,23.37,853.62
PRJ-SYN-000352,2025-10-02,24,24.59,894.53
PRJ-SYN-000352,2025-11-01,25,25.82,935.62
PRJ-SYN-000352,2025-12-01,26,27.07,976.87
PRJ-SYN-000352,2025-12-31,27,28.32,1018.27
PRJ-SYN-000352,2026-01-30,28,29.59,1059.84
PRJ-SYN-000352,2026-03-01,29,30.86,1101.55
PRJ-SYN-000353,2024-10-07,42,65.18,293.45
PRJ-SYN-000353,2024-11-06,43,67.05,301.14
PRJ-SYN-000353,2024-12-06,44,68.92,308.85
PRJ-SYN-000353,2025-01-05,45,70.81,316.58
PRJ-SYN-000353,2025-02-04,46,72.7,324.33
PRJ-SYN-000353,2025-03-06,47,74.6,332.09
PRJ-SYN-000353,2025-04-05,48,76.51,339.87
PRJ-SYN-000353,2025-05-05,49,78.42,347.67
PRJ-SYN-000353,2025-06-04,50,80.35,355.48
PRJ-SYN-000353,2025-07-04,51,82.28,363.31
PRJ-SYN-000353,2025-08-03,52,84.22,371.16
PRJ-SYN-000353,2025-09-02,53,86.17,379.02
PRJ-SYN-000353,2025-10-02,54,88.12,386.89
PRJ-SYN-000353,2025-11-01,55,90.09,394.78
PRJ-SYN-000353,2025-12-01,56,92.05,402.68
PRJ-SYN-000353,2025-12-31,57,94.03,410.6
PRJ-SYN-000353,2026-01-30,58,96.01,418.53
PRJ-SYN-000353,2026-03-01,59,98.0,426.47
PRJ-SYN-000354,2024-10-07,69,75.72,1953.42
PRJ-SYN-000354,2024-11-06,70,77.04,1984.59
PRJ-SYN-000354,2024-12-06,71,78.36,2015.79
PRJ-SYN-000354,2025-01-05,72,79.68,2047.05
PRJ-SYN-000354,2025-02-04,73,81.01,2078.34
PRJ-SYN-000354,2025-03-06,74,82.35,2109.68
PRJ-SYN-000354,2025-04-05,75,83.69,2141.06
PRJ-SYN-000354,2025-05-05,76,85.03,2172.49
PRJ-SYN-000354,2025-06-04,77,86.37,2203.95
PRJ-SYN-000354,2025-07-04,78,87.72,2235.46
PRJ-SYN-000354,2025-08-03,79,89.07,2267.0
PRJ-SYN-000354,2025-09-02,80,90.42,2298.59
PRJ-SYN-000354,2025-10-02,81,91.78,2330.21
PRJ-SYN-000354,2025-11-01,82,93.14,2361.88
PRJ-SYN-000354,2025-12-01,83,94.51,2393.58
PRJ-SYN-000354,2025-12-31,84,95.88,2425.32
PRJ-SYN-000354,2026-01-30,85,97.25,2457.1
PRJ-SYN-000354,2026-03-01,86,98.62,2488.92
PRJ-SYN-000355,2024-10-07,18,25.09,2735.74
PRJ-SYN-000355,2024-11-06,19,26.77,2903.38
PRJ-SYN-000355,2024-12-06,20,28.47,3071.9
PRJ-SYN-000355,2025-01-05,21,30.19,3241.27
PRJ-SYN-000355,2025-02-04,22,31.92,3411.45
PRJ-SYN-000355,2025-03-06,23,33.67,3582.41
PRJ-SYN-000355,2025-04-05,24,35.43,3754.11
PRJ-SYN-000355,2025-05-05,25,37.21,3926.53
PRJ-SYN-000355,2025-06-04,26,39.01,4099.64
PRJ-SYN-000355,2025-07-04,27,40.81,4273.41
PRJ-SYN-000355,2025-08-03,28,42.63,4447.83
PRJ-SYN-000355,2025-09-02,29,44.47,4622.88
PRJ-SYN-000355,2025-10-02,30,46.31,4798.53
PRJ-SYN-000355,2025-11-01,31,48.17,4974.76
PRJ-SYN-000355,2025-12-01,32,50.04,5151.57
PRJ-SYN-000355,2025-12-31,33,51.93,5328.93
PRJ-SYN-000355,2026-01-30,34,53.82,5506.83
PRJ-SYN-000355,2026-03-01,35,55.72,5685.25
PRJ-SYN-000356,2024-10-07,66,67.82,2000.41
PRJ-SYN-000356,2024-11-06,67,69.05,2033.77
PRJ-SYN-000356,2024-12-06,68,70.29,2067.19
PRJ-SYN-000356,2025-01-05,69,71.53,2100.65
PRJ-SYN-000356,2025-02-04,70,72.78,2134.17
PRJ-SYN-000356,2025-03-06,71,74.03,2167.73
PRJ-SYN-000356,2025-04-05,72,75.28,2201.33
PRJ-SYN-000356,2025-05-05,73,76.54,2234.99
PRJ-SYN-000356,2025-06-04,74,77.8,2268.69
PRJ-SYN-000356,2025-07-04,75,79.06,2302.44
PRJ-SYN-000356,2025-08-03,76,80.33,2336.23
PRJ-SYN-000356,2025-09-02,77,81.6,2370.06
PRJ-SYN-000356,2025-10-02,78,82.87,2403.94
PRJ-SYN-000356,2025-11-01,79,84.15,2437.87
PRJ-SYN-000356,2025-12-01,80,85.43,2471.83
PRJ-SYN-000356,2025-12-31,81,86.71,2505.84
PRJ-SYN-000356,2026-01-30,82,88.0,2539.89
PRJ-SYN-000356,2026-03-01,83,89.29,2573.99
PRJ-SYN-000357,2024-10-07,70,75.99,2027.25
PRJ-SYN-000357,2024-11-06,71,77.29,2059.13
PRJ-SYN-000357,2024-12-06,72,78.6,2091.06
PRJ-SYN-000357,2025-01-05,73,79.91,2123.03
PRJ-SYN-000357,2025-02-04,74,81.23,2155.04
PRJ-SYN-000357,2025-03-06,75,82.55,2187.09
PRJ-SYN-000357,2025-04-05,76,83.87,2219.19
PRJ-SYN-000357,2025-05-05,77,85.19,2251.33
PRJ-SYN-000357,2025-06-04,78,86.52,2283.52
PRJ-SYN-000357,2025-07-04,79,87.86,2315.74
PRJ-SYN-000357,2025-08-03,80,89.19,2348.01
PRJ-SYN-000357,2025-09-02,81,90.53,2380.31
PRJ-SYN-000357,2025-10-02,82,91.88,2412.66
PRJ-SYN-000357,2025-11-01,83,93.22,2445.04
PRJ-SYN-000357,2025-12-01,84,94.57,2477.46
PRJ-SYN-000357,2025-12-31,85,95.92,2509.93
PRJ-SYN-000357,2026-01-30,86,97.28,2542.43
PRJ-SYN-000357,2026-03-01,87,98.64,2574.96
PRJ-SYN-000358,2024-10-07,78,77.94,1479.35
PRJ-SYN-000358,2024-11-06,79,79.15,1500.23
PRJ-SYN-000358,2024-12-06,80,80.35,1521.13
PRJ-SYN-000358,2025-01-05,81,81.56,1542.06
PRJ-SYN-000358,2025-02-04,82,82.77,1563.01
PRJ-SYN-000358,2025-03-06,83,83.98,1583.99
PRJ-SYN-000358,2025-04-05,84,85.19,1605.0
PRJ-SYN-000358,2025-05-05,85,86.41,1626.03
PRJ-SYN-000358,2025-06-04,86,87.63,1647.08
PRJ-SYN-000358,2025-07-04,87,88.86,1668.16
PRJ-SYN-000358,2025-08-03,88,90.09,1689.27
PRJ-SYN-000358,2025-09-02,89,91.32,1710.39
PRJ-SYN-000358,2025-10-02,90,92.55,1731.54
PRJ-SYN-000358,2025-11-01,91,93.78,1752.72
PRJ-SYN-000358,2025-12-01,92,95.02,1773.92
PRJ-SYN-000358,2025-12-31,93,96.26,1795.14
PRJ-SYN-000358,2026-01-30,94,97.51,1816.38
PRJ-SYN-000358,2026-03-01,95,98.75,1837.65
PRJ-SYN-000359,2024-10-07,16,30.09,198.34
PRJ-SYN-000359,2024-11-06,17,32.36,212.02
PRJ-SYN-000359,2024-12-06,18,34.66,225.78
PRJ-SYN-000359,2025-01-05,19,36.98,239.61
PRJ-SYN-000359,2025-02-04,20,39.33,253.52
PRJ-SYN-000359,2025-03-06,21,41.7,267.5
PRJ-SYN-000359,2025-04-05,22,44.1,281.54
PRJ-SYN-000359,2025-05-05,23,46.51,295.65
PRJ-SYN-000359,2025-06-04,24,48.95,309.82
PRJ-SYN-000359,2025-07-04,25,51.41,324.05
PRJ-SYN-000359,2025-08-03,26,53.89,338.34
PRJ-SYN-000359,2025-09-02,27,56.38,352.68
PRJ-SYN-000359,2025-10-02,28,58.9,367.07
PRJ-SYN-000359,2025-11-01,29,61.43,381.52
PRJ-SYN-000359,2025-12-01,30,63.98,396.02
PRJ-SYN-000359,2025-12-31,31,66.55,410.56
PRJ-SYN-000359,2026-01-30,32,69.13,425.15
PRJ-SYN-000359,2026-03-01,33,71.73,439.79
PRJ-SYN-000360,2024-10-07,34,39.31,286.36
PRJ-SYN-000360,2024-11-06,35,40.71,295.64
PRJ-SYN-000360,2024-12-06,36,42.11,304.94
PRJ-SYN-000360,2025-01-05,37,43.51,314.27
PRJ-SYN-000360,2025-02-04,38,44.93,323.63
PRJ-SYN-000360,2025-03-06,39,46.35,333.01
PRJ-SYN-000360,2025-04-05,40,47.78,342.41
PRJ-SYN-000360,2025-05-05,41,49.22,351.84
PRJ-SYN-000360,2025-06-04,42,50.66,361.29
PRJ-SYN-000360,2025-07-04,43,52.11,370.77
PRJ-SYN-000360,2025-08-03,44,53.57,380.26
PRJ-SYN-000360,2025-09-02,45,55.03,389.78
PRJ-SYN-000360,2025-10-02,46,56.5,399.32
PRJ-SYN-000360,2025-11-01,47,57.98,408.88
PRJ-SYN-000360,2025-12-01,48,59.47,418.46
PRJ-SYN-000360,2025-12-31,49,60.95,428.06
PRJ-SYN-000360,2026-01-30,50,62.45,437.67
PRJ-SYN-000360,2026-03-01,51,63.95,447.31
PRJ-SYN-000361,2024-10-07,64,69.32,462.67
PRJ-SYN-000361,2024-11-06,65,70.62,470.63
PRJ-SYN-000361,2024-12-06,66,71.93,478.6
PRJ-SYN-000361,2025-01-05,67,73.24,486.58
PRJ-SYN-000361,2025-02-04,68,74.55,494.58
PRJ-SYN-000361,2025-03-06,69,75.87,502.58
PRJ-SYN-000361,2025-04-05,70,77.19,510.6
PRJ-SYN-000361,2025-05-05,71,78.52,518.63
PRJ-SYN-000361,2025-06-04,72,79.84,526.67
PRJ-SYN-000361,2025-07-04,73,81.18,534.72
PRJ-SYN-000361,2025-08-03,74,82.51,542.78
PRJ-SYN-000361,2025-09-02,75,83.85,550.86
PRJ-SYN-000361,2025-10-02,76,85.2,558.94
PRJ-SYN-000361,2025-11-01,77,86.54,567.04
PRJ-SYN-000361,2025-12-01,78,87.89,575.14
PRJ-SYN-000361,2025-12-31,79,89.25,583.26
PRJ-SYN-000361,2026-01-30,80,90.61,591.39
PRJ-SYN-000361,2026-03-01,81,91.97,599.52
PRJ-SYN-000362,2024-10-07,73,76.76,594.0
PRJ-SYN-000362,2024-11-06,74,78.02,602.96
PRJ-SYN-000362,2024-12-06,75,79.29,611.93
PRJ-SYN-000362,2025-01-05,76,80.56,620.91
PRJ-SYN-000362,2025-02-04,77,81.84,629.9
PRJ-SYN-000362,2025-03-06,78,83.11,638.91
PRJ-SYN-000362,2025-04-05,79,84.39,647.92
PRJ-SYN-000362,2025-05-05,80,85.68,656.95
PRJ-SYN-000362,2025-06-04,81,86.96,665.99
PRJ-SYN-000362,2025-07-04,82,88.25,675.04
PRJ-SYN-000362,2025-08-03,83,89.55,684.1
PRJ-SYN-000362,2025-09-02,84,90.84,693.17
PRJ-SYN-000362,2025-10-02,85,92.14,702.25
PRJ-SYN-000362,2025-11-01,86,93.44,711.35
PRJ-SYN-000362,2025-12-01,87,94.75,720.45
PRJ-SYN-000362,2025-12-31,88,96.06,729.57
PRJ-SYN-000362,2026-01-30,89,97.37,738.69
PRJ-SYN-000362,2026-03-01,90,98.68,747.82
PRJ-SYN-000363,2024-10-07,12,19.77,320.18
PRJ-SYN-000363,2024-11-06,13,21.76,349.65
PRJ-SYN-000363,2024-12-06,14,23.79,379.34
PRJ-SYN-000363,2025-01-05,15,25.84,409.25
PRJ-SYN-000363,2025-02-04,16,27.92,439.36
PRJ-SYN-000363,2025-03-06,17,30.03,469.66
PRJ-SYN-000363,2025-04-05,18,32.16,500.14
PRJ-SYN-000363,2025-05-05,19,34.32,530.79
PRJ-SYN-000363,2025-06-04,20,36.5,561.59
PRJ-SYN-000363,2025-07-04,21,38.7,592.56
PRJ-SYN-000363,2025-08-03,22,40.92,623.67
PRJ-SYN-000363,2025-09-02,23,43.16,654.92
PRJ-SYN-000363,2025-10-02,24,45.42,686.31
PRJ-SYN-000363,2025-11-01,25,47.7,717.83
PRJ-SYN-000363,2025-12-01,26,50.0,749.48
PRJ-SYN-000363,2025-12-31,27,52.32,781.25
PRJ-SYN-000363,2026-01-30,28,54.65,813.14
PRJ-SYN-000363,2026-03-01,29,57.0,845.14
PRJ-SYN-000364,2024-10-07,24,51.09,381.56
PRJ-SYN-000364,2024-11-06,25,53.66,399.08
PRJ-SYN-000364,2024-12-06,26,56.24,416.68
PRJ-SYN-000364,2025-01-05,27,58.85,434.34
PRJ-SYN-000364,2025-02-04,28,61.47,452.07
PRJ-SYN-000364,2025-03-06,29,64.12,469.86
PRJ-SYN-000364,2025-04-05,30,66.78,487.71
PRJ-SYN-000364,2025-05-05,31,69.46,505.62
PRJ-SYN-000364,2025-06-04,32,72.16,523.59
PRJ-SYN-000364,2025-07-04,33,74.87,541.62
PRJ-SYN-000364,2025-08-03,34,77.6,559.7
PRJ-SYN-000364,2025-09-02,35,80.35,577.83
PRJ-SYN-000364,2025-10-02,36,83.11,596.02
PRJ-SYN-000364,2025-11-01,37,85.89,614.26
PRJ-SYN-000364,2025-12-01,38,88.68,632.54
PRJ-SYN-000364,2025-12-31,39,91.49,650.88
PRJ-SYN-000364,2026-01-30,40,94.31,669.26
PRJ-SYN-000364,2026-03-01,41,97.15,687.69
PRJ-SYN-000365,2024-10-07,22,34.03,197.03
PRJ-SYN-000365,2024-11-06,23,35.9,206.91
PRJ-SYN-000365,2024-12-06,24,37.78,216.82
PRJ-SYN-000365,2025-01-05,25,39.68,226.78
PRJ-SYN-000365,2025-02-04,26,41.59,236.78
PRJ-SYN-000365,2025-03-06,27,43.52,246.82
PRJ-SYN-000365,2025-04-05,28,45.46,256.89
PRJ-SYN-000365,2025-05-05,29,47.41,267.0
PRJ-SYN-000365,2025-06-04,30,49.38,277.14
PRJ-SYN-000365,2025-07-04,31,51.36,287.32
PRJ-SYN-000365,2025-08-03,32,53.36,297.53
PRJ-SYN-000365,2025-09-02,33,55.36,307.78
PRJ-SYN-000365,2025-10-02,34,57.38,318.05
PRJ-SYN-000365,2025-11-01,35,59.41,328.36
PRJ-SYN-000365,2025-12-01,36,61.46,338.69
PRJ-SYN-000365,2025-12-31,37,63.51,349.05
PRJ-SYN-000365,2026-01-30,38,65.58,359.45
PRJ-SYN-000365,2026-03-01,39,67.65,369.86
PRJ-SYN-000366,2024-10-07,45,66.78,2820.0
PRJ-SYN-000366,2024-11-06,46,68.56,2889.01
PRJ-SYN-000366,2024-12-06,47,70.36,2958.17
PRJ-SYN-000366,2025-01-05,48,72.16,3027.48
PRJ-SYN-000366,2025-02-04,49,73.97,3096.93
PRJ-SYN-000366,2025-03-06,50,75.78,3166.52
PRJ-SYN-000366,2025-04-05,51,77.6,3236.25
PRJ-SYN-000366,2025-05-05,52,79.43,3306.12
PRJ-SYN-000366,2025-06-04,53,81.27,3376.13
PRJ-SYN-000366,2025-07-04,54,83.11,3446.26
PRJ-SYN-000366,2025-08-03,55,84.96,3516.53
PRJ-SYN-000366,2025-09-02,56,86.82,3586.92
PRJ-SYN-000366,2025-10-02,57,88.68,3657.44
PRJ-SYN-000366,2025-11-01,58,90.55,3728.09
PRJ-SYN-000366,2025-12-01,59,92.43,3798.85
PRJ-SYN-000366,2025-12-31,60,94.31,3869.74
PRJ-SYN-000366,2026-01-30,61,96.2,3940.74
PRJ-SYN-000366,2026-03-01,62,98.1,4011.86
PRJ-SYN-000367,2024-10-07,76,77.49,988.49
PRJ-SYN-000367,2024-11-06,77,78.71,1002.8
PRJ-SYN-000367,2024-12-06,78,79.94,1017.14
PRJ-SYN-000367,2025-01-05,79,81.17,1031.49
PRJ-SYN-000367,2025-02-04,80,82.41,1045.86
PRJ-SYN-000367,2025-03-06,81,83.64,1060.25
PRJ-SYN-000367,2025-04-05,82,84.88,1074.66
PRJ-SYN-000367,2025-05-05,83,86.13,1089.09
PRJ-SYN-000367,2025-06-04,84,87.37,1103.53
PRJ-SYN-000367,2025-07-04,85,88.62,1117.99
PRJ-SYN-000367,2025-08-03,86,89.88,1132.47
PRJ-SYN-000367,2025-09-02,87,91.13,1146.96
PRJ-SYN-000367,2025-10-02,88,92.39,1161.47
PRJ-SYN-000367,2025-11-01,89,93.65,1176.0
PRJ-SYN-000367,2025-12-01,90,94.92,1190.54
PRJ-SYN-000367,2025-12-31,91,96.18,1205.1
PRJ-SYN-000367,2026-01-30,92,97.45,1219.67
PRJ-SYN-000367,2026-03-01,93,98.72,1234.26
PRJ-SYN-000368,2024-10-07,67,75.16,444.8
PRJ-SYN-000368,2024-11-06,68,76.51,452.11
PRJ-SYN-000368,2024-12-06,69,77.86,459.43
PRJ-SYN-000368,2025-01-05,70,79.22,466.76
PRJ-SYN-000368,2025-02-04,71,80.58,474.1
PRJ-SYN-000368,2025-03-06,72,81.94,481.45
PRJ-SYN-000368,2025-04-05,73,83.31,488.81
PRJ-SYN-000368,2025-05-05,74,84.68,496.18
PRJ-SYN-000368,2025-06-04,75,86.05,503.56
PRJ-SYN-000368,2025-07-04,76,87.43,510.95
PRJ-SYN-000368,2025-08-03,77,88.81,518.35
PRJ-SYN-000368,2025-09-02,78,90.2,525.76
PRJ-SYN-000368,2025-10-02,79,91.59,533.18
PRJ-SYN-000368,2025-11-01,80,92.98,540.61
PRJ-SYN-000368,2025-12-01,81,94.38,548.05
PRJ-SYN-000368,2025-12-31,82,95.78,555.49
PRJ-SYN-000368,2026-01-30,83,97.18,562.95
PRJ-SYN-000368,2026-03-01,84,98.59,570.42
PRJ-SYN-000369,2024-10-07,40,64.03,1619.96
PRJ-SYN-000369,2024-11-06,41,65.95,1664.56
PRJ-SYN-000369,2024-12-06,42,67.89,1709.28
PRJ-SYN-000369,2025-01-05,43,69.83,1754.1
PRJ-SYN-000369,2025-02-04,44,71.78,1799.02
PRJ-SYN-000369,2025-03-06,45,73.75,1844.05
PRJ-SYN-000369,2025-04-05,46,75.72,1889.17
PRJ-SYN-000369,2025-05-05,47,77.7,1934.4
PRJ-SYN-000369,2025-06-04,48,79.68,1979.72
PRJ-SYN-000369,2025-07-04,49,81.68,2025.13
PRJ-SYN-000369,2025-08-03,50,83.69,2070.64
PRJ-SYN-000369,2025-09-02,51,85.7,2116.24
PRJ-SYN-000369,2025-10-02,52,87.72,2161.93
PRJ-SYN-000369,2025-11-01,53,89.75,2207.71
PRJ-SYN-000369,2025-12-01,54,91.78,2253.57
PRJ-SYN-000369,2025-12-31,55,93.83,2299.52
PRJ-SYN-000369,2026-01-30,56,95.88,2345.55
PRJ-SYN-000369,2026-03-01,57,97.93,2391.66
PRJ-SYN-000370,2024-10-07,31,57.73,525.15
PRJ-SYN-000370,2024-11-06,32,59.97,543.81
PRJ-SYN-000370,2024-12-06,33,62.23,562.53
PRJ-SYN-000370,2025-01-05,34,64.5,581.31
PRJ-SYN-000370,2025-02-04,35,66.78,600.15
PRJ-SYN-000370,2025-03-06,36,69.08,619.04
PRJ-SYN-000370,2025-04-05,37,71.38,637.98
PRJ-SYN-000370,2025-05-05,38,73.71,656.97
PRJ-SYN-000370,2025-06-04,39,76.04,676.01
PRJ-SYN-000370,2025-07-04,40,78.39,695.1
PRJ-SYN-000370,2025-08-03,41,80.74,714.24
PRJ-SYN-000370,2025-09-02,42,83.11,733.43
PRJ-SYN-000370,2025-10-02,43,85.49,752.66
PRJ-SYN-000370,2025-11-01,44,87.88,771.94
PRJ-SYN-000370,2025-12-01,45,90.29,791.26
PRJ-SYN-000370,2025-12-31,46,92.7,810.62
PRJ-SYN-000370,2026-01-30,47,95.12,830.03
PRJ-SYN-000370,2026-03-01,48,97.56,849.47
PRJ-SYN-000371,2024-10-07,19,23.22,148.01
PRJ-SYN-000371,2024-11-06,20,24.69,156.6
PRJ-SYN-000371,2024-12-06,21,26.18,165.24
PRJ-SYN-000371,2025-01-05,22,27.68,173.91
PRJ-SYN-000371,2025-02-04,23,29.2,182.63
PRJ-SYN-000371,2025-03-06,24,30.73,191.38
PRJ-SYN-000371,2025-04-05,25,32.27,200.17
PRJ-SYN-000371,2025-05-05,26,33.83,209.0
PRJ-SYN-000371,2025-06-04,27,35.4,217.86
PRJ-SYN-000371,2025-07-04,28,36.97,226.75
PRJ-SYN-000371,2025-08-03,29,38.56,235.67
PRJ-SYN-000371,2025-09-02,30,40.17,244.63
PRJ-SYN-000371,2025-10-02,31,41.78,253.61
PRJ-SYN-000371,2025-11-01,32,43.4,262.62
PRJ-SYN-000371,2025-12-01,33,45.03,271.67
PRJ-SYN-000371,2025-12-31,34,46.68,280.74
PRJ-SYN-000371,2026-01-30,35,48.33,289.83
PRJ-SYN-000371,2026-03-01,36,49.99,298.95
PRJ-SYN-000372,2024-10-07,32,58.54,113.73
PRJ-SYN-000372,2024-11-06,33,60.74,117.64
PRJ-SYN-000372,2024-12-06,34,62.95,121.57
PRJ-SYN-000372,2025-01-05,35,65.18,125.51
PRJ-SYN-000372,2025-02-04,36,67.42,129.46
PRJ-SYN-000372,2025-03-06,37,69.68,133.42
PRJ-SYN-000372,2025-04-05,38,71.94,137.39
PRJ-SYN-000372,2025-05-05,39,74.22,141.38
PRJ-SYN-000372,2025-06-04,40,76.51,145.37
PRJ-SYN-000372,2025-07-04,41,78.81,149.37
PRJ-SYN-000372,2025-08-03,42,81.12,153.38
PRJ-SYN-000372,2025-09-02,43,83.44,157.4
PRJ-SYN-000372,2025-10-02,44,85.78,161.44
PRJ-SYN-000372,2025-11-01,45,88.12,165.48
PRJ-SYN-000372,2025-12-01,46,90.48,169.53
PRJ-SYN-000372,2025-12-31,47,92.84,173.58
PRJ-SYN-000372,2026-01-30,48,95.22,177.65
PRJ-SYN-000372,2026-03-01,49,97.6,181.73
PRJ-SYN-000373,2024-10-07,56,71.57,615.04
PRJ-SYN-000373,2024-11-06,57,73.11,627.13
PRJ-SYN-000373,2024-12-06,58,74.65,639.24
PRJ-SYN-000373,2025-01-05,59,76.2,651.38
PRJ-SYN-000373,2025-02-04,60,77.75,663.53
PRJ-SYN-000373,2025-03-06,61,79.31,675.71
PRJ-SYN-000373,2025-04-05,62,80.87,687.9
PRJ-SYN-000373,2025-05-05,63,82.44,700.12
PRJ-SYN-000373,2025-06-04,64,84.01,712.35
PRJ-SYN-000373,2025-07-04,65,85.59,724.6
PRJ-SYN-000373,2025-08-03,66,87.17,736.88
PRJ-SYN-000373,2025-09-02,67,88.76,749.17
PRJ-SYN-000373,2025-10-02,68,90.35,761.47
PRJ-SYN-000373,2025-11-01,69,91.95,773.8
PRJ-SYN-000373,2025-12-01,70,93.55,786.15
PRJ-SYN-000373,2025-12-31,71,95.16,798.51
PRJ-SYN-000373,2026-01-30,72,96.77,810.89
PRJ-SYN-000373,2026-03-01,73,98.38,823.29
PRJ-SYN-000374,2024-10-07,47,65.12,5031.38
PRJ-SYN-000374,2024-11-06,48,66.78,5149.26
PRJ-SYN-000374,2024-12-06,49,68.46,5267.39
PRJ-SYN-000374,2025-01-05,50,70.14,5385.76
PRJ-SYN-000374,2025-02-04,51,71.82,5504.36
PRJ-SYN-000374,2025-03-06,52,73.52,5623.2
PRJ-SYN-000374,2025-04-05,53,75.22,5742.27
PRJ-SYN-000374,2025-05-05,54,76.92,5861.56
PRJ-SYN-000374,2025-06-04,55,78.64,5981.07
PRJ-SYN-000374,2025-07-04,56,80.35,6100.8
PRJ-SYN-000374,2025-08-03,57,82.08,6220.74
PRJ-SYN-000374,2025-09-02,58,83.81,6340.9
PRJ-SYN-000374,2025-10-02,59,85.55,6461.26
PRJ-SYN-000374,2025-11-01,60,87.29,6581.82
PRJ-SYN-000374,2025-12-01,61,89.04,6702.59
PRJ-SYN-000374,2025-12-31,62,90.79,6823.55
PRJ-SYN-000374,2026-01-30,63,92.55,6944.71
PRJ-SYN-000374,2026-03-01,64,94.32,7066.07
PRJ-SYN-000375,2024-10-07,21,37.44,322.82
PRJ-SYN-000375,2024-11-06,22,39.59,339.76
PRJ-SYN-000375,2024-12-06,23,41.76,356.79
PRJ-SYN-000375,2025-01-05,24,43.95,373.89
PRJ-SYN-000375,2025-02-04,25,46.16,391.06
PRJ-SYN-000375,2025-03-06,26,48.38,408.3
PRJ-SYN-000375,2025-04-05,27,50.62,425.61
PRJ-SYN-000375,2025-05-05,28,52.88,442.98
PRJ-SYN-000375,2025-06-04,29,55.15,460.42
PRJ-SYN-000375,2025-07-04,30,57.44,477.91
PRJ-SYN-000375,2025-08-03,31,59.75,495.46
PRJ-SYN-000375,2025-09-02,32,62.07,513.07
PRJ-SYN-000375,2025-10-02,33,64.4,530.74
PRJ-SYN-000375,2025-11-01,34,66.75,548.45
PRJ-SYN-000375,2025-12-01,35,69.12,566.22
PRJ-SYN-000375,2025-12-31,36,71.49,584.04
PRJ-SYN-000375,2026-01-30,37,73.88,601.92
PRJ-SYN-000375,2026-03-01,38,76.28,619.83
PRJ-SYN-000376,2024-10-07,17,38.83,169.28
PRJ-SYN-000376,2024-11-06,18,41.58,180.26
PRJ-SYN-000376,2024-12-06,19,44.37,191.31
PRJ-SYN-000376,2025-01-05,20,47.19,202.41
PRJ-SYN-000376,2025-02-04,21,50.03,213.57
PRJ-SYN-000376,2025-03-06,22,52.91,224.79
PRJ-SYN-000376,2025-04-05,23,55.81,236.05
PRJ-SYN-000376,2025-05-05,24,58.73,247.36
PRJ-SYN-000376,2025-06-04,25,61.68,258.73
PRJ-SYN-000376,2025-07-04,26,64.65,270.13
PRJ-SYN-000376,2025-08-03,27,67.65,281.58
PRJ-SYN-000376,2025-09-02,28,70.66,293.07
PRJ-SYN-000376,2025-10-02,29,73.7,304.61
PRJ-SYN-000376,2025-11-01,30,76.76,316.18
PRJ-SYN-000376,2025-12-01,31,79.84,327.8
PRJ-SYN-000376,2025-12-31,32,82.94,339.45
PRJ-SYN-000376,2026-01-30,33,86.06,351.13
PRJ-SYN-000376,2026-03-01,34,89.2,362.85
PRJ-SYN-000377,2024-10-07,55,71.19,191.45
PRJ-SYN-000377,2024-11-06,56,72.75,195.28
PRJ-SYN-000377,2024-12-06,57,74.31,199.12
PRJ-SYN-000377,2025-01-05,58,75.88,202.97
PRJ-SYN-000377,2025-02-04,59,77.45,206.82
PRJ-SYN-000377,2025-03-06,60,79.03,210.68
PRJ-SYN-000377,2025-04-05,61,80.61,214.54
PRJ-SYN-000377,2025-05-05,62,82.2,218.41
PRJ-SYN-000377,2025-06-04,63,83.8,222.29
PRJ-SYN-000377,2025-07-04,64,85.39,226.18
PRJ-SYN-000377,2025-08-03,65,87.0,230.07
PRJ-SYN-000377,2025-09-02,66,88.61,233.96
PRJ-SYN-000377,2025-10-02,67,90.22,237.87
PRJ-SYN-000377,2025-11-01,68,91.84,241.77
PRJ-SYN-000377,2025-12-01,69,93.46,245.69
PRJ-SYN-000377,2025-12-31,70,95.09,249.61
PRJ-SYN-000377,2026-01-30,71,96.72,253.53
PRJ-SYN-000377,2026-03-01,72,98.36,257.46
PRJ-SYN-000378,2024-10-07,59,72.65,1326.93
PRJ-SYN-000378,2024-11-06,60,74.13,1351.69
PRJ-SYN-000378,2024-12-06,61,75.61,1376.49
PRJ-SYN-000378,2025-01-05,62,77.1,1401.33
PRJ-SYN-000378,2025-02-04,63,78.6,1426.21
PRJ-SYN-000378,2025-03-06,64,80.1,1451.13
PRJ-SYN-000378,2025-04-05,65,81.6,1476.09
PRJ-SYN-000378,2025-05-05,66,83.11,1501.09
PRJ-SYN-000378,2025-06-04,67,84.63,1526.13
PRJ-SYN-000378,2025-07-04,68,86.14,1551.2
PRJ-SYN-000378,2025-08-03,69,87.67,1576.32
PRJ-SYN-000378,2025-09-02,70,89.19,1601.46
PRJ-SYN-000378,2025-10-02,71,90.72,1626.65
PRJ-SYN-000378,2025-11-01,72,92.26,1651.87
PRJ-SYN-000378,2025-12-01,73,93.8,1677.12
PRJ-SYN-000378,2025-12-31,74,95.34,1702.41
PRJ-SYN-000378,2026-01-30,75,96.89,1727.73
PRJ-SYN-000378,2026-03-01,76,98.44,1753.09
PRJ-SYN-000379,2024-10-07,19,34.49,248.6
PRJ-SYN-000379,2024-11-06,20,36.68,263.03
PRJ-SYN-000379,2024-12-06,21,38.89,277.53
PRJ-SYN-000379,2025-01-05,22,41.12,292.1
PRJ-SYN-000379,2025-02-04,23,43.38,306.74
PRJ-SYN-000379,2025-03-06,24,45.65,321.44
PRJ-SYN-000379,2025-04-05,25,47.94,336.21
PRJ-SYN-000379,2025-05-05,26,50.25,351.03
PRJ-SYN-000379,2025-06-04,27,52.58,365.91
PRJ-SYN-000379,2025-07-04,28,54.92,380.84
PRJ-SYN-000379,2025-08-03,29,57.29,395.83
PRJ-SYN-000379,2025-09-02,30,59.67,410.87
PRJ-SYN-000379,2025-10-02,31,62.06,425.96
PRJ-SYN-000379,2025-11-01,32,64.47,441.1
PRJ-SYN-000379,2025-12-01,33,66.9,456.29
PRJ-SYN-000379,2025-12-31,34,69.34,471.52
PRJ-SYN-000379,2026-01-30,35,71.79,486.8
PRJ-SYN-000379,2026-03-01,36,74.26,502.12
PRJ-SYN-000380,2024-10-07,21,29.73,86.55
PRJ-SYN-000380,2024-11-06,22,31.43,91.1
PRJ-SYN-000380,2024-12-06,23,33.15,95.66
PRJ-SYN-000380,2025-01-05,24,34.89,100.25
PRJ-SYN-000380,2025-02-04,25,36.64,104.85
PRJ-SYN-000380,2025-03-06,26,38.41,109.48
PRJ-SYN-000380,2025-04-05,27,40.19,114.12
PRJ-SYN-000380,2025-05-05,28,41.98,118.77
PRJ-SYN-000380,2025-06-04,29,43.79,123.45
PRJ-SYN-000380,2025-07-04,30,45.6,128.14
PRJ-SYN-000380,2025-08-03,31,47.43,132.85
PRJ-SYN-000380,2025-09-02,32,49.28,137.57
PRJ-SYN-000380,2025-10-02,33,51.13,142.3
PRJ-SYN-000380,2025-11-01,34,53.0,147.05
PRJ-SYN-000380,2025-12-01,35,54.87,151.82
PRJ-SYN-000380,2025-12-31,36,56.76,156.6
PRJ-SYN-000380,2026-01-30,37,58.66,161.39
PRJ-SYN-000380,2026-03-01,38,60.56,166.19
PRJ-SYN-000381,2024-10-07,72,76.51,1654.83
PRJ-SYN-000381,2024-11-06,73,77.79,1680.13
PRJ-SYN-000381,2024-12-06,74,79.07,1705.47
PRJ-SYN-000381,2025-01-05,75,80.35,1730.84
PRJ-SYN-000381,2025-02-04,76,81.64,1756.24
PRJ-SYN-000381,2025-03-06,77,82.93,1781.68
PRJ-SYN-000381,2025-04-05,78,84.22,1807.14
PRJ-SYN-000381,2025-05-05,79,85.52,1832.65
PRJ-SYN-000381,2025-06-04,80,86.82,1858.18
PRJ-SYN-000381,2025-07-04,81,88.12,1883.75
PRJ-SYN-000381,2025-08-03,82,89.43,1909.34
PRJ-SYN-000381,2025-09-02,83,90.74,1934.97
PRJ-SYN-000381,2025-10-02,84,92.05,1960.63
PRJ-SYN-000381,2025-11-01,85,93.37,1986.32
PRJ-SYN-000381,2025-12-01,86,94.69,2012.04
PRJ-SYN-000381,2025-12-31,87,96.01,2037.79
PRJ-SYN-000381,2026-01-30,88,97.34,2063.57
PRJ-SYN-000381,2026-03-01,89,98.67,2089.38
PRJ-SYN-000382,2024-10-07,47,64.24,392.05
PRJ-SYN-000382,2024-11-06,48,65.88,401.23
PRJ-SYN-000382,2024-12-06,49,67.53,410.44
PRJ-SYN-000382,2025-01-05,50,69.19,419.66
PRJ-SYN-000382,2025-02-04,51,70.85,428.9
PRJ-SYN-000382,2025-03-06,52,72.52,438.16
PRJ-SYN-000382,2025-04-05,53,74.2,447.44
PRJ-SYN-000382,2025-05-05,54,75.88,456.73
PRJ-SYN-000382,2025-06-04,55,77.57,466.05
PRJ-SYN-000382,2025-07-04,56,79.27,475.38
PRJ-SYN-000382,2025-08-03,57,80.97,484.72
PRJ-SYN-000382,2025-09-02,58,82.68,494.08
PRJ-SYN-000382,2025-10-02,59,84.39,503.46
PRJ-SYN-000382,2025-11-01,60,86.11,512.86
PRJ-SYN-000382,2025-12-01,61,87.83,522.27
PRJ-SYN-000382,2025-12-31,62,89.56,531.69
PRJ-SYN-000382,2026-01-30,63,91.3,541.13
PRJ-SYN-000382,2026-03-01,64,93.04,550.59
PRJ-SYN-000383,2024-10-07,61,73.32,341.78
PRJ-SYN-000383,2024-11-06,62,74.77,347.95
PRJ-SYN-000383,2024-12-06,63,76.22,354.13
PRJ-SYN-000383,2025-01-05,64,77.67,360.32
PRJ-SYN-000383,2025-02-04,65,79.13,366.51
PRJ-SYN-000383,2025-03-06,66,80.59,372.72
PRJ-SYN-000383,2025-04-05,67,82.06,378.94
PRJ-SYN-000383,2025-05-05,68,83.53,385.16
PRJ-SYN-000383,2025-06-04,69,85.01,391.4
PRJ-SYN-000383,2025-07-04,70,86.49,397.64
PRJ-SYN-000383,2025-08-03,71,87.97,403.9
PRJ-SYN-000383,2025-09-02,72,89.46,410.16
PRJ-SYN-000383,2025-10-02,73,90.96,416.43
PRJ-SYN-000383,2025-11-01,74,92.45,422.71
PRJ-SYN-000383,2025-12-01,75,93.96,429.0
PRJ-SYN-000383,2025-12-31,76,95.46,435.29
PRJ-SYN-000383,2026-01-30,77,96.97,441.6
PRJ-SYN-000383,2026-03-01,78,98.48,447.91
PRJ-SYN-000384,2024-10-07,45,66.78,2989.38
PRJ-SYN-000384,2024-11-06,46,68.56,3062.53
PRJ-SYN-000384,2024-12-06,47,70.36,3135.84
PRJ-SYN-000384,2025-01-05,48,72.16,3209.31
PRJ-SYN-000384,2025-02-04,49,73.97,3282.94
PRJ-SYN-000384,2025-03-06,50,75.78,3356.71
PRJ-SYN-000384,2025-04-05,51,77.6,3430.63
PRJ-SYN-000384,2025-05-05,52,79.43,3504.7
PRJ-SYN-000384,2025-06-04,53,81.27,3578.91
PRJ-SYN-000384,2025-07-04,54,83.11,3653.25
PRJ-SYN-000384,2025-08-03,55,84.96,3727.74
PRJ-SYN-000384,2025-09-02,56,86.82,3802.36
PRJ-SYN-000384,2025-10-02,57,88.68,3877.12
PRJ-SYN-000384,2025-11-01,58,90.55,3952.01
PRJ-SYN-000384,2025-12-01,59,92.43,4027.02
PRJ-SYN-000384,2025-12-31,60,94.31,4102.17
PRJ-SYN-000384,2026-01-30,61,96.2,4177.43
PRJ-SYN-000384,2026-03-01,62,98.1,4252.83
PRJ-SYN-000385,2024-10-07,41,45.32,538.27
PRJ-SYN-000385,2024-11-06,42,46.65,552.73
PRJ-SYN-000385,2024-12-06,43,47.98,567.22
PRJ-SYN-000385,2025-01-05,44,49.33,581.75
PRJ-SYN-000385,2025-02-04,45,50.68,596.31
PRJ-SYN-000385,2025-03-06,46,52.03,610.9
PRJ-SYN-000385,2025-04-05,47,53.39,625.52
PRJ-SYN-000385,2025-05-05,48,54.76,640.18
PRJ-SYN-000385,2025-06-04,49,56.13,654.86
PRJ-SYN-000385,2025-07-04,50,57.51,669.58
PRJ-SYN-000385,2025-08-03,51,58.89,684.32
PRJ-SYN-000385,2025-09-02,52,60.28,699.1
PRJ-SYN-000385,2025-10-02,53,61.67,713.9
PRJ-SYN-000385,2025-11-01,54,63.07,728.73
PRJ-SYN-000385,2025-12-01,55,64.47,743.59
PRJ-SYN-000385,2025-12-31,56,65.88,758.48
PRJ-SYN-000385,2026-01-30,57,67.3,773.39
PRJ-SYN-000385,2026-03-01,58,68.72,788.33
PRJ-SYN-000386,2024-10-07,62,73.65,1153.47
PRJ-SYN-000386,2024-11-06,63,75.08,1173.95
PRJ-SYN-000386,2024-12-06,64,76.51,1194.46
PRJ-SYN-000386,2025-01-05,65,77.94,1215.01
PRJ-SYN-000386,2025-02-04,66,79.39,1235.59
PRJ-SYN-000386,2025-03-06,67,80.83,1256.19
PRJ-SYN-000386,2025-04-05,68,82.28,1276.83
PRJ-SYN-000386,2025-05-05,69,83.74,1297.5
PRJ-SYN-000386,2025-06-04,70,85.19,1318.2
PRJ-SYN-000386,2025-07-04,71,86.66,1338.93
PRJ-SYN-000386,2025-08-03,72,88.12,1359.69
PRJ-SYN-000386,2025-09-02,73,89.59,1380.48
PRJ-SYN-000386,2025-10-02,74,91.07,1401.29
PRJ-SYN-000386,2025-11-01,75,92.55,1422.14
PRJ-SYN-000386,2025-12-01,76,94.03,1443.01
PRJ-SYN-000386,2025-12-31,77,95.52,1463.91
PRJ-SYN-000386,2026-01-30,78,97.01,1484.84
PRJ-SYN-000386,2026-03-01,79,98.5,1505.79
PRJ-SYN-000387,2024-10-07,54,70.81,513.06
PRJ-SYN-000387,2024-11-06,55,72.38,523.52
PRJ-SYN-000387,2024-12-06,56,73.97,534.0
PRJ-SYN-000387,2025-01-05,57,75.55,544.5
PRJ-SYN-000387,2025-02-04,58,77.15,555.02
PRJ-SYN-000387,2025-03-06,59,78.75,565.56
PRJ-SYN-000387,2025-04-05,60,80.35,576.11
PRJ-SYN-000387,2025-05-05,61,81.96,586.68
PRJ-SYN-000387,2025-06-04,62,83.57,597.27
PRJ-SYN-000387,2025-07-04,63,85.19,607.87
PRJ-SYN-000387,2025-08-03,64,86.82,618.49
PRJ-SYN-000387,2025-09-02,65,88.45,629.13
PRJ-SYN-000387,2025-10-02,66,90.09,639.79
PRJ-SYN-000387,2025-11-01,67,91.73,650.46
PRJ-SYN-000387,2025-12-01,68,93.37,661.15
PRJ-SYN-000387,2025-12-31,69,95.02,671.85
PRJ-SYN-000387,2026-01-30,70,96.68,682.57
PRJ-SYN-000387,2026-03-01,71,98.34,693.3
PRJ-SYN-000388,2024-10-07,42,65.18,4052.7
PRJ-SYN-000388,2024-11-06,43,67.05,4158.97
PRJ-SYN-000388,2024-12-06,44,68.92,4265.48
PRJ-SYN-000388,2025-01-05,45,70.81,4372.24
PRJ-SYN-000388,2025-02-04,46,72.7,4479.24
PRJ-SYN-000388,2025-03-06,47,74.6,4586.46
PRJ-SYN-000388,2025-04-05,48,76.51,4693.92
PRJ-SYN-000388,2025-05-05,49,78.42,4801.6
PRJ-SYN-000388,2025-06-04,50,80.35,4909.5
PRJ-SYN-000388,2025-07-04,51,82.28,5017.62
PRJ-SYN-000388,2025-08-03,52,84.22,5125.95
PRJ-SYN-000388,2025-09-02,53,86.17,5234.48
PRJ-SYN-000388,2025-10-02,54,88.12,5343.23
PRJ-SYN-000388,2025-11-01,55,90.09,5452.17
PRJ-SYN-000388,2025-12-01,56,92.05,5561.31
PRJ-SYN-000388,2025-12-31,57,94.03,5670.65
PRJ-SYN-000388,2026-01-30,58,96.01,5780.18
PRJ-SYN-000388,2026-03-01,59,98.0,5889.9
PRJ-SYN-000389,2024-10-07,45,66.11,151.64
PRJ-SYN-000389,2024-11-06,46,67.88,155.35
PRJ-SYN-000389,2024-12-06,47,69.65,159.07
PRJ-SYN-000389,2025-01-05,48,71.44,162.8
PRJ-SYN-000389,2025-02-04,49,73.23,166.53
PRJ-SYN-000389,2025-03-06,50,75.02,170.27
PRJ-SYN-000389,2025-04-05,51,76.83,174.02
PRJ-SYN-000389,2025-05-05,52,78.64,177.78
PRJ-SYN-000389,2025-06-04,53,80.46,181.54
PRJ-SYN-000389,2025-07-04,54,82.28,185.32
PRJ-SYN-000389,2025-08-03,55,84.11,189.09
PRJ-SYN-000389,2025-09-02,56,85.95,192.88
PRJ-SYN-000389,2025-10-02,57,87.8,196.67
PRJ-SYN-000389,2025-11-01,58,89.65,200.47
PRJ-SYN-000389,2025-12-01,59,91.51,204.28
PRJ-SYN-000389,2025-12-31,60,93.37,208.09
PRJ-SYN-000389,2026-01-30,61,95.24,211.91
PRJ-SYN-000389,2026-03-01,62,97.12,215.73
PRJ-SYN-000390,2024-10-07,41,53.16,596.37
PRJ-SYN-000390,2024-11-06,42,54.72,612.39
PRJ-SYN-000390,2024-12-06,43,56.29,628.45
PRJ-SYN-000390,2025-01-05,44,57.86,644.54
PRJ-SYN-000390,2025-02-04,45,59.45,660.67
PRJ-SYN-000390,2025-03-06,46,61.04,676.84
PRJ-SYN-000390,2025-04-05,47,62.63,693.04
PRJ-SYN-000390,2025-05-05,48,64.23,709.28
PRJ-SYN-000390,2025-06-04,49,65.84,725.55
PRJ-SYN-000390,2025-07-04,50,67.46,741.86
PRJ-SYN-000390,2025-08-03,51,69.08,758.19
PRJ-SYN-000390,2025-09-02,52,70.71,774.56
PRJ-SYN-000390,2025-10-02,53,72.34,790.96
PRJ-SYN-000390,2025-11-01,54,73.99,807.39
PRJ-SYN-000390,2025-12-01,55,75.63,823.86
PRJ-SYN-000390,2025-12-31,56,77.29,840.35
PRJ-SYN-000390,2026-01-30,57,78.94,856.87
PRJ-SYN-000390,2026-03-01,58,80.61,873.42
PRJ-SYN-000391,2024-10-07,63,73.97,150.11
PRJ-SYN-000391,2024-11-06,64,75.38,152.73
PRJ-SYN-000391,2024-12-06,65,76.79,155.36
PRJ-SYN-000391,2025-01-05,66,78.21,157.99
PRJ-SYN-000391,2025-02-04,67,79.64,160.63
PRJ-SYN-000391,2025-03-06,68,81.06,163.27
PRJ-SYN-000391,2025-04-05,69,82.5,165.91
PRJ-SYN-000391,2025-05-05,70,83.93,168.56
PRJ-SYN-000391,2025-06-04,71,85.37,171.21
PRJ-SYN-000391,2025-07-04,72,86.82,173.86
PRJ-SYN-000391,2025-08-03,73,88.27,176.52
PRJ-SYN-000391,2025-09-02,74,89.72,179.18
PRJ-SYN-000391,2025-10-02,75,91.18,181.85
PRJ-SYN-000391,2025-11-01,76,92.64,184.51
PRJ-SYN-000391,2025-12-01,77,94.1,187.19
PRJ-SYN-000391,2025-12-31,78,95.57,189.86
PRJ-SYN-000391,2026-01-30,79,97.04,192.54
PRJ-SYN-000391,2026-03-01,80,98.52,195.22
PRJ-SYN-000392,2024-10-07,49,68.7,641.58
PRJ-SYN-000392,2024-11-06,50,70.38,656.0
PRJ-SYN-000392,2024-12-06,51,72.08,670.45
PRJ-SYN-000392,2025-01-05,52,73.78,684.92
PRJ-SYN-000392,2025-02-04,53,75.48,699.43
PRJ-SYN-000392,2025-03-06,54,77.19,713.96
PRJ-SYN-000392,2025-04-05,55,78.91,728.51
PRJ-SYN-000392,2025-05-05,56,80.64,743.1
PRJ-SYN-000392,2025-06-04,57,82.37,757.71
PRJ-SYN-000392,2025-07-04,58,84.11,772.34
PRJ-SYN-000392,2025-08-03,59,85.85,787.0
PRJ-SYN-000392,2025-09-02,60,87.6,801.69
PRJ-SYN-000392,2025-10-02,61,89.35,816.4
PRJ-SYN-000392,2025-11-01,62,91.11,831.13
PRJ-SYN-000392,2025-12-01,63,92.88,845.89
PRJ-SYN-000392,2025-12-31,64,94.65,860.67
PRJ-SYN-000392,2026-01-30,65,96.43,875.47
PRJ-SYN-000392,2026-03-01,66,98.21,890.3
PRJ-SYN-000393,2024-10-07,76,77.49,1924.39
PRJ-SYN-000393,2024-11-06,77,78.71,1952.26
PRJ-SYN-000393,2024-12-06,78,79.94,1980.17
PRJ-SYN-000393,2025-01-05,79,81.17,2008.11
PRJ-SYN-000393,2025-02-04,80,82.41,2036.09
PRJ-SYN-000393,2025-03-06,81,83.64,2064.1
PRJ-SYN-000393,2025-04-05,82,84.88,2092.15
PRJ-SYN-000393,2025-05-05,83,86.13,2120.23
PRJ-SYN-000393,2025-06-04,84,87.37,2148.35
PRJ-SYN-000393,2025-07-04,85,88.62,2176.5
PRJ-SYN-000393,2025-08-03,86,89.88,2204.68
PRJ-SYN-000393,2025-09-02,87,91.13,2232.9
PRJ-SYN-000393,2025-10-02,88,92.39,2261.15
PRJ-SYN-000393,2025-11-01,89,93.65,2289.43
PRJ-SYN-000393,2025-12-01,90,94.92,2317.74
PRJ-SYN-000393,2025-12-31,91,96.18,2346.08
PRJ-SYN-000393,2026-01-30,92,97.45,2374.46
PRJ-SYN-000393,2026-03-01,93,98.72,2402.86
PRJ-SYN-000394,2024-10-07,38,62.79,231.99
PRJ-SYN-000394,2024-11-06,39,64.78,238.72
PRJ-SYN-000394,2024-12-06,40,66.78,245.46
PRJ-SYN-000394,2025-01-05,41,68.79,252.22
PRJ-SYN-000394,2025-02-04,42,70.81,258.99
PRJ-SYN-000394,2025-03-06,43,72.83,265.78
PRJ-SYN-000394,2025-04-05,44,74.87,272.59
PRJ-SYN-000394,2025-05-05,45,76.92,279.41
PRJ-SYN-000394,2025-06-04,46,78.97,286.25
PRJ-SYN-000394,2025-07-04,47,81.04,293.1
PRJ-SYN-000394,2025-08-03,48,83.11,299.97
PRJ-SYN-000394,2025-09-02,49,85.19,306.85
PRJ-SYN-000394,2025-10-02,50,87.28,313.75
PRJ-SYN-000394,2025-11-01,51,89.38,320.65
PRJ-SYN-000394,2025-12-01,52,91.49,327.58
PRJ-SYN-000394,2025-12-31,53,93.61,334.51
PRJ-SYN-000394,2026-01-30,54,95.73,341.46
PRJ-SYN-000394,2026-03-01,55,97.86,348.43
PRJ-SYN-000395,2024-10-07,54,70.81,560.63
PRJ-SYN-000395,2024-11-06,55,72.38,572.06
PRJ-SYN-000395,2024-12-06,56,73.97,583.51
PRJ-SYN-000395,2025-01-05,57,75.55,594.98
PRJ-SYN-000395,2025-02-04,58,77.15,606.47
PRJ-SYN-000395,2025-03-06,59,78.75,617.99
PRJ-SYN-000395,2025-04-05,60,80.35,629.52
PRJ-SYN-000395,2025-05-05,61,81.96,641.07
PRJ-SYN-000395,2025-06-04,62,83.57,652.64
PRJ-SYN-000395,2025-07-04,63,85.19,664.23
PRJ-SYN-000395,2025-08-03,64,86.82,675.83
PRJ-SYN-000395,2025-09-02,65,88.45,687.46
PRJ-SYN-000395,2025-10-02,66,90.09,699.1
PRJ-SYN-000395,2025-11-01,67,91.73,710.76
PRJ-SYN-000395,2025-12-01,68,93.37,722.44
PRJ-SYN-000395,2025-12-31,69,95.02,734.13
PRJ-SYN-000395,2026-01-30,70,96.68,745.85
PRJ-SYN-000395,2026-03-01,71,98.34,757.57
PRJ-SYN-000396,2024-10-07,40,64.03,1047.74
PRJ-SYN-000396,2024-11-06,41,65.95,1076.59
PRJ-SYN-000396,2024-12-06,42,67.89,1105.51
PRJ-SYN-000396,2025-01-05,43,69.83,1134.49
PRJ-SYN-000396,2025-02-04,44,71.78,1163.55
PRJ-SYN-000396,2025-03-06,45,73.75,1192.67
PRJ-SYN-000396,2025-04-05,46,75.72,1221.86
PRJ-SYN-000396,2025-05-05,47,77.7,1251.11
PRJ-SYN-000396,2025-06-04,48,79.68,1280.42
PRJ-SYN-000396,2025-07-04,49,81.68,1309.79
PRJ-SYN-000396,2025-08-03,50,83.69,1339.22
PRJ-SYN-000396,2025-09-02,51,85.7,1368.72
PRJ-SYN-000396,2025-10-02,52,87.72,1398.27
PRJ-SYN-000396,2025-11-01,53,89.75,1427.87
PRJ-SYN-000396,2025-12-01,54,91.78,1457.54
PRJ-SYN-000396,2025-12-31,55,93.83,1487.26
PRJ-SYN-000396,2026-01-30,56,95.88,1517.03
PRJ-SYN-000396,2026-03-01,57,97.93,1546.85
PRJ-SYN-000397,2024-10-07,60,63.77,3870.49
PRJ-SYN-000397,2024-11-06,61,65.05,3941.51
PRJ-SYN-000397,2024-12-06,62,66.33,4012.65
PRJ-SYN-000397,2025-01-05,63,67.62,4083.89
PRJ-SYN-000397,2025-02-04,64,68.91,4155.26
PRJ-SYN-000397,2025-03-06,65,70.2,4226.73
PRJ-SYN-000397,2025-04-05,66,71.5,4298.31
PRJ-SYN-000397,2025-05-05,67,72.8,4370.01
PRJ-SYN-000397,2025-06-04,68,74.11,4441.81
PRJ-SYN-000397,2025-07-04,69,75.42,4513.71
PRJ-SYN-000397,2025-08-03,70,76.73,4585.72
PRJ-SYN-000397,2025-09-02,71,78.05,4657.83
PRJ-SYN-000397,2025-10-02,72,79.37,4730.05
PRJ-SYN-000397,2025-11-01,73,80.69,4802.36
PRJ-SYN-000397,2025-12-01,74,82.02,4874.78
PRJ-SYN-000397,2025-12-31,75,83.35,4947.29
PRJ-SYN-000397,2026-01-30,76,84.69,5019.9
PRJ-SYN-000397,2026-03-01,77,86.03,5092.6
PRJ-SYN-000398,2024-10-07,61,73.32,424.75
PRJ-SYN-000398,2024-11-06,62,74.77,432.41
PRJ-SYN-000398,2024-12-06,63,76.22,440.09
PRJ-SYN-000398,2025-01-05,64,77.67,447.78
PRJ-SYN-000398,2025-02-04,65,79.13,455.48
PRJ-SYN-000398,2025-03-06,66,80.59,463.2
PRJ-SYN-000398,2025-04-05,67,82.06,470.92
PRJ-SYN-000398,2025-05-05,68,83.53,478.66
PRJ-SYN-000398,2025-06-04,69,85.01,486.41
PRJ-SYN-000398,2025-07-04,70,86.49,494.17
PRJ-SYN-000398,2025-08-03,71,87.97,501.94
PRJ-SYN-000398,2025-09-02,72,89.46,509.72
PRJ-SYN-000398,2025-10-02,73,90.96,517.51
PRJ-SYN-000398,2025-11-01,74,92.45,525.32
PRJ-SYN-000398,2025-12-01,75,93.96,533.13
PRJ-SYN-000398,2025-12-31,76,95.46,540.96
PRJ-SYN-000398,2026-01-30,77,96.97,548.79
PRJ-SYN-000398,2026-03-01,78,98.48,556.64
PRJ-SYN-000399,2024-10-07,71,76.25,2276.76
PRJ-SYN-000399,2024-11-06,72,77.54,2312.06
PRJ-SYN-000399,2024-12-06,73,78.84,2347.41
PRJ-SYN-000399,2025-01-05,74,80.13,2382.8
PRJ-SYN-000399,2025-02-04,75,81.43,2418.25
PRJ-SYN-000399,2025-03-06,76,82.74,2453.74
PRJ-SYN-000399,2025-04-05,77,84.05,2489.28
PRJ-SYN-000399,2025-05-05,78,85.36,2524.86
PRJ-SYN-000399,2025-06-04,79,86.67,2560.49
PRJ-SYN-000399,2025-07-04,80,87.99,2596.17
PRJ-SYN-000399,2025-08-03,81,89.31,2631.88
PRJ-SYN-000399,2025-09-02,82,90.64,2667.65
PRJ-SYN-000399,2025-10-02,83,91.97,2703.46
PRJ-SYN-000399,2025-11-01,84,93.3,2739.31
PRJ-SYN-000399,2025-12-01,85,94.63,2775.2
PRJ-SYN-000399,2025-12-31,86,95.97,2811.13
PRJ-SYN-000399,2026-01-30,87,97.31,2847.11
PRJ-SYN-000399,2026-03-01,88,98.65,2883.13
PRJ-SYN-000400,2024-10-07,79,78.17,1713.88
PRJ-SYN-000400,2024-11-06,80,79.36,1737.76
PRJ-SYN-000400,2024-12-06,81,80.55,1761.67
PRJ-SYN-000400,2025-01-05,82,81.74,1785.61
PRJ-SYN-000400,2025-02-04,83,82.94,1809.58
PRJ-SYN-000400,2025-03-06,84,84.14,1833.57
PRJ-SYN-000400,2025-04-05,85,85.34,1857.6
PRJ-SYN-000400,2025-05-05,86,86.55,1881.65
PRJ-SYN-000400,2025-06-04,87,87.76,1905.74
PRJ-SYN-000400,2025-07-04,88,88.97,1929.84
PRJ-SYN-000400,2025-08-03,89,90.19,1953.98
PRJ-SYN-000400,2025-09-02,90,91.4,1978.15
PRJ-SYN-000400,2025-10-02,91,92.62,2002.34
PRJ-SYN-000400,2025-11-01,92,93.85,2026.55
PRJ-SYN-000400,2025-12-01,93,95.07,2050.8
PRJ-SYN-000400,2025-12-31,94,96.3,2075.07
PRJ-SYN-000400,2026-01-30,95,97.53,2099.36
PRJ-SYN-000400,2026-03-01,96,98.76,2123.68
PRJ-SYN-000401,2024-10-07,46,63.02,557.8
PRJ-SYN-000401,2024-11-06,47,64.67,571.16
PRJ-SYN-000401,2024-12-06,48,66.32,584.54
PRJ-SYN-000401,2025-01-05,49,67.99,597.95
PRJ-SYN-000401,2025-02-04,50,69.65,611.38
PRJ-SYN-000401,2025-03-06,51,71.33,624.85
PRJ-SYN-000401,2025-04-05,52,73.01,638.34
PRJ-SYN-000401,2025-05-05,53,74.7,651.85
PRJ-SYN-000401,2025-06-04,54,76.39,665.4
PRJ-SYN-000401,2025-07-04,55,78.09,678.96
PRJ-SYN-000401,2025-08-03,56,79.8,692.55
PRJ-SYN-000401,2025-09-02,57,81.51,706.17
PRJ-SYN-000401,2025-10-02,58,83.23,719.81
PRJ-SYN-000401,2025-11-01,59,84.96,733.47
PRJ-SYN-000401,2025-12-01,60,86.69,747.16
PRJ-SYN-000401,2025-12-31,61,88.43,760.87
PRJ-SYN-000401,2026-01-30,62,90.17,774.6
PRJ-SYN-000401,2026-03-01,63,91.92,788.35
PRJ-SYN-000402,2024-10-07,28,35.21,1205.33
PRJ-SYN-000402,2024-11-06,29,36.73,1252.77
PRJ-SYN-000402,2024-12-06,30,38.25,1300.37
PRJ-SYN-000402,2025-01-05,31,39.79,1348.12
PRJ-SYN-000402,2025-02-04,32,41.33,1396.04
PRJ-SYN-000402,2025-03-06,33,42.89,1444.1
PRJ-SYN-000402,2025-04-05,34,44.45,1492.31
PRJ-SYN-000402,2025-05-05,35,46.03,1540.66
PRJ-SYN-000402,2025-06-04,36,47.61,1589.15
PRJ-SYN-000402,2025-07-04,37,49.2,1637.77
PRJ-SYN-000402,2025-08-03,38,50.8,1686.53
PRJ-SYN-000402,2025-09-02,39,52.41,1735.41
PRJ-SYN-000402,2025-10-02,40,54.03,1784.42
PRJ-SYN-000402,2025-11-01,41,55.65,1833.56
PRJ-SYN-000402,2025-12-01,42,57.28,1882.81
PRJ-SYN-000402,2025-12-31,43,58.92,1932.18
PRJ-SYN-000402,2026-01-30,44,60.57,1981.66
PRJ-SYN-000402,2026-03-01,45,62.23,2031.26
PRJ-SYN-000403,2024-10-07,64,74.27,1720.94
PRJ-SYN-000403,2024-11-06,65,75.67,1750.55
PRJ-SYN-000403,2024-12-06,66,77.07,1780.19
PRJ-SYN-000403,2025-01-05,67,78.47,1809.89
PRJ-SYN-000403,2025-02-04,68,79.88,1839.62
PRJ-SYN-000403,2025-03-06,69,81.29,1869.4
PRJ-SYN-000403,2025-04-05,70,82.71,1899.23
PRJ-SYN-000403,2025-05-05,71,84.13,1929.09
PRJ-SYN-000403,2025-06-04,72,85.55,1959.0
PRJ-SYN-000403,2025-07-04,73,86.98,1988.95
PRJ-SYN-000403,2025-08-03,74,88.41,2018.94
PRJ-SYN-000403,2025-09-02,75,89.85,2048.97
PRJ-SYN-000403,2025-10-02,76,91.29,2079.04
PRJ-SYN-000403,2025-11-01,77,92.73,2109.16
PRJ-SYN-000403,2025-12-01,78,94.18,2139.31
PRJ-SYN-000403,2025-12-31,79,95.63,2169.5
PRJ-SYN-000403,2026-01-30,80,97.08,2199.72
PRJ-SYN-000403,2026-03-01,81,98.54,2229.99
PRJ-SYN-000404,2024-10-07,76,77.49,2244.55
PRJ-SYN-000404,2024-11-06,77,78.71,2277.05
PRJ-SYN-000404,2024-12-06,78,79.94,2309.6
PRJ-SYN-000404,2025-01-05,79,81.17,2342.2
PRJ-SYN-000404,2025-02-04,80,82.41,2374.83
PRJ-SYN-000404,2025-03-06,81,83.64,2407.5
PRJ-SYN-000404,2025-04-05,82,84.88,2440.22
PRJ-SYN-000404,2025-05-05,83,86.13,2472.97
PRJ-SYN-000404,2025-06-04,84,87.37,2505.77
PRJ-SYN-000404,2025-07-04,85,88.62,2538.6
PRJ-SYN-000404,2025-08-03,86,89.88,2571.47
PRJ-SYN-000404,2025-09-02,87,91.13,2604.38
PRJ-SYN-000404,2025-10-02,88,92.39,2637.33
PRJ-SYN-000404,2025-11-01,89,93.65,2670.31
PRJ-SYN-000404,2025-12-01,90,94.92,2703.34
PRJ-SYN-000404,2025-12-31,91,96.18,2736.4
PRJ-SYN-000404,2026-01-30,92,97.45,2769.49
PRJ-SYN-000404,2026-03-01,93,98.72,2802.62
PRJ-SYN-000405,2024-10-07,17,30.23,827.71
PRJ-SYN-000405,2024-11-06,18,32.38,881.43
PRJ-SYN-000405,2024-12-06,19,34.55,935.44
PRJ-SYN-000405,2025-01-05,20,36.75,989.74
PRJ-SYN-000405,2025-02-04,21,38.96,1044.31
PRJ-SYN-000405,2025-03-06,22,41.2,1099.14
PRJ-SYN-000405,2025-04-05,23,43.46,1154.22
PRJ-SYN-000405,2025-05-05,24,45.73,1209.54
PRJ-SYN-000405,2025-06-04,25,48.03,1265.09
PRJ-SYN-000405,2025-07-04,26,50.34,1320.86
PRJ-SYN-000405,2025-08-03,27,52.67,1376.85
PRJ-SYN-000405,2025-09-02,28,55.02,1433.05
PRJ-SYN-000405,2025-10-02,29,57.39,1489.44
PRJ-SYN-000405,2025-11-01,30,59.77,1546.04
PRJ-SYN-000405,2025-12-01,31,62.17,1602.82
PRJ-SYN-000405,2025-12-31,32,64.59,1659.78
PRJ-SYN-000405,2026-01-30,33,67.02,1716.93
PRJ-SYN-000405,2026-03-01,34,69.46,1774.24
PRJ-SYN-000406,2024-10-07,45,66.78,1427.69
PRJ-SYN-000406,2024-11-06,46,68.56,1462.63
PRJ-SYN-000406,2024-12-06,47,70.36,1497.64
PRJ-SYN-000406,2025-01-05,48,72.16,1532.73
PRJ-SYN-000406,2025-02-04,49,73.97,1567.89
PRJ-SYN-000406,2025-03-06,50,75.78,1603.12
PRJ-SYN-000406,2025-04-05,51,77.6,1638.43
PRJ-SYN-000406,2025-05-05,52,79.43,1673.8
PRJ-SYN-000406,2025-06-04,53,81.27,1709.24
PRJ-SYN-000406,2025-07-04,54,83.11,1744.75
PRJ-SYN-000406,2025-08-03,55,84.96,1780.32
PRJ-SYN-000406,2025-09-02,56,86.82,1815.96
PRJ-SYN-000406,2025-10-02,57,88.68,1851.66
PRJ-SYN-000406,2025-11-01,58,90.55,1887.43
PRJ-SYN-000406,2025-12-01,59,92.43,1923.25
PRJ-SYN-000406,2025-12-31,60,94.31,1959.14
PRJ-SYN-000406,2026-01-30,61,96.2,1995.09
PRJ-SYN-000406,2026-03-01,62,98.1,2031.1
PRJ-SYN-000407,2024-10-07,60,72.99,678.94
PRJ-SYN-000407,2024-11-06,61,74.45,691.4
PRJ-SYN-000407,2024-12-06,62,75.92,703.88
PRJ-SYN-000407,2025-01-05,63,77.39,716.38
PRJ-SYN-000407,2025-02-04,64,78.87,728.9
PRJ-SYN-000407,2025-03-06,65,80.35,741.43
PRJ-SYN-000407,2025-04-05,66,81.84,753.99
PRJ-SYN-000407,2025-05-05,67,83.33,766.57
PRJ-SYN-000407,2025-06-04,68,84.82,779.16
PRJ-SYN-000407,2025-07-04,69,86.32,791.77
PRJ-SYN-000407,2025-08-03,70,87.82,804.41
PRJ-SYN-000407,2025-09-02,71,89.33,817.06
PRJ-SYN-000407,2025-10-02,72,90.84,829.72
PRJ-SYN-000407,2025-11-01,73,92.36,842.41
PRJ-SYN-000407,2025-12-01,74,93.88,855.11
PRJ-SYN-000407,2025-12-31,75,95.4,867.83
PRJ-SYN-000407,2026-01-30,76,96.93,880.57
PRJ-SYN-000407,2026-03-01,77,98.46,893.32
PRJ-SYN-000408,2024-10-07,54,70.81,1818.49
PRJ-SYN-000408,2024-11-06,55,72.38,1855.57
PRJ-SYN-000408,2024-12-06,56,73.97,1892.71
PRJ-SYN-000408,2025-01-05,57,75.55,1929.92
PRJ-SYN-000408,2025-02-04,58,77.15,1967.2
PRJ-SYN-000408,2025-03-06,59,78.75,2004.54
PRJ-SYN-000408,2025-04-05,60,80.35,2041.95
PRJ-SYN-000408,2025-05-05,61,81.96,2079.41
PRJ-SYN-000408,2025-06-04,62,83.57,2116.94
PRJ-SYN-000408,2025-07-04,63,85.19,2154.53
PRJ-SYN-000408,2025-08-03,64,86.82,2192.18
PRJ-SYN-000408,2025-09-02,65,88.45,2229.89
PRJ-SYN-000408,2025-10-02,66,90.09,2267.65
PRJ-SYN-000408,2025-11-01,67,91.73,2305.47
PRJ-SYN-000408,2025-12-01,68,93.37,2343.35
PRJ-SYN-000408,2025-12-31,69,95.02,2381.29
PRJ-SYN-000408,2026-01-30,70,96.68,2419.28
PRJ-SYN-000408,2026-03-01,71,98.34,2457.32
PRJ-SYN-000409,2024-10-07,21,41.52,336.58
PRJ-SYN-000409,2024-11-06,22,43.91,354.25
PRJ-SYN-000409,2024-12-06,23,46.31,372.0
PRJ-SYN-000409,2025-01-05,24,48.74,389.83
PRJ-SYN-000409,2025-02-04,25,51.19,407.74
PRJ-SYN-000409,2025-03-06,26,53.65,425.71
PRJ-SYN-000409,2025-04-05,27,56.14,443.76
PRJ-SYN-000409,2025-05-05,28,58.64,461.87
PRJ-SYN-000409,2025-06-04,29,61.17,480.04
PRJ-SYN-000409,2025-07-04,30,63.71,498.28
PRJ-SYN-000409,2025-08-03,31,66.26,516.59
PRJ-SYN-000409,2025-09-02,32,68.84,534.94
PRJ-SYN-000409,2025-10-02,33,71.43,553.36
PRJ-SYN-000409,2025-11-01,34,74.03,571.84
PRJ-SYN-000409,2025-12-01,35,76.65,590.36
PRJ-SYN-000409,2025-12-31,36,79.29,608.94
PRJ-SYN-000409,2026-01-30,37,81.94,627.58
PRJ-SYN-000409,2026-03-01,38,84.6,646.26
PRJ-SYN-000410,2024-10-07,17,37.52,226.9
PRJ-SYN-000410,2024-11-06,18,40.19,241.62
PRJ-SYN-000410,2024-12-06,19,42.88,256.43
PRJ-SYN-000410,2025-01-05,20,45.6,271.32
PRJ-SYN-000410,2025-02-04,21,48.35,286.27
PRJ-SYN-000410,2025-03-06,22,51.13,301.3
PRJ-SYN-000410,2025-04-05,23,53.93,316.4
PRJ-SYN-000410,2025-05-05,24,56.76,331.57
PRJ-SYN-000410,2025-06-04,25,59.61,346.8
PRJ-SYN-000410,2025-07-04,26,62.48,362.09
PRJ-SYN-000410,2025-08-03,27,65.38,377.43
PRJ-SYN-000410,2025-09-02,28,68.29,392.84
PRJ-SYN-000410,2025-10-02,29,71.23,408.3
PRJ-SYN-000410,2025-11-01,30,74.19,423.81
PRJ-SYN-000410,2025-12-01,31,77.16,439.38
PRJ-SYN-000410,2025-12-31,32,80.16,454.99
PRJ-SYN-000410,2026-01-30,33,83.17,470.66
PRJ-SYN-000410,2026-03-01,34,86.21,486.37
PRJ-SYN-000411,2024-10-07,55,68.6,633.46
PRJ-SYN-000411,2024-11-06,56,70.1,646.14
PRJ-SYN-000411,2024-12-06,57,71.61,658.84
PRJ-SYN-000411,2025-01-05,58,73.12,671.57
PRJ-SYN-000411,2025-02-04,59,74.63,684.32
PRJ-SYN-000411,2025-03-06,60,76.15,697.09
PRJ-SYN-000411,2025-04-05,61,77.68,709.88
PRJ-SYN-000411,2025-05-05,62,79.21,722.69
PRJ-SYN-000411,2025-06-04,63,80.75,735.52
PRJ-SYN-000411,2025-07-04,64,82.29,748.37
PRJ-SYN-000411,2025-08-03,65,83.83,761.25
PRJ-SYN-000411,2025-09-02,66,85.38,774.14
PRJ-SYN-000411,2025-10-02,67,86.94,787.05
PRJ-SYN-000411,2025-11-01,68,88.5,799.98
PRJ-SYN-000411,2025-12-01,69,90.06,812.93
PRJ-SYN-000411,2025-12-31,70,91.63,825.9
PRJ-SYN-000411,2026-01-30,71,93.2,838.89
PRJ-SYN-000411,2026-03-01,72,94.78,851.9
PRJ-SYN-000412,2024-10-07,33,52.91,765.99
PRJ-SYN-000412,2024-11-06,34,54.84,791.57
PRJ-SYN-000412,2024-12-06,35,56.78,817.21
PRJ-SYN-000412,2025-01-05,36,58.73,842.93
PRJ-SYN-000412,2025-02-04,37,60.7,868.72
PRJ-SYN-000412,2025-03-06,38,62.67,894.59
PRJ-SYN-000412,2025-04-05,39,64.66,920.52
PRJ-SYN-000412,2025-05-05,40,66.65,946.51
PRJ-SYN-000412,2025-06-04,41,68.65,972.57
PRJ-SYN-000412,2025-07-04,42,70.67,998.7
PRJ-SYN-000412,2025-08-03,43,72.69,1024.89
PRJ-SYN-000412,2025-09-02,44,74.73,1051.13
PRJ-SYN-000412,2025-10-02,45,76.77,1077.44
PRJ-SYN-000412,2025-11-01,46,78.82,1103.81
PRJ-SYN-000412,2025-12-01,47,80.88,1130.23
PRJ-SYN-000412,2025-12-31,48,82.95,1156.71
PRJ-SYN-000412,2026-01-30,49,85.03,1183.25
PRJ-SYN-000412,2026-03-01,50,87.12,1209.84
PRJ-SYN-000413,2024-10-07,41,64.61,1145.16
PRJ-SYN-000413,2024-11-06,42,66.51,1175.92
PRJ-SYN-000413,2024-12-06,43,68.41,1206.75
PRJ-SYN-000413,2025-01-05,44,70.33,1237.66
PRJ-SYN-000413,2025-02-04,45,72.25,1268.63
PRJ-SYN-000413,2025-03-06,46,74.18,1299.68
PRJ-SYN-000413,2025-04-05,47,76.12,1330.79
PRJ-SYN-000413,2025-05-05,48,78.07,1361.97
PRJ-SYN-000413,2025-06-04,49,80.02,1393.21
PRJ-SYN-000413,2025-07-04,50,81.99,1424.52
PRJ-SYN-000413,2025-08-03,51,83.96,1455.89
PRJ-SYN-000413,2025-09-02,52,85.94,1487.33
PRJ-SYN-000413,2025-10-02,53,87.92,1518.82
PRJ-SYN-000413,2025-11-01,54,89.92,1550.37
PRJ-SYN-000413,2025-12-01,55,91.92,1581.98
PRJ-SYN-000413,2025-12-31,56,93.93,1613.65
PRJ-SYN-000413,2026-01-30,57,95.95,1645.37
PRJ-SYN-000413,2026-03-01,58,97.97,1677.15
PRJ-SYN-000414,2024-10-07,14,33.82,577.91
PRJ-SYN-000414,2024-11-06,15,36.73,623.47
PRJ-SYN-000414,2024-12-06,16,39.69,669.34
PRJ-SYN-000414,2025-01-05,17,42.69,715.5
PRJ-SYN-000414,2025-02-04,18,45.72,761.93
PRJ-SYN-000414,2025-03-06,19,48.78,808.62
PRJ-SYN-000414,2025-04-05,20,51.88,855.56
PRJ-SYN-000414,2025-05-05,21,55.01,902.73
PRJ-SYN-000414,2025-06-04,22,58.17,950.13
PRJ-SYN-000414,2025-07-04,23,61.35,997.74
PRJ-SYN-000414,2025-08-03,24,64.57,1045.56
PRJ-SYN-000414,2025-09-02,25,67.81,1093.58
PRJ-SYN-000414,2025-10-02,26,71.08,1141.79
PRJ-SYN-000414,2025-11-01,27,74.37,1190.19
PRJ-SYN-000414,2025-12-01,28,77.69,1238.77
PRJ-SYN-000414,2025-12-31,29,81.03,1287.52
PRJ-SYN-000414,2026-01-30,30,84.39,1336.44
PRJ-SYN-000414,2026-03-01,31,87.78,1385.53
PRJ-SYN-000415,2024-10-07,10,27.5,48.25
PRJ-SYN-000415,2024-11-06,11,30.83,53.59
PRJ-SYN-000415,2024-12-06,12,34.22,58.97
PRJ-SYN-000415,2025-01-05,13,37.67,64.4
PRJ-SYN-000415,2025-02-04,14,41.18,69.87
PRJ-SYN-000415,2025-03-06,15,44.73,75.37
PRJ-SYN-000415,2025-04-05,16,48.33,80.92
PRJ-SYN-000415,2025-05-05,17,51.98,86.5
PRJ-SYN-000415,2025-06-04,18,55.67,92.11
PRJ-SYN-000415,2025-07-04,19,59.4,97.76
PRJ-SYN-000415,2025-08-03,20,63.17,103.43
PRJ-SYN-000415,2025-09-02,21,66.98,109.13
PRJ-SYN-000415,2025-10-02,22,70.83,114.86
PRJ-SYN-000415,2025-11-01,23,74.71,120.62
PRJ-SYN-000415,2025-12-01,24,78.62,126.4
PRJ-SYN-000415,2025-12-31,25,82.57,132.21
PRJ-SYN-000415,2026-01-30,26,86.55,138.04
PRJ-SYN-000415,2026-03-01,27,90.56,143.89
PRJ-SYN-000416,2024-10-07,46,67.28,779.27
PRJ-SYN-000416,2024-11-06,47,69.04,797.92
PRJ-SYN-000416,2024-12-06,48,70.81,816.62
PRJ-SYN-000416,2025-01-05,49,72.58,835.35
PRJ-SYN-000416,2025-02-04,50,74.36,854.12
PRJ-SYN-000416,2025-03-06,51,76.15,872.93
PRJ-SYN-000416,2025-04-05,52,77.94,891.78
PRJ-SYN-000416,2025-05-05,53,79.75,910.66
PRJ-SYN-000416,2025-06-04,54,81.56,929.58
PRJ-SYN-000416,2025-07-04,55,83.37,948.53
PRJ-SYN-000416,2025-08-03,56,85.19,967.52
PRJ-SYN-000416,2025-09-02,57,87.02,986.54
PRJ-SYN-000416,2025-10-02,58,88.86,1005.6
PRJ-SYN-000416,2025-11-01,59,90.7,1024.68
PRJ-SYN-000416,2025-12-01,60,92.55,1043.8
PRJ-SYN-000416,2025-12-31,61,94.4,1062.96
PRJ-SYN-000416,2026-01-30,62,96.26,1082.14
PRJ-SYN-000416,2026-03-01,63,98.13,1101.35
PRJ-SYN-000417,2024-10-07,78,77.94,886.86
PRJ-SYN-000417,2024-11-06,79,79.15,899.37
PRJ-SYN-000417,2024-12-06,80,80.35,911.9
PRJ-SYN-000417,2025-01-05,81,81.56,924.45
PRJ-SYN-000417,2025-02-04,82,82.77,937.01
PRJ-SYN-000417,2025-03-06,83,83.98,949.59
PRJ-SYN-000417,2025-04-05,84,85.19,962.18
PRJ-SYN-000417,2025-05-05,85,86.41,974.79
PRJ-SYN-000417,2025-06-04,86,87.63,987.41
PRJ-SYN-000417,2025-07-04,87,88.86,1000.05
PRJ-SYN-000417,2025-08-03,88,90.09,1012.7
PRJ-SYN-000417,2025-09-02,89,91.32,1025.37
PRJ-SYN-000417,2025-10-02,90,92.55,1038.05
PRJ-SYN-000417,2025-11-01,91,93.78,1050.74
PRJ-SYN-000417,2025-12-01,92,95.02,1063.45
PRJ-SYN-000417,2025-12-31,93,96.26,1076.17
PRJ-SYN-000417,2026-01-30,94,97.51,1088.91
PRJ-SYN-000417,2026-03-01,95,98.75,1101.66
PRJ-SYN-000418,2024-10-07,35,58.64,708.43
PRJ-SYN-000418,2024-11-06,36,60.66,730.72
PRJ-SYN-000418,2024-12-06,37,62.68,753.08
PRJ-SYN-000418,2025-01-05,38,64.72,775.5
PRJ-SYN-000418,2025-02-04,39,66.77,797.98
PRJ-SYN-000418,2025-03-06,40,68.83,820.51
PRJ-SYN-000418,2025-04-05,41,70.9,843.11
PRJ-SYN-000418,2025-05-05,42,72.98,865.75
PRJ-SYN-000418,2025-06-04,43,75.07,888.45
PRJ-SYN-000418,2025-07-04,44,77.17,911.21
PRJ-SYN-000418,2025-08-03,45,79.28,934.01
PRJ-SYN-000418,2025-09-02,46,81.4,956.87
PRJ-SYN-000418,2025-10-02,47,83.53,979.78
PRJ-SYN-000418,2025-11-01,48,85.66,1002.73
PRJ-SYN-000418,2025-12-01,49,87.81,1025.74
PRJ-SYN-000418,2025-12-31,50,89.96,1048.79
PRJ-SYN-000418,2026-01-30,51,92.13,1071.88
PRJ-SYN-000418,2026-03-01,52,94.3,1095.02
PRJ-SYN-000419,2024-10-07,53,70.41,132.85
PRJ-SYN-000419,2024-11-06,54,72.0,135.61
PRJ-SYN-000419,2024-12-06,55,73.61,138.38
PRJ-SYN-000419,2025-01-05,56,75.22,141.15
PRJ-SYN-000419,2025-02-04,57,76.83,143.92
PRJ-SYN-000419,2025-03-06,58,78.45,146.7
PRJ-SYN-000419,2025-04-05,59,80.08,149.48
PRJ-SYN-000419,2025-05-05,60,81.71,152.27
PRJ-SYN-000419,2025-06-04,61,83.35,155.07
PRJ-SYN-000419,2025-07-04,62,84.99,157.87
PRJ-SYN-000419,2025-08-03,63,86.64,160.67
PRJ-SYN-000419,2025-09-02,64,88.29,163.48
PRJ-SYN-000419,2025-10-02,65,89.95,166.29
PRJ-SYN-000419,2025-11-01,66,91.61,169.11
PRJ-SYN-000419,2025-12-01,67,93.28,171.93
PRJ-SYN-000419,2025-12-31,68,94.95,174.75
PRJ-SYN-000419,2026-01-30,69,96.63,177.58
PRJ-SYN-000419,2026-03-01,70,98.31,180.41
PRJ-SYN-000420,2024-10-07,54,70.81,809.23
PRJ-SYN-000420,2024-11-06,55,72.38,825.73
PRJ-SYN-000420,2024-12-06,56,73.97,842.26
PRJ-SYN-000420,2025-01-05,57,75.55,858.82
PRJ-SYN-000420,2025-02-04,58,77.15,875.41
PRJ-SYN-000420,2025-03-06,59,78.75,892.03
PRJ-SYN-000420,2025-04-05,60,80.35,908.67
PRJ-SYN-000420,2025-05-05,61,81.96,925.35
PRJ-SYN-000420,2025-06-04,62,83.57,942.05
PRJ-SYN-000420,2025-07-04,63,85.19,958.77
PRJ-SYN-000420,2025-08-03,64,86.82,975.53
PRJ-SYN-000420,2025-09-02,65,88.45,992.31
PRJ-SYN-000420,2025-10-02,66,90.09,1009.11
PRJ-SYN-000420,2025-11-01,67,91.73,1025.94
PRJ-SYN-000420,2025-12-01,68,93.37,1042.8
PRJ-SYN-000420,2025-12-31,69,95.02,1059.68
PRJ-SYN-000420,2026-01-30,70,96.68,1076.59
PRJ-SYN-000420,2026-03-01,71,98.34,1093.52
PRJ-SYN-000421,2024-10-07,17,19.69,187.09
PRJ-SYN-000421,2024-11-06,18,21.08,199.23
PRJ-SYN-000421,2024-12-06,19,22.5,211.44
PRJ-SYN-000421,2025-01-05,20,23.93,223.71
PRJ-SYN-000421,2025-02-04,21,25.37,236.05
PRJ-SYN-000421,2025-03-06,22,26.83,248.44
PRJ-SYN-000421,2025-04-05,23,28.3,260.89
PRJ-SYN-000421,2025-05-05,24,29.78,273.39
PRJ-SYN-000421,2025-06-04,25,31.27,285.95
PRJ-SYN-000421,2025-07-04,26,32.78,298.56
PRJ-SYN-000421,2025-08-03,27,34.3,311.21
PRJ-SYN-000421,2025-09-02,28,35.83,323.91
PRJ-SYN-000421,2025-10-02,29,37.37,336.66
PRJ-SYN-000421,2025-11-01,30,38.92,349.45
PRJ-SYN-000421,2025-12-01,31,40.48,362.29
PRJ-SYN-000421,2025-12-31,32,42.06,375.16
PRJ-SYN-000421,2026-01-30,33,43.64,388.08
PRJ-SYN-000421,2026-03-01,34,45.23,401.04
PRJ-SYN-000422,2024-10-07,68,66.73,218.64
PRJ-SYN-000422,2024-11-06,69,67.91,222.18
PRJ-SYN-000422,2024-12-06,70,69.09,225.73
PRJ-SYN-000422,2025-01-05,71,70.28,229.28
PRJ-SYN-000422,2025-02-04,72,71.47,232.83
PRJ-SYN-000422,2025-03-06,73,72.66,236.39
PRJ-SYN-000422,2025-04-05,74,73.85,239.96
PRJ-SYN-000422,2025-05-05,75,75.05,243.53
PRJ-SYN-000422,2025-06-04,76,76.26,247.1
PRJ-SYN-000422,2025-07-04,77,77.46,250.68
PRJ-SYN-000422,2025-08-03,78,78.67,254.26
PRJ-SYN-000422,2025-09-02,79,79.88,257.85
PRJ-SYN-000422,2025-10-02,80,81.1,261.44
PRJ-SYN-000422,2025-11-01,81,82.32,265.04
PRJ-SYN-000422,2025-12-01,82,83.54,268.64
PRJ-SYN-000422,2025-12-31,83,84.76,272.25
PRJ-SYN-000422,2026-01-30,84,85.99,275.86
PRJ-SYN-000422,2026-03-01,85,87.22,279.47
PRJ-SYN-000423,2024-10-07,36,61.47,1376.48
PRJ-SYN-000423,2024-11-06,37,63.53,1418.59
PRJ-SYN-000423,2024-12-06,38,65.59,1460.82
PRJ-SYN-000423,2025-01-05,39,67.67,1503.17
PRJ-SYN-000423,2025-02-04,40,69.76,1545.62
PRJ-SYN-000423,2025-03-06,41,71.86,1588.17
PRJ-SYN-000423,2025-04-05,42,73.97,1630.83
PRJ-SYN-000423,2025-05-05,43,76.08,1673.6
PRJ-SYN-000423,2025-06-04,44,78.21,1716.46
PRJ-SYN-000423,2025-07-04,45,80.35,1759.42
PRJ-SYN-000423,2025-08-03,46,82.5,1802.47
PRJ-SYN-000423,2025-09-02,47,84.65,1845.62
PRJ-SYN-000423,2025-10-02,48,86.82,1888.87
PRJ-SYN-000423,2025-11-01,49,88.99,1932.2
PRJ-SYN-000423,2025-12-01,50,91.18,1975.62
PRJ-SYN-000423,2025-12-31,51,93.37,2019.12
PRJ-SYN-000423,2026-01-30,52,95.57,2062.72
PRJ-SYN-000423,2026-03-01,53,97.78,2106.39
PRJ-SYN-000424,2024-10-07,63,73.97,4170.15
PRJ-SYN-000424,2024-11-06,64,75.38,4243.02
PRJ-SYN-000424,2024-12-06,65,76.79,4316.01
PRJ-SYN-000424,2025-01-05,66,78.21,4389.1
PRJ-SYN-000424,2025-02-04,67,79.64,4462.31
PRJ-SYN-000424,2025-03-06,68,81.06,4535.63
PRJ-SYN-000424,2025-04-05,69,82.5,4609.05
PRJ-SYN-000424,2025-05-05,70,83.93,4682.58
PRJ-SYN-000424,2025-06-04,71,85.37,4756.22
PRJ-SYN-000424,2025-07-04,72,86.82,4829.96
PRJ-SYN-000424,2025-08-03,73,88.27,4903.8
PRJ-SYN-000424,2025-09-02,74,89.72,4977.74
PRJ-SYN-000424,2025-10-02,75,91.18,5051.79
PRJ-SYN-000424,2025-11-01,76,92.64,5125.93
PRJ-SYN-000424,2025-12-01,77,94.1,5200.17
PRJ-SYN-000424,2025-12-31,78,95.57,5274.5
PRJ-SYN-000424,2026-01-30,79,97.04,5348.94
PRJ-SYN-000424,2026-03-01,80,98.52,5423.46
PRJ-SYN-000425,2024-10-07,23,27.49,387.57
PRJ-SYN-000425,2024-11-06,24,28.93,406.15
PRJ-SYN-000425,2024-12-06,25,30.38,424.8
PRJ-SYN-000425,2025-01-05,26,31.85,443.53
PRJ-SYN-000425,2025-02-04,27,33.32,462.33
PRJ-SYN-000425,2025-03-06,28,34.81,481.2
PRJ-SYN-000425,2025-04-05,29,36.31,500.13
PRJ-SYN-000425,2025-05-05,30,37.81,519.14
PRJ-SYN-000425,2025-06-04,31,39.33,538.2
PRJ-SYN-000425,2025-07-04,32,40.86,557.33
PRJ-SYN-000425,2025-08-03,33,42.4,576.52
PRJ-SYN-000425,2025-09-02,34,43.94,595.77
PRJ-SYN-000425,2025-10-02,35,45.5,615.07
PRJ-SYN-000425,2025-11-01,36,47.06,634.43
PRJ-SYN-000425,2025-12-01,37,48.63,653.84
PRJ-SYN-000425,2025-12-31,38,50.22,673.3
PRJ-SYN-000425,2026-01-30,39,51.81,692.82
PRJ-SYN-000425,2026-03-01,40,53.4,712.39
PRJ-SYN-000426,2024-10-07,19,35.83,723.32
PRJ-SYN-000426,2024-11-06,20,38.11,765.3
PRJ-SYN-000426,2024-12-06,21,40.41,807.5
PRJ-SYN-000426,2025-01-05,22,42.73,849.89
PRJ-SYN-000426,2025-02-04,23,45.07,892.48
PRJ-SYN-000426,2025-03-06,24,47.43,935.26
PRJ-SYN-000426,2025-04-05,25,49.81,978.21
PRJ-SYN-000426,2025-05-05,26,52.21,1021.34
PRJ-SYN-000426,2025-06-04,27,54.63,1064.63
PRJ-SYN-000426,2025-07-04,28,57.06,1108.09
PRJ-SYN-000426,2025-08-03,29,59.52,1151.69
PRJ-SYN-000426,2025-09-02,30,61.99,1195.45
PRJ-SYN-000426,2025-10-02,31,64.48,1239.36
PRJ-SYN-000426,2025-11-01,32,66.98,1283.41
PRJ-SYN-000426,2025-12-01,33,69.5,1327.59
PRJ-SYN-000426,2025-12-31,34,72.04,1371.91
PRJ-SYN-000426,2026-01-30,35,74.59,1416.36
PRJ-SYN-000426,2026-03-01,36,77.15,1460.94
PRJ-SYN-000427,2024-10-07,50,69.14,2872.99
PRJ-SYN-000427,2024-11-06,51,70.81,2936.25
PRJ-SYN-000427,2024-12-06,52,72.48,2999.65
PRJ-SYN-000427,2025-01-05,53,74.15,3063.16
PRJ-SYN-000427,2025-02-04,54,75.83,3126.8
PRJ-SYN-000427,2025-03-06,55,77.52,3190.55
PRJ-SYN-000427,2025-04-05,56,79.22,3254.42
PRJ-SYN-000427,2025-05-05,57,80.92,3318.4
PRJ-SYN-000427,2025-06-04,58,82.62,3382.5
PRJ-SYN-000427,2025-07-04,59,84.34,3446.7
PRJ-SYN-000427,2025-08-03,60,86.05,3511.02
PRJ-SYN-000427,2025-09-02,61,87.78,3575.44
PRJ-SYN-000427,2025-10-02,62,89.51,3639.97
PRJ-SYN-000427,2025-11-01,63,91.24,3704.6
PRJ-SYN-000427,2025-12-01,64,92.98,3769.33
PRJ-SYN-000427,2025-12-31,65,94.73,3834.17
PRJ-SYN-000427,2026-01-30,66,96.48,3899.1
PRJ-SYN-000427,2026-03-01,67,98.24,3964.14
PRJ-SYN-000428,2024-10-07,53,70.41,227.31
PRJ-SYN-000428,2024-11-06,54,72.0,232.03
PRJ-SYN-000428,2024-12-06,55,73.61,236.76
PRJ-SYN-000428,2025-01-05,56,75.22,241.5
PRJ-SYN-000428,2025-02-04,57,76.83,246.25
PRJ-SYN-000428,2025-03-06,58,78.45,251.0
PRJ-SYN-000428,2025-04-05,59,80.08,255.77
PRJ-SYN-000428,2025-05-05,60,81.71,260.54
PRJ-SYN-000428,2025-06-04,61,83.35,265.32
PRJ-SYN-000428,2025-07-04,62,84.99,270.11
PRJ-SYN-000428,2025-08-03,63,86.64,274.91
PRJ-SYN-000428,2025-09-02,64,88.29,279.71
PRJ-SYN-000428,2025-10-02,65,89.95,284.52
PRJ-SYN-000428,2025-11-01,66,91.61,289.34
PRJ-SYN-000428,2025-12-01,67,93.28,294.17
PRJ-SYN-000428,2025-12-31,68,94.95,299.0
PRJ-SYN-000428,2026-01-30,69,96.63,303.84
PRJ-SYN-000428,2026-03-01,70,98.31,308.69
PRJ-SYN-000429,2024-10-07,20,33.51,253.97
PRJ-SYN-000429,2024-11-06,21,35.53,267.98
PRJ-SYN-000429,2024-12-06,22,37.57,282.05
PRJ-SYN-000429,2025-01-05,23,39.63,296.18
PRJ-SYN-000429,2025-02-04,24,41.71,310.38
PRJ-SYN-000429,2025-03-06,25,43.8,324.63
PRJ-SYN-000429,2025-04-05,26,45.91,338.94
PRJ-SYN-000429,2025-05-05,27,48.04,353.31
PRJ-SYN-000429,2025-06-04,28,50.18,367.73
PRJ-SYN-000429,2025-07-04,29,52.34,382.2
PRJ-SYN-000429,2025-08-03,30,54.51,396.73
PRJ-SYN-000429,2025-09-02,31,56.7,411.3
PRJ-SYN-000429,2025-10-02,32,58.9,425.91
PRJ-SYN-000429,2025-11-01,33,61.12,440.58
PRJ-SYN-000429,2025-12-01,34,63.35,455.29
PRJ-SYN-000429,2025-12-31,35,65.59,470.04
PRJ-SYN-000429,2026-01-30,36,67.84,484.83
PRJ-SYN-000429,2026-03-01,37,70.11,499.67
PRJ-SYN-000430,2024-10-07,52,70.0,619.56
PRJ-SYN-000430,2024-11-06,53,71.62,632.67
PRJ-SYN-000430,2024-12-06,54,73.24,645.82
PRJ-SYN-000430,2025-01-05,55,74.87,658.98
PRJ-SYN-000430,2025-02-04,56,76.51,672.18
PRJ-SYN-000430,2025-03-06,57,78.15,685.39
PRJ-SYN-000430,2025-04-05,58,79.8,698.63
PRJ-SYN-000430,2025-05-05,59,81.45,711.89
PRJ-SYN-000430,2025-06-04,60,83.11,725.17
PRJ-SYN-000430,2025-07-04,61,84.78,738.48
PRJ-SYN-000430,2025-08-03,62,86.45,751.81
PRJ-SYN-000430,2025-09-02,63,88.12,765.16
PRJ-SYN-000430,2025-10-02,64,89.8,778.53
PRJ-SYN-000430,2025-11-01,65,91.49,791.92
PRJ-SYN-000430,2025-12-01,66,93.18,805.33
PRJ-SYN-000430,2025-12-31,67,94.88,818.76
PRJ-SYN-000430,2026-01-30,68,96.58,832.22
PRJ-SYN-000430,2026-03-01,69,98.29,845.69
PRJ-SYN-000431,2024-10-07,63,73.97,382.38
PRJ-SYN-000431,2024-11-06,64,75.38,389.06
PRJ-SYN-000431,2024-12-06,65,76.79,395.75
PRJ-SYN-000431,2025-01-05,66,78.21,402.45
PRJ-SYN-000431,2025-02-04,67,79.64,409.17
PRJ-SYN-000431,2025-03-06,68,81.06,415.89
PRJ-SYN-000431,2025-04-05,69,82.5,422.62
PRJ-SYN-000431,2025-05-05,70,83.93,429.36
PRJ-SYN-000431,2025-06-04,71,85.37,436.12
PRJ-SYN-000431,2025-07-04,72,86.82,442.88
PRJ-SYN-000431,2025-08-03,73,88.27,449.65
PRJ-SYN-000431,2025-09-02,74,89.72,456.43
PRJ-SYN-000431,2025-10-02,75,91.18,463.22
PRJ-SYN-000431,2025-11-01,76,92.64,470.02
PRJ-SYN-000431,2025-12-01,77,94.1,476.82
PRJ-SYN-000431,2025-12-31,78,95.57,483.64
PRJ-SYN-000431,2026-01-30,79,97.04,490.46
PRJ-SYN-000431,2026-03-01,80,98.52,497.3
PRJ-SYN-000432,2024-10-07,30,53.48,676.48
PRJ-SYN-000432,2024-11-06,31,55.63,701.33
PRJ-SYN-000432,2024-12-06,32,57.79,726.25
PRJ-SYN-000432,2025-01-05,33,59.96,751.26
PRJ-SYN-000432,2025-02-04,34,62.15,776.34
PRJ-SYN-000432,2025-03-06,35,64.35,801.49
PRJ-SYN-000432,2025-04-05,36,66.56,826.72
PRJ-SYN-000432,2025-05-05,37,68.78,852.01
PRJ-SYN-000432,2025-06-04,38,71.02,877.38
PRJ-SYN-000432,2025-07-04,39,73.27,902.81
PRJ-SYN-000432,2025-08-03,40,75.53,928.3
PRJ-SYN-000432,2025-09-02,41,77.8,953.86
PRJ-SYN-000432,2025-10-02,42,80.08,979.49
PRJ-SYN-000432,2025-11-01,43,82.38,1005.17
PRJ-SYN-000432,2025-12-01,44,84.68,1030.91
PRJ-SYN-000432,2025-12-31,45,86.99,1056.71
PRJ-SYN-000432,2026-01-30,46,89.32,1082.57
PRJ-SYN-000432,2026-03-01,47,91.65,1108.49
PRJ-SYN-000433,2024-10-07,20,41.39,153.08
PRJ-SYN-000433,2024-11-06,21,43.88,161.52
PRJ-SYN-000433,2024-12-06,22,46.4,170.0
PRJ-SYN-000433,2025-01-05,23,48.95,178.52
PRJ-SYN-000433,2025-02-04,24,51.51,187.08
PRJ-SYN-000433,2025-03-06,25,54.1,195.67
PRJ-SYN-000433,2025-04-05,26,56.7,204.3
PRJ-SYN-000433,2025-05-05,27,59.33,212.96
PRJ-SYN-000433,2025-06-04,28,61.98,221.65
PRJ-SYN-000433,2025-07-04,29,64.64,230.37
PRJ-SYN-000433,2025-08-03,30,67.33,239.13
PRJ-SYN-000433,2025-09-02,31,70.03,247.91
PRJ-SYN-000433,2025-10-02,32,72.75,256.72
PRJ-SYN-000433,2025-11-01,33,75.49,265.56
PRJ-SYN-000433,2025-12-01,34,78.24,274.42
PRJ-SYN-000433,2025-12-31,35,81.01,283.32
PRJ-SYN-000433,2026-01-30,36,83.79,292.23
PRJ-SYN-000433,2026-03-01,37,86.59,301.17
PRJ-SYN-000434,2024-10-07,52,61.94,731.22
PRJ-SYN-000434,2024-11-06,53,63.37,746.71
PRJ-SYN-000434,2024-12-06,54,64.81,762.22
PRJ-SYN-000434,2025-01-05,55,66.25,777.76
PRJ-SYN-000434,2025-02-04,56,67.7,793.33
PRJ-SYN-000434,2025-03-06,57,69.16,808.93
PRJ-SYN-000434,2025-04-05,58,70.61,824.55
PRJ-SYN-000434,2025-05-05,59,72.08,840.2
PRJ-SYN-000434,2025-06-04,60,73.55,855.88
PRJ-SYN-000434,2025-07-04,61,75.02,871.59
PRJ-SYN-000434,2025-08-03,62,76.5,887.32
PRJ-SYN-000434,2025-09-02,63,77.98,903.07
PRJ-SYN-000434,2025-10-02,64,79.47,918.85
PRJ-SYN-000434,2025-11-01,65,80.96,934.66
PRJ-SYN-000434,2025-12-01,66,82.46,950.49
PRJ-SYN-000434,2025-12-31,67,83.96,966.34
PRJ-SYN-000434,2026-01-30,68,85.46,982.22
PRJ-SYN-000434,2026-03-01,69,86.98,998.12
PRJ-SYN-000435,2024-10-07,17,42.04,93.19
PRJ-SYN-000435,2024-11-06,18,45.02,99.24
PRJ-SYN-000435,2024-12-06,19,48.04,105.32
PRJ-SYN-000435,2025-01-05,20,51.09,111.43
PRJ-SYN-000435,2025-02-04,21,54.17,117.58
PRJ-SYN-000435,2025-03-06,22,57.28,123.75
PRJ-SYN-000435,2025-04-05,23,60.42,129.95
PRJ-SYN-000435,2025-05-05,24,63.59,136.18
PRJ-SYN-000435,2025-06-04,25,66.78,142.43
PRJ-SYN-000435,2025-07-04,26,70.0,148.71
PRJ-SYN-000435,2025-08-03,27,73.24,155.02
PRJ-SYN-000435,2025-09-02,28,76.51,161.34
PRJ-SYN-000435,2025-10-02,29,79.8,167.69
PRJ-SYN-000435,2025-11-01,30,83.11,174.06
PRJ-SYN-000435,2025-12-01,31,86.45,180.46
PRJ-SYN-000435,2025-12-31,32,89.8,186.87
PRJ-SYN-000435,2026-01-30,33,93.18,193.3
PRJ-SYN-000435,2026-03-01,34,96.58,199.76
PRJ-SYN-000436,2024-10-07,11,10.25,27.73
PRJ-SYN-000436,2024-11-06,12,11.38,30.52
PRJ-SYN-000436,2024-12-06,13,12.53,33.32
PRJ-SYN-000436,2025-01-05,14,13.69,36.16
PRJ-SYN-000436,2025-02-04,15,14.87,39.01
PRJ-SYN-000436,2025-03-06,16,16.07,41.88
PRJ-SYN-000436,2025-04-05,17,17.28,44.76
PRJ-SYN-000436,2025-05-05,18,18.51,47.67
PRJ-SYN-000436,2025-06-04,19,19.75,50.59
PRJ-SYN-000436,2025-07-04,20,21.01,53.53
PRJ-SYN-000436,2025-08-03,21,22.27,56.48
PRJ-SYN-000436,2025-09-02,22,23.55,59.44
PRJ-SYN-000436,2025-10-02,23,24.84,62.42
PRJ-SYN-000436,2025-11-01,24,26.14,65.41
PRJ-SYN-000436,2025-12-01,25,27.46,68.42
PRJ-SYN-000436,2025-12-31,26,28.78,71.43
PRJ-SYN-000436,2026-01-30,27,30.11,74.46
PRJ-SYN-000436,2026-03-01,28,31.46,77.5
PRJ-SYN-000437,2024-10-07,65,74.58,1461.56
PRJ-SYN-000437,2024-11-06,66,75.96,1486.32
PRJ-SYN-000437,2024-12-06,67,77.34,1511.11
PRJ-SYN-000437,2025-01-05,68,78.73,1535.94
PRJ-SYN-000437,2025-02-04,69,80.12,1560.8
PRJ-SYN-000437,2025-03-06,70,81.51,1585.7
PRJ-SYN-000437,2025-04-05,71,82.91,1610.64
PRJ-SYN-000437,2025-05-05,72,84.32,1635.61
PRJ-SYN-000437,2025-06-04,73,85.72,1660.61
PRJ-SYN-000437,2025-07-04,74,87.13,1685.65
PRJ-SYN-000437,2025-08-03,75,88.55,1710.73
PRJ-SYN-000437,2025-09-02,76,89.97,1735.83
PRJ-SYN-000437,2025-10-02,77,91.39,1760.97
PRJ-SYN-000437,2025-11-01,78,92.82,1786.15
PRJ-SYN-000437,2025-12-01,79,94.25,1811.35
PRJ-SYN-000437,2025-12-31,80,95.68,1836.59
PRJ-SYN-000437,2026-01-30,81,97.12,1861.86
PRJ-SYN-000437,2026-03-01,82,98.56,1887.16
PRJ-SYN-000438,2024-10-07,34,60.06,1065.24
PRJ-SYN-000438,2024-11-06,35,62.18,1099.75
PRJ-SYN-000438,2024-12-06,36,64.32,1134.36
PRJ-SYN-000438,2025-01-05,37,66.47,1169.07
PRJ-SYN-000438,2025-02-04,38,68.63,1203.88
PRJ-SYN-000438,2025-03-06,39,70.81,1238.77
PRJ-SYN-000438,2025-04-05,40,72.99,1273.75
PRJ-SYN-000438,2025-05-05,41,75.19,1308.83
PRJ-SYN-000438,2025-06-04,42,77.39,1343.98
PRJ-SYN-000438,2025-07-04,43,79.61,1379.22
PRJ-SYN-000438,2025-08-03,44,81.84,1414.55
PRJ-SYN-000438,2025-09-02,45,84.07,1449.95
PRJ-SYN-000438,2025-10-02,46,86.32,1485.43
PRJ-SYN-000438,2025-11-01,47,88.58,1520.99
PRJ-SYN-000438,2025-12-01,48,90.84,1556.63
PRJ-SYN-000438,2025-12-31,49,93.12,1592.34
PRJ-SYN-000438,2026-01-30,50,95.4,1628.12
PRJ-SYN-000438,2026-03-01,51,97.7,1663.98
PRJ-SYN-000439,2024-10-07,27,54.17,1683.97
PRJ-SYN-000439,2024-11-06,28,56.59,1752.7
PRJ-SYN-000439,2024-12-06,29,59.02,1821.68
PRJ-SYN-000439,2025-01-05,30,61.47,1890.9
PRJ-SYN-000439,2025-02-04,31,63.94,1960.34
PRJ-SYN-000439,2025-03-06,32,66.42,2030.01
PRJ-SYN-000439,2025-04-05,33,68.92,2099.9
PRJ-SYN-000439,2025-05-05,34,71.44,2170.01
PRJ-SYN-000439,2025-06-04,35,73.97,2240.31
PRJ-SYN-000439,2025-07-04,36,76.51,2310.82
PRJ-SYN-000439,2025-08-03,37,79.07,2381.53
PRJ-SYN-000439,2025-09-02,38,81.64,2452.43
PRJ-SYN-000439,2025-10-02,39,84.22,2523.51
PRJ-SYN-000439,2025-11-01,40,86.82,2594.78
PRJ-SYN-000439,2025-12-01,41,89.43,2666.22
PRJ-SYN-000439,2025-12-31,42,92.05,2737.84
PRJ-SYN-000439,2026-01-30,43,94.69,2809.63
PRJ-SYN-000439,2026-03-01,44,97.34,2881.59
PRJ-SYN-000440,2024-10-07,51,69.58,320.8
PRJ-SYN-000440,2024-11-06,52,71.22,327.72
PRJ-SYN-000440,2024-12-06,53,72.86,334.66
PRJ-SYN-000440,2025-01-05,54,74.52,341.61
PRJ-SYN-000440,2025-02-04,55,76.18,348.58
PRJ-SYN-000440,2025-03-06,56,77.84,355.56
PRJ-SYN-000440,2025-04-05,57,79.51,362.55
PRJ-SYN-000440,2025-05-05,58,81.19,369.55
PRJ-SYN-000440,2025-06-04,59,82.87,376.57
PRJ-SYN-000440,2025-07-04,60,84.56,383.59
PRJ-SYN-000440,2025-08-03,61,86.25,390.63
PRJ-SYN-000440,2025-09-02,62,87.95,397.68
PRJ-SYN-000440,2025-10-02,63,89.66,404.74
PRJ-SYN-000440,2025-11-01,64,91.37,411.81
PRJ-SYN-000440,2025-12-01,65,93.08,418.9
PRJ-SYN-000440,2025-12-31,66,94.81,425.99
PRJ-SYN-000440,2026-01-30,67,96.53,433.1
PRJ-SYN-000440,2026-03-01,68,98.26,440.21
PRJ-SYN-000441,2024-10-07,61,73.32,529.9
PRJ-SYN-000441,2024-11-06,62,74.77,539.46
PRJ-SYN-000441,2024-12-06,63,76.22,549.04
PRJ-SYN-000441,2025-01-05,64,77.67,558.64
PRJ-SYN-000441,2025-02-04,65,79.13,568.24
PRJ-SYN-000441,2025-03-06,66,80.59,577.87
PRJ-SYN-000441,2025-04-05,67,82.06,587.51
PRJ-SYN-000441,2025-05-05,68,83.53,597.16
PRJ-SYN-000441,2025-06-04,69,85.01,606.83
PRJ-SYN-000441,2025-07-04,70,86.49,616.51
PRJ-SYN-000441,2025-08-03,71,87.97,626.2
PRJ-SYN-000441,2025-09-02,72,89.46,635.91
PRJ-SYN-000441,2025-10-02,73,90.96,645.63
PRJ-SYN-000441,2025-11-01,74,92.45,655.37
PRJ-SYN-000441,2025-12-01,75,93.96,665.12
PRJ-SYN-000441,2025-12-31,76,95.46,674.88
PRJ-SYN-000441,2026-01-30,77,96.97,684.65
PRJ-SYN-000441,2026-03-01,78,98.48,694.44
PRJ-SYN-000442,2024-10-07,39,57.22,1932.94
PRJ-SYN-000442,2024-11-06,40,58.99,1987.53
PRJ-SYN-000442,2024-12-06,41,60.76,2042.25
PRJ-SYN-000442,2025-01-05,42,62.55,2097.11
PRJ-SYN-000442,2025-02-04,43,64.34,2152.1
PRJ-SYN-000442,2025-03-06,44,66.14,2207.21
PRJ-SYN-000442,2025-04-05,45,67.94,2262.46
PRJ-SYN-000442,2025-05-05,46,69.76,2317.82
PRJ-SYN-000442,2025-06-04,47,71.58,2373.31
PRJ-SYN-000442,2025-07-04,48,73.42,2428.91
PRJ-SYN-000442,2025-08-03,49,75.26,2484.63
PRJ-SYN-000442,2025-09-02,50,77.1,2540.47
PRJ-SYN-000442,2025-10-02,51,78.96,2596.41
PRJ-SYN-000442,2025-11-01,52,80.82,2652.47
PRJ-SYN-000442,2025-12-01,53,82.69,2708.63
PRJ-SYN-000442,2025-12-31,54,84.56,2764.9
PRJ-SYN-000442,2026-01-30,55,86.44,2821.28
PRJ-SYN-000442,2026-03-01,56,88.33,2877.75
PRJ-SYN-000443,2024-10-07,81,78.6,1945.3
PRJ-SYN-000443,2024-11-06,82,79.77,1971.73
PRJ-SYN-000443,2024-12-06,83,80.93,1998.2
PRJ-SYN-000443,2025-01-05,84,82.11,2024.7
PRJ-SYN-000443,2025-02-04,85,83.28,2051.23
PRJ-SYN-000443,2025-03-06,86,84.46,2077.79
PRJ-SYN-000443,2025-04-05,87,85.64,2104.38
PRJ-SYN-000443,2025-05-05,88,86.82,2131.0
PRJ-SYN-000443,2025-06-04,89,88.0,2157.65
PRJ-SYN-000443,2025-07-04,90,89.19,2184.34
PRJ-SYN-000443,2025-08-03,91,90.38,2211.05
PRJ-SYN-000443,2025-09-02,92,91.58,2237.79
PRJ-SYN-000443,2025-10-02,93,92.77,2264.56
PRJ-SYN-000443,2025-11-01,94,93.97,2291.36
PRJ-SYN-000443,2025-12-01,95,95.17,2318.19
PRJ-SYN-000443,2025-12-31,96,96.37,2345.04
PRJ-SYN-000443,2026-01-30,97,97.58,2371.93
PRJ-SYN-000443,2026-03-01,98,98.79,2398.84
PRJ-SYN-000444,2024-10-07,32,36.0,158.76
PRJ-SYN-000444,2024-11-06,33,37.35,164.23
PRJ-SYN-000444,2024-12-06,34,38.72,169.71
PRJ-SYN-000444,2025-01-05,35,40.09,175.21
PRJ-SYN-000444,2025-02-04,36,41.46,180.73
PRJ-SYN-000444,2025-03-06,37,42.85,186.26
PRJ-SYN-000444,2025-04-05,38,44.24,191.8
PRJ-SYN-000444,2025-05-05,39,45.64,197.36
PRJ-SYN-000444,2025-06-04,40,47.05,202.93
PRJ-SYN-000444,2025-07-04,41,48.47,208.52
PRJ-SYN-000444,2025-08-03,42,49.89,214.12
PRJ-SYN-000444,2025-09-02,43,51.32,219.74
PRJ-SYN-000444,2025-10-02,44,52.75,225.36
PRJ-SYN-000444,2025-11-01,45,54.2,231.0
PRJ-SYN-000444,2025-12-01,46,55.64,236.66
PRJ-SYN-000444,2025-12-31,47,57.1,242.32
PRJ-SYN-000444,2026-01-30,48,58.56,248.0
PRJ-SYN-000444,2026-03-01,49,60.03,253.69
PRJ-SYN-000445,2024-10-07,30,56.89,234.95
PRJ-SYN-000445,2024-11-06,31,59.18,243.58
PRJ-SYN-000445,2024-12-06,32,61.47,252.24
PRJ-SYN-000445,2025-01-05,33,63.79,260.92
PRJ-SYN-000445,2025-02-04,34,66.11,269.63
PRJ-SYN-000445,2025-03-06,35,68.45,278.37
PRJ-SYN-000445,2025-04-05,36,70.81,287.13
PRJ-SYN-000445,2025-05-05,37,73.17,295.91
PRJ-SYN-000445,2025-06-04,38,75.55,304.72
PRJ-SYN-000445,2025-07-04,39,77.94,313.55
PRJ-SYN-000445,2025-08-03,40,80.35,322.41
PRJ-SYN-000445,2025-09-02,41,82.77,331.29
PRJ-SYN-000445,2025-10-02,42,85.19,340.19
PRJ-SYN-000445,2025-11-01,43,87.63,349.11
PRJ-SYN-000445,2025-12-01,44,90.09,358.05
PRJ-SYN-000445,2025-12-31,45,92.55,367.01
PRJ-SYN-000445,2026-01-30,46,95.02,375.99
PRJ-SYN-000445,2026-03-01,47,97.51,384.99
PRJ-SYN-000446,2024-10-07,29,56.02,1974.12
PRJ-SYN-000446,2024-11-06,30,58.35,2049.13
PRJ-SYN-000446,2024-12-06,31,60.69,2124.39
PRJ-SYN-000446,2025-01-05,32,63.05,2199.89
PRJ-SYN-000446,2025-02-04,33,65.42,2275.63
PRJ-SYN-000446,2025-03-06,34,67.8,2351.6
PRJ-SYN-000446,2025-04-05,35,70.2,2427.79
PRJ-SYN-000446,2025-05-05,36,72.62,2504.2
PRJ-SYN-000446,2025-06-04,37,75.05,2580.83
PRJ-SYN-000446,2025-07-04,38,77.49,2657.66
PRJ-SYN-000446,2025-08-03,39,79.94,2734.69
PRJ-SYN-000446,2025-09-02,40,82.41,2811.92
PRJ-SYN-000446,2025-10-02,41,84.88,2889.34
PRJ-SYN-000446,2025-11-01,42,87.37,2966.96
PRJ-SYN-000446,2025-12-01,43,89.88,3044.75
PRJ-SYN-000446,2025-12-31,44,92.39,3122.73
PRJ-SYN-000446,2026-01-30,45,94.92,3200.89
PRJ-SYN-000446,2026-03-01,46,97.45,3279.22
PRJ-SYN-000447,2024-10-07,43,65.73,611.24
PRJ-SYN-000447,2024-11-06,44,67.57,626.9
PRJ-SYN-000447,2024-12-06,45,69.42,642.59
PRJ-SYN-000447,2025-01-05,46,71.27,658.31
PRJ-SYN-000447,2025-02-04,47,73.13,674.07
PRJ-SYN-000447,2025-03-06,48,75.01,689.87
PRJ-SYN-000447,2025-04-05,49,76.88,705.69
PRJ-SYN-000447,2025-05-05,50,78.77,721.55
PRJ-SYN-000447,2025-06-04,51,80.67,737.44
PRJ-SYN-000447,2025-07-04,52,82.57,753.36
PRJ-SYN-000447,2025-08-03,53,84.48,769.31
PRJ-SYN-000447,2025-09-02,54,86.39,785.29
PRJ-SYN-000447,2025-10-02,55,88.32,801.31
PRJ-SYN-000447,2025-11-01,56,90.25,817.35
PRJ-SYN-000447,2025-12-01,57,92.18,833.42
PRJ-SYN-000447,2025-12-31,58,94.13,849.51
PRJ-SYN-000447,2026-01-30,59,96.08,865.64
PRJ-SYN-000447,2026-03-01,60,98.04,881.79
PRJ-SYN-000448,2024-10-07,45,63.01,284.68
PRJ-SYN-000448,2024-11-06,46,64.69,291.65
PRJ-SYN-000448,2024-12-06,47,66.38,298.63
PRJ-SYN-000448,2025-01-05,48,68.08,305.62
PRJ-SYN-000448,2025-02-04,49,69.79,312.64
PRJ-SYN-000448,2025-03-06,50,71.5,319.66
PRJ-SYN-000448,2025-04-05,51,73.22,326.7
PRJ-SYN-000448,2025-05-05,52,74.94,333.75
PRJ-SYN-000448,2025-06-04,53,76.68,340.82
PRJ-SYN-000448,2025-07-04,54,78.42,347.9
PRJ-SYN-000448,2025-08-03,55,80.16,354.99
PRJ-SYN-000448,2025-09-02,56,81.91,362.1
PRJ-SYN-000448,2025-10-02,57,83.67,369.22
PRJ-SYN-000448,2025-11-01,58,85.44,376.35
PRJ-SYN-000448,2025-12-01,59,87.21,383.5
PRJ-SYN-000448,2025-12-31,60,88.98,390.65
PRJ-SYN-000448,2026-01-30,61,90.77,397.82
PRJ-SYN-000448,2026-03-01,62,92.56,405.0
PRJ-SYN-000449,2024-10-07,80,78.39,6720.97
PRJ-SYN-000449,2024-11-06,81,79.56,6813.44
PRJ-SYN-000449,2024-12-06,82,80.74,6906.03
PRJ-SYN-000449,2025-01-05,83,81.93,6998.72
PRJ-SYN-000449,2025-02-04,84,83.11,7091.53
PRJ-SYN-000449,2025-03-06,85,84.3,7184.45
PRJ-SYN-000449,2025-04-05,86,85.49,7277.48
PRJ-SYN-000449,2025-05-05,87,86.69,7370.62
PRJ-SYN-000449,2025-06-04,88,87.88,7463.87
PRJ-SYN-000449,2025-07-04,89,89.08,7557.22
PRJ-SYN-000449,2025-08-03,90,90.29,7650.67
PRJ-SYN-000449,2025-09-02,91,91.49,7744.23
PRJ-SYN-000449,2025-10-02,92,92.7,7837.9
PRJ-SYN-000449,2025-11-01,93,93.91,7931.66
PRJ-SYN-000449,2025-12-01,94,95.12,8025.53
PRJ-SYN-000449,2025-12-31,95,96.34,8119.49
PRJ-SYN-000449,2026-01-30,96,97.56,8213.56
PRJ-SYN-000449,2026-03-01,97,98.78,8307.72
PRJ-SYN-000450,2024-10-07,52,70.0,1793.22
PRJ-SYN-000450,2024-11-06,53,71.62,1831.19
PRJ-SYN-000450,2024-12-06,54,73.24,1869.23
PRJ-SYN-000450,2025-01-05,55,74.87,1907.34
PRJ-SYN-000450,2025-02-04,56,76.51,1945.52
PRJ-SYN-000450,2025-03-06,57,78.15,1983.77
PRJ-SYN-000450,2025-04-05,58,79.8,2022.09
PRJ-SYN-000450,2025-05-05,59,81.45,2060.47
PRJ-SYN-000450,2025-06-04,60,83.11,2098.92
PRJ-SYN-000450,2025-07-04,61,84.78,2137.43
PRJ-SYN-000450,2025-08-03,62,86.45,2176.01
PRJ-SYN-000450,2025-09-02,63,88.12,2214.65
PRJ-SYN-000450,2025-10-02,64,89.8,2253.34
PRJ-SYN-000450,2025-11-01,65,91.49,2292.1
PRJ-SYN-000450,2025-12-01,66,93.18,2330.92
PRJ-SYN-000450,2025-12-31,67,94.88,2369.8
PRJ-SYN-000450,2026-01-30,68,96.58,2408.74
PRJ-SYN-000450,2026-03-01,69,98.29,2447.73
PRJ-SYN-000451,2024-10-07,77,77.72,5531.55
PRJ-SYN-000451,2024-11-06,78,78.93,5610.62
PRJ-SYN-000451,2024-12-06,79,80.15,5689.8
PRJ-SYN-000451,2025-01-05,80,81.37,5769.07
PRJ-SYN-000451,2025-02-04,81,82.59,5848.45
PRJ-SYN-000451,2025-03-06,82,83.81,5927.92
PRJ-SYN-000451,2025-04-05,83,85.04,6007.49
PRJ-SYN-000451,2025-05-05,84,86.27,6087.15
PRJ-SYN-000451,2025-06-04,85,87.51,6166.91
PRJ-SYN-000451,2025-07-04,86,88.74,6246.77
PRJ-SYN-000451,2025-08-03,87,89.98,6326.71
PRJ-SYN-000451,2025-09-02,88,91.22,6406.75
PRJ-SYN-000451,2025-10-02,89,92.47,6486.88
PRJ-SYN-000451,2025-11-01,90,93.72,6567.1
PRJ-SYN-000451,2025-12-01,91,94.97,6647.41
PRJ-SYN-000451,2025-12-31,92,96.22,6727.81
PRJ-SYN-000451,2026-01-30,93,97.48,6808.29
PRJ-SYN-000451,2026-03-01,94,98.74,6888.86
PRJ-SYN-000452,2024-10-07,71,76.25,375.58
PRJ-SYN-000452,2024-11-06,72,77.54,381.41
PRJ-SYN-000452,2024-12-06,73,78.84,387.24
PRJ-SYN-000452,2025-01-05,74,80.13,393.08
PRJ-SYN-000452,2025-02-04,75,81.43,398.92
PRJ-SYN-000452,2025-03-06,76,82.74,404.78
PRJ-SYN-000452,2025-04-05,77,84.05,410.64
PRJ-SYN-000452,2025-05-05,78,85.36,416.51
PRJ-SYN-000452,2025-06-04,79,86.67,422.39
PRJ-SYN-000452,2025-07-04,80,87.99,428.27
PRJ-SYN-000452,2025-08-03,81,89.31,434.17
PRJ-SYN-000452,2025-09-02,82,90.64,440.06
PRJ-SYN-000452,2025-10-02,83,91.97,445.97
PRJ-SYN-000452,2025-11-01,84,93.3,451.89
PRJ-SYN-000452,2025-12-01,85,94.63,457.81
PRJ-SYN-000452,2025-12-31,86,95.97,463.73
PRJ-SYN-000452,2026-01-30,87,97.31,469.67
PRJ-SYN-000452,2026-03-01,88,98.65,475.61
PRJ-SYN-000453,2024-10-07,24,44.62,878.05
PRJ-SYN-000453,2024-11-06,25,46.86,918.37
PRJ-SYN-000453,2024-12-06,26,49.12,958.86
PRJ-SYN-000453,2025-01-05,27,51.39,999.5
PRJ-SYN-000453,2025-02-04,28,53.69,1040.3
PRJ-SYN-000453,2025-03-06,29,55.99,1081.24
PRJ-SYN-000453,2025-04-05,30,58.32,1122.32
PRJ-SYN-000453,2025-05-05,31,60.66,1163.54
PRJ-SYN-000453,2025-06-04,32,63.02,1204.9
PRJ-SYN-000453,2025-07-04,33,65.39,1246.38
PRJ-SYN-000453,2025-08-03,34,67.77,1287.99
PRJ-SYN-000453,2025-09-02,35,70.17,1329.72
PRJ-SYN-000453,2025-10-02,36,72.58,1371.57
PRJ-SYN-000453,2025-11-01,37,75.01,1413.53
PRJ-SYN-000453,2025-12-01,38,77.45,1455.61
PRJ-SYN-000453,2025-12-31,39,79.9,1497.81
PRJ-SYN-000453,2026-01-30,40,82.36,1540.11
PRJ-SYN-000453,2026-03-01,41,84.84,1582.51
PRJ-SYN-000454,2024-10-07,73,76.76,1689.65
PRJ-SYN-000454,2024-11-06,74,78.02,1715.12
PRJ-SYN-000454,2024-12-06,75,79.29,1740.64
PRJ-SYN-000454,2025-01-05,76,80.56,1766.18
PRJ-SYN-000454,2025-02-04,77,81.84,1791.76
PRJ-SYN-000454,2025-03-06,78,83.11,1817.38
PRJ-SYN-000454,2025-04-05,79,84.39,1843.02
PRJ-SYN-000454,2025-05-05,80,85.68,1868.7
PRJ-SYN-000454,2025-06-04,81,86.96,1894.41
PRJ-SYN-000454,2025-07-04,82,88.25,1920.15
PRJ-SYN-000454,2025-08-03,83,89.55,1945.93
PRJ-SYN-000454,2025-09-02,84,90.84,1971.73
PRJ-SYN-000454,2025-10-02,85,92.14,1997.57
PRJ-SYN-000454,2025-11-01,86,93.44,2023.43
PRJ-SYN-000454,2025-12-01,87,94.75,2049.33
PRJ-SYN-000454,2025-12-31,88,96.06,2075.26
PRJ-SYN-000454,2026-01-30,89,97.37,2101.21
PRJ-SYN-000454,2026-03-01,90,98.68,2127.2
PRJ-SYN-000455,2024-10-07,76,77.49,6497.22
PRJ-SYN-000455,2024-11-06,77,78.71,6591.32
PRJ-SYN-000455,2024-12-06,78,79.94,6685.54
PRJ-SYN-000455,2025-01-05,79,81.17,6779.89
PRJ-SYN-000455,2025-02-04,80,82.41,6874.35
PRJ-SYN-000455,2025-03-06,81,83.64,6968.93
PRJ-SYN-000455,2025-04-05,82,84.88,7063.63
PRJ-SYN-000455,2025-05-05,83,86.13,7158.44
PRJ-SYN-000455,2025-06-04,84,87.37,7253.37
PRJ-SYN-000455,2025-07-04,85,88.62,7348.41
PRJ-SYN-000455,2025-08-03,86,89.88,7443.56
PRJ-SYN-000455,2025-09-02,87,91.13,7538.83
PRJ-SYN-000455,2025-10-02,88,92.39,7634.2
PRJ-SYN-000455,2025-11-01,89,93.65,7729.68
PRJ-SYN-000455,2025-12-01,90,94.92,7825.27
PRJ-SYN-000455,2025-12-31,91,96.18,7920.97
PRJ-SYN-000455,2026-01-30,92,97.45,8016.77
PRJ-SYN-000455,2026-03-01,93,98.72,8112.67
PRJ-SYN-000456,2024-10-07,24,51.09,92.42
PRJ-SYN-000456,2024-11-06,25,53.66,96.67
PRJ-SYN-000456,2024-12-06,26,56.24,100.93
PRJ-SYN-000456,2025-01-05,27,58.85,105.21
PRJ-SYN-000456,2025-02-04,28,61.47,109.5
PRJ-SYN-000456,2025-03-06,29,64.12,113.81
PRJ-SYN-000456,2025-04-05,30,66.78,118.14
PRJ-SYN-000456,2025-05-05,31,69.46,122.47
PRJ-SYN-000456,2025-06-04,32,72.16,126.83
PRJ-SYN-000456,2025-07-04,33,74.87,131.19
PRJ-SYN-000456,2025-08-03,34,77.6,135.57
PRJ-SYN-000456,2025-09-02,35,80.35,139.97
PRJ-SYN-000456,2025-10-02,36,83.11,144.37
PRJ-SYN-000456,2025-11-01,37,85.89,148.79
PRJ-SYN-000456,2025-12-01,38,88.68,153.22
PRJ-SYN-000456,2025-12-31,39,91.49,157.66
PRJ-SYN-000456,2026-01-30,40,94.31,162.11
PRJ-SYN-000456,2026-03-01,41,97.15,166.58
PRJ-SYN-000457,2024-10-07,75,77.25,1983.97
PRJ-SYN-000457,2024-11-06,76,78.49,2013.09
PRJ-SYN-000457,2024-12-06,77,79.73,2042.25
PRJ-SYN-000457,2025-01-05,78,80.97,2071.44
PRJ-SYN-000457,2025-02-04,79,82.22,2100.67
PRJ-SYN-000457,2025-03-06,80,83.47,2129.94
PRJ-SYN-000457,2025-04-05,81,84.72,2159.24
PRJ-SYN-000457,2025-05-05,82,85.98,2188.59
PRJ-SYN-000457,2025-06-04,83,87.24,2217.96
PRJ-SYN-000457,2025-07-04,84,88.5,2247.38
PRJ-SYN-000457,2025-08-03,85,89.77,2276.82
PRJ-SYN-000457,2025-09-02,86,91.04,2306.3
PRJ-SYN-000457,2025-10-02,87,92.31,2335.82
PRJ-SYN-000457,2025-11-01,88,93.58,2365.37
PRJ-SYN-000457,2025-12-01,89,94.86,2394.96
PRJ-SYN-000457,2025-12-31,90,96.14,2424.57
PRJ-SYN-000457,2026-01-30,91,97.42,2454.22
PRJ-SYN-000457,2026-03-01,92,98.71,2483.91
PRJ-SYN-000458,2024-10-07,30,48.59,611.29
PRJ-SYN-000458,2024-11-06,31,50.54,633.74
PRJ-SYN-000458,2024-12-06,32,52.5,656.26
PRJ-SYN-000458,2025-01-05,33,54.48,678.86
PRJ-SYN-000458,2025-02-04,34,56.47,701.52
PRJ-SYN-000458,2025-03-06,35,58.47,724.25
PRJ-SYN-000458,2025-04-05,36,60.48,747.04
PRJ-SYN-000458,2025-05-05,37,62.5,769.9
PRJ-SYN-000458,2025-06-04,38,64.53,792.82
PRJ-SYN-000458,2025-07-04,39,66.57,815.8
PRJ-SYN-000458,2025-08-03,40,68.63,838.84
PRJ-SYN-000458,2025-09-02,41,70.69,861.94
PRJ-SYN-000458,2025-10-02,42,72.76,885.09
PRJ-SYN-000458,2025-11-01,43,74.85,908.3
PRJ-SYN-000458,2025-12-01,44,76.94,931.56
PRJ-SYN-000458,2025-12-31,45,79.04,954.88
PRJ-SYN-000458,2026-01-30,46,81.16,978.24
PRJ-SYN-000458,2026-03-01,47,83.28,1001.66
PRJ-SYN-000459,2024-10-07,53,70.41,525.01
PRJ-SYN-000459,2024-11-06,54,72.0,535.91
PRJ-SYN-000459,2024-12-06,55,73.61,546.84
PRJ-SYN-000459,2025-01-05,56,75.22,557.79
PRJ-SYN-000459,2025-02-04,57,76.83,568.75
PRJ-SYN-000459,2025-03-06,58,78.45,579.74
PRJ-SYN-000459,2025-04-05,59,80.08,590.74
PRJ-SYN-000459,2025-05-05,60,81.71,601.77
PRJ-SYN-000459,2025-06-04,61,83.35,612.81
PRJ-SYN-000459,2025-07-04,62,84.99,623.87
PRJ-SYN-000459,2025-08-03,63,86.64,634.95
PRJ-SYN-000459,2025-09-02,64,88.29,646.04
PRJ-SYN-000459,2025-10-02,65,89.95,657.15
PRJ-SYN-000459,2025-11-01,66,91.61,668.28
PRJ-SYN-000459,2025-12-01,67,93.28,679.43
PRJ-SYN-000459,2025-12-31,68,94.95,690.59
PRJ-SYN-000459,2026-01-30,69,96.63,701.77
PRJ-SYN-000459,2026-03-01,70,98.31,712.97
PRJ-SYN-000460,2024-10-07,71,76.25,549.76
PRJ-SYN-000460,2024-11-06,72,77.54,558.29
PRJ-SYN-000460,2024-12-06,73,78.84,566.82
PRJ-SYN-000460,2025-01-05,74,80.13,575.37
PRJ-SYN-000460,2025-02-04,75,81.43,583.93
PRJ-SYN-000460,2025-03-06,76,82.74,592.5
PRJ-SYN-000460,2025-04-05,77,84.05,601.08
PRJ-SYN-000460,2025-05-05,78,85.36,609.67
PRJ-SYN-000460,2025-06-04,79,86.67,618.28
PRJ-SYN-000460,2025-07-04,80,87.99,626.89
PRJ-SYN-000460,2025-08-03,81,89.31,635.52
PRJ-SYN-000460,2025-09-02,82,90.64,644.15
PRJ-SYN-000460,2025-10-02,83,91.97,652.8
PRJ-SYN-000460,2025-11-01,84,93.3,661.45
PRJ-SYN-000460,2025-12-01,85,94.63,670.12
PRJ-SYN-000460,2025-12-31,86,95.97,678.8
PRJ-SYN-000460,2026-01-30,87,97.31,687.49
PRJ-SYN-000460,2026-03-01,88,98.65,696.18
PRJ-SYN-000461,2024-10-07,67,75.16,1139.26
PRJ-SYN-000461,2024-11-06,68,76.51,1157.98
PRJ-SYN-000461,2024-12-06,69,77.86,1176.73
PRJ-SYN-000461,2025-01-05,70,79.22,1195.5
PRJ-SYN-000461,2025-02-04,71,80.58,1214.3
PRJ-SYN-000461,2025-03-06,72,81.94,1233.13
PRJ-SYN-000461,2025-04-05,73,83.31,1251.98
PRJ-SYN-000461,2025-05-05,74,84.68,1270.86
PRJ-SYN-000461,2025-06-04,75,86.05,1289.76
PRJ-SYN-000461,2025-07-04,76,87.43,1308.69
PRJ-SYN-000461,2025-08-03,77,88.81,1327.64
PRJ-SYN-000461,2025-09-02,78,90.2,1346.62
PRJ-SYN-000461,2025-10-02,79,91.59,1365.63
PRJ-SYN-000461,2025-11-01,80,92.98,1384.65
PRJ-SYN-000461,2025-12-01,81,94.38,1403.7
PRJ-SYN-000461,2025-12-31,82,95.78,1422.78
PRJ-SYN-000461,2026-01-30,83,97.18,1441.88
PRJ-SYN-000461,2026-03-01,84,98.59,1461.0
PRJ-SYN-000462,2024-10-07,41,57.54,256.59
PRJ-SYN-000462,2024-11-06,42,59.23,263.48
PRJ-SYN-000462,2024-12-06,43,60.92,270.39
PRJ-SYN-000462,2025-01-05,44,62.63,277.31
PRJ-SYN-000462,2025-02-04,45,64.34,284.25
PRJ-SYN-000462,2025-03-06,46,66.06,291.21
PRJ-SYN-000462,2025-04-05,47,67.78,298.18
PRJ-SYN-000462,2025-05-05,48,69.52,305.17
PRJ-SYN-000462,2025-06-04,49,71.26,312.17
PRJ-SYN-000462,2025-07-04,50,73.01,319.18
PRJ-SYN-000462,2025-08-03,51,74.76,326.21
PRJ-SYN-000462,2025-09-02,52,76.53,333.25
PRJ-SYN-000462,2025-10-02,53,78.3,340.31
PRJ-SYN-000462,2025-11-01,54,80.07,347.38
PRJ-SYN-000462,2025-12-01,55,81.86,354.46
PRJ-SYN-000462,2025-12-31,56,83.64,361.56
PRJ-SYN-000462,2026-01-30,57,85.44,368.67
PRJ-SYN-000462,2026-03-01,58,87.24,375.79
PRJ-SYN-000463,2024-10-07,31,57.73,3354.37
PRJ-SYN-000463,2024-11-06,32,59.97,3473.58
PRJ-SYN-000463,2024-12-06,33,62.23,3593.17
PRJ-SYN-000463,2025-01-05,34,64.5,3713.12
PRJ-SYN-000463,2025-02-04,35,66.78,3833.43
PRJ-SYN-000463,2025-03-06,36,69.08,3954.08
PRJ-SYN-000463,2025-04-05,37,71.38,4075.06
PRJ-SYN-000463,2025-05-05,38,73.71,4196.38
PRJ-SYN-000463,2025-06-04,39,76.04,4318.01
PRJ-SYN-000463,2025-07-04,40,78.39,4439.95
PRJ-SYN-000463,2025-08-03,41,80.74,4562.2
PRJ-SYN-000463,2025-09-02,42,83.11,4684.75
PRJ-SYN-000463,2025-10-02,43,85.49,4807.59
PRJ-SYN-000463,2025-11-01,44,87.88,4930.72
PRJ-SYN-000463,2025-12-01,45,90.29,5054.13
PRJ-SYN-000463,2025-12-31,46,92.7,5177.81
PRJ-SYN-000463,2026-01-30,47,95.12,5301.76
PRJ-SYN-000463,2026-03-01,48,97.56,5425.98
PRJ-SYN-000464,2024-10-07,36,61.47,1817.97
PRJ-SYN-000464,2024-11-06,37,63.53,1873.6
PRJ-SYN-000464,2024-12-06,38,65.59,1929.37
PRJ-SYN-000464,2025-01-05,39,67.67,1985.3
PRJ-SYN-000464,2025-02-04,40,69.76,2041.36
PRJ-SYN-000464,2025-03-06,41,71.86,2097.57
PRJ-SYN-000464,2025-04-05,42,73.97,2153.92
PRJ-SYN-000464,2025-05-05,43,76.08,2210.4
PRJ-SYN-000464,2025-06-04,44,78.21,2267.01
PRJ-SYN-000464,2025-07-04,45,80.35,2323.74
PRJ-SYN-000464,2025-08-03,46,82.5,2380.61
PRJ-SYN-000464,2025-09-02,47,84.65,2437.6
PRJ-SYN-000464,2025-10-02,48,86.82,2494.71
PRJ-SYN-000464,2025-11-01,49,88.99,2551.94
PRJ-SYN-000464,2025-12-01,50,91.18,2609.29
PRJ-SYN-000464,2025-12-31,51,93.37,2666.75
PRJ-SYN-000464,2026-01-30,52,95.57,2724.32
PRJ-SYN-000464,2026-03-01,53,97.78,2782.01
PRJ-SYN-000465,2024-10-07,54,67.97,697.16
PRJ-SYN-000465,2024-11-06,55,69.48,711.37
PRJ-SYN-000465,2024-12-06,56,71.0,725.61
PRJ-SYN-000465,2025-01-05,57,72.52,739.88
PRJ-SYN-000465,2025-02-04,58,74.05,754.17
PRJ-SYN-000465,2025-03-06,59,75.59,768.48
PRJ-SYN-000465,2025-04-05,60,77.13,782.82
PRJ-SYN-000465,2025-05-05,61,78.67,797.19
PRJ-SYN-000465,2025-06-04,62,80.22,811.57
PRJ-SYN-000465,2025-07-04,63,81.78,825.98
PRJ-SYN-000465,2025-08-03,64,83.34,840.42
PRJ-SYN-000465,2025-09-02,65,84.9,854.87
PRJ-SYN-000465,2025-10-02,66,86.47,869.35
PRJ-SYN-000465,2025-11-01,67,88.05,883.85
PRJ-SYN-000465,2025-12-01,68,89.63,898.37
PRJ-SYN-000465,2025-12-31,69,91.21,912.92
PRJ-SYN-000465,2026-01-30,70,92.8,927.48
PRJ-SYN-000465,2026-03-01,71,94.39,942.06
PRJ-SYN-000466,2024-10-07,15,15.3,535.83
PRJ-SYN-000466,2024-11-06,16,16.53,575.25
PRJ-SYN-000466,2024-12-06,17,17.78,614.92
PRJ-SYN-000466,2025-01-05,18,19.04,654.82
PRJ-SYN-000466,2025-02-04,19,20.31,694.95
PRJ-SYN-000466,2025-03-06,20,21.6,735.29
PRJ-SYN-000466,2025-04-05,21,22.91,775.83
PRJ-SYN-000466,2025-05-05,22,24.22,816.56
PRJ-SYN-000466,2025-06-04,23,25.55,857.48
PRJ-SYN-000466,2025-07-04,24,26.89,898.58
PRJ-SYN-000466,2025-08-03,25,28.24,939.85
PRJ-SYN-000466,2025-09-02,26,29.6,981.29
PRJ-SYN-000466,2025-10-02,27,30.97,1022.88
PRJ-SYN-000466,2025-11-01,28,32.35,1064.63
PRJ-SYN-000466,2025-12-01,29,33.74,1106.53
PRJ-SYN-000466,2025-12-31,30,35.14,1148.57
PRJ-SYN-000466,2026-01-30,31,36.55,1190.76
PRJ-SYN-000466,2026-03-01,32,37.97,1233.08
PRJ-SYN-000467,2024-10-07,63,73.97,1491.41
PRJ-SYN-000467,2024-11-06,64,75.38,1517.47
PRJ-SYN-000467,2024-12-06,65,76.79,1543.57
PRJ-SYN-000467,2025-01-05,66,78.21,1569.72
PRJ-SYN-000467,2025-02-04,67,79.64,1595.9
PRJ-SYN-000467,2025-03-06,68,81.06,1622.12
PRJ-SYN-000467,2025-04-05,69,82.5,1648.38
PRJ-SYN-000467,2025-05-05,70,83.93,1674.68
PRJ-SYN-000467,2025-06-04,71,85.37,1701.01
PRJ-SYN-000467,2025-07-04,72,86.82,1727.38
PRJ-SYN-000467,2025-08-03,73,88.27,1753.79
PRJ-SYN-000467,2025-09-02,74,89.72,1780.24
PRJ-SYN-000467,2025-10-02,75,91.18,1806.72
PRJ-SYN-000467,2025-11-01,76,92.64,1833.23
PRJ-SYN-000467,2025-12-01,77,94.1,1859.78
PRJ-SYN-000467,2025-12-31,78,95.57,1886.37
PRJ-SYN-000467,2026-01-30,79,97.04,1912.99
PRJ-SYN-000467,2026-03-01,80,98.52,1939.64
PRJ-SYN-000468,2024-10-07,12,10.3,72.1
PRJ-SYN-000468,2024-11-06,13,11.34,78.73
PRJ-SYN-000468,2024-12-06,14,12.39,85.42
PRJ-SYN-000468,2025-01-05,15,13.46,92.16
PRJ-SYN-000468,2025-02-04,16,14.54,98.94
PRJ-SYN-000468,2025-03-06,17,15.64,105.76
PRJ-SYN-000468,2025-04-05,18,16.75,112.62
PRJ-SYN-000468,2025-05-05,19,17.87,119.52
PRJ-SYN-000468,2025-06-04,20,19.01,126.46
PRJ-SYN-000468,2025-07-04,21,20.15,133.43
PRJ-SYN-000468,2025-08-03,22,21.31,140.44
PRJ-SYN-000468,2025-09-02,23,22.48,147.48
PRJ-SYN-000468,2025-10-02,24,23.66,154.54
PRJ-SYN-000468,2025-11-01,25,24.84,161.64
PRJ-SYN-000468,2025-12-01,26,26.04,168.77
PRJ-SYN-000468,2025-12-31,27,27.25,175.92
PRJ-SYN-000468,2026-01-30,28,28.46,183.1
PRJ-SYN-000468,2026-03-01,29,29.69,190.31
PRJ-SYN-000469,2024-10-07,65,74.58,1422.3
PRJ-SYN-000469,2024-11-06,66,75.96,1446.39
PRJ-SYN-000469,2024-12-06,67,77.34,1470.51
PRJ-SYN-000469,2025-01-05,68,78.73,1494.67
PRJ-SYN-000469,2025-02-04,69,80.12,1518.87
PRJ-SYN-000469,2025-03-06,70,81.51,1543.1
PRJ-SYN-000469,2025-04-05,71,82.91,1567.37
PRJ-SYN-000469,2025-05-05,72,84.32,1591.67
PRJ-SYN-000469,2025-06-04,73,85.72,1616.0
PRJ-SYN-000469,2025-07-04,74,87.13,1640.37
PRJ-SYN-000469,2025-08-03,75,88.55,1664.77
PRJ-SYN-000469,2025-09-02,76,89.97,1689.2
PRJ-SYN-000469,2025-10-02,77,91.39,1713.67
PRJ-SYN-000469,2025-11-01,78,92.82,1738.16
PRJ-SYN-000469,2025-12-01,79,94.25,1762.69
PRJ-SYN-000469,2025-12-31,80,95.68,1787.25
PRJ-SYN-000469,2026-01-30,81,97.12,1811.84
PRJ-SYN-000469,2026-03-01,82,98.56,1836.46
PRJ-SYN-000470,2024-10-07,35,55.24,834.53
PRJ-SYN-000470,2024-11-06,36,57.13,860.8
PRJ-SYN-000470,2024-12-06,37,59.04,887.14
PRJ-SYN-000470,2025-01-05,38,60.96,913.55
PRJ-SYN-000470,2025-02-04,39,62.89,940.02
PRJ-SYN-000470,2025-03-06,40,64.83,966.57
PRJ-SYN-000470,2025-04-05,41,66.78,993.19
PRJ-SYN-000470,2025-05-05,42,68.74,1019.86
PRJ-SYN-000470,2025-06-04,43,70.71,1046.61
PRJ-SYN-000470,2025-07-04,44,72.69,1073.41
PRJ-SYN-000470,2025-08-03,45,74.68,1100.28
PRJ-SYN-000470,2025-09-02,46,76.67,1127.2
PRJ-SYN-000470,2025-10-02,47,78.68,1154.19
PRJ-SYN-000470,2025-11-01,48,80.69,1181.23
PRJ-SYN-000470,2025-12-01,49,82.71,1208.32
PRJ-SYN-000470,2025-12-31,50,84.74,1235.48
PRJ-SYN-000470,2026-01-30,51,86.78,1262.69
PRJ-SYN-000470,2026-03-01,52,88.83,1289.95
PRJ-SYN-000471,2024-10-07,66,74.87,1267.79
PRJ-SYN-000471,2024-11-06,67,76.24,1288.94
PRJ-SYN-000471,2024-12-06,68,77.6,1310.12
PRJ-SYN-000471,2025-01-05,69,78.97,1331.32
PRJ-SYN-000471,2025-02-04,70,80.35,1352.56
PRJ-SYN-000471,2025-03-06,71,81.73,1373.83
PRJ-SYN-000471,2025-04-05,72,83.11,1395.13
PRJ-SYN-000471,2025-05-05,73,84.5,1416.46
PRJ-SYN-000471,2025-06-04,74,85.89,1437.82
PRJ-SYN-000471,2025-07-04,75,87.28,1459.21
PRJ-SYN-000471,2025-08-03,76,88.68,1480.62
PRJ-SYN-000471,2025-09-02,77,90.09,1502.07
PRJ-SYN-000471,2025-10-02,78,91.49,1523.54
PRJ-SYN-000471,2025-11-01,79,92.9,1545.04
PRJ-SYN-000471,2025-12-01,80,94.31,1566.57
PRJ-SYN-000471,2025-12-31,81,95.73,1588.12
PRJ-SYN-000471,2026-01-30,82,97.15,1609.7
PRJ-SYN-000471,2026-03-01,83,98.57,1631.31
PRJ-SYN-000472,2024-10-07,70,75.99,553.25
PRJ-SYN-000472,2024-11-06,71,77.29,561.95
PRJ-SYN-000472,2024-12-06,72,78.6,570.67
PRJ-SYN-000472,2025-01-05,73,79.91,579.39
PRJ-SYN-000472,2025-02-04,74,81.23,588.13
PRJ-SYN-000472,2025-03-06,75,82.55,596.88
PRJ-SYN-000472,2025-04-05,76,83.87,605.64
PRJ-SYN-000472,2025-05-05,77,85.19,614.41
PRJ-SYN-000472,2025-06-04,78,86.52,623.19
PRJ-SYN-000472,2025-07-04,79,87.86,631.99
PRJ-SYN-000472,2025-08-03,80,89.19,640.79
PRJ-SYN-000472,2025-09-02,81,90.53,649.61
PRJ-SYN-000472,2025-10-02,82,91.88,658.43
PRJ-SYN-000472,2025-11-01,83,93.22,667.27
PRJ-SYN-000472,2025-12-01,84,94.57,676.12
PRJ-SYN-000472,2025-12-31,85,95.92,684.98
PRJ-SYN-000472,2026-01-30,86,97.28,693.85
PRJ-SYN-000472,2026-03-01,87,98.64,702.73
PRJ-SYN-000473,2024-10-07,14,11.51,38.51
PRJ-SYN-000473,2024-11-06,15,12.5,41.55
PRJ-SYN-000473,2024-12-06,16,13.51,44.6
PRJ-SYN-000473,2025-01-05,17,14.53,47.68
PRJ-SYN-000473,2025-02-04,18,15.56,50.77
PRJ-SYN-000473,2025-03-06,19,16.6,53.88
PRJ-SYN-000473,2025-04-05,20,17.65,57.01
PRJ-SYN-000473,2025-05-05,21,18.72,60.16
PRJ-SYN-000473,2025-06-04,22,19.79,63.31
PRJ-SYN-000473,2025-07-04,23,20.88,66.49
PRJ-SYN-000473,2025-08-03,24,21.97,69.67
PRJ-SYN-000473,2025-09-02,25,23.07,72.87
PRJ-SYN-000473,2025-10-02,26,24.19,76.09
PRJ-SYN-000473,2025-11-01,27,25.31,79.31
PRJ-SYN-000473,2025-12-01,28,26.44,82.55
PRJ-SYN-000473,2025-12-31,29,27.57,85.8
PRJ-SYN-000473,2026-01-30,30,28.72,89.06
PRJ-SYN-000473,2026-03-01,31,29.87,92.33
PRJ-SYN-000474,2024-10-07,38,62.79,487.08
PRJ-SYN-000474,2024-11-06,39,64.78,501.2
PRJ-SYN-000474,2024-12-06,40,66.78,515.35
PRJ-SYN-000474,2025-01-05,41,68.79,529.54
PRJ-SYN-000474,2025-02-04,42,70.81,543.76
PRJ-SYN-000474,2025-03-06,43,72.83,558.02
PRJ-SYN-000474,2025-04-05,44,74.87,572.31
PRJ-SYN-000474,2025-05-05,45,76.92,586.64
PRJ-SYN-000474,2025-06-04,46,78.97,600.99
PRJ-SYN-000474,2025-07-04,47,81.04,615.38
PRJ-SYN-000474,2025-08-03,48,83.11,629.8
PRJ-SYN-000474,2025-09-02,49,85.19,644.25
PRJ-SYN-000474,2025-10-02,50,87.28,658.72
PRJ-SYN-000474,2025-11-01,51,89.38,673.23
PRJ-SYN-000474,2025-12-01,52,91.49,687.77
PRJ-SYN-000474,2025-12-31,53,93.61,702.33
PRJ-SYN-000474,2026-01-30,54,95.73,716.92
PRJ-SYN-000474,2026-03-01,55,97.86,731.54
PRJ-SYN-000475,2024-10-07,48,68.24,152.8
PRJ-SYN-000475,2024-11-06,49,69.95,156.31
PRJ-SYN-000475,2024-12-06,50,71.67,159.82
PRJ-SYN-000475,2025-01-05,51,73.39,163.34
PRJ-SYN-000475,2025-02-04,52,75.12,166.86
PRJ-SYN-000475,2025-03-06,53,76.86,170.4
PRJ-SYN-000475,2025-04-05,54,78.6,173.94
PRJ-SYN-000475,2025-05-05,55,80.35,177.48
PRJ-SYN-000475,2025-06-04,56,82.11,181.04
PRJ-SYN-000475,2025-07-04,57,83.87,184.6
PRJ-SYN-000475,2025-08-03,58,85.64,188.16
PRJ-SYN-000475,2025-09-02,59,87.41,191.73
PRJ-SYN-000475,2025-10-02,60,89.19,195.31
PRJ-SYN-000475,2025-11-01,61,90.98,198.9
PRJ-SYN-000475,2025-12-01,62,92.77,202.48
PRJ-SYN-000475,2025-12-31,63,94.57,206.08
PRJ-SYN-000475,2026-01-30,64,96.37,209.68
PRJ-SYN-000475,2026-03-01,65,98.18,213.29
PRJ-SYN-000476,2024-10-07,20,41.93,445.5
PRJ-SYN-000476,2024-11-06,21,44.45,470.07
PRJ-SYN-000476,2024-12-06,22,47.01,494.75
PRJ-SYN-000476,2025-01-05,23,49.58,519.54
PRJ-SYN-000476,2025-02-04,24,52.18,544.44
PRJ-SYN-000476,2025-03-06,25,54.8,569.45
PRJ-SYN-000476,2025-04-05,26,57.44,594.55
PRJ-SYN-000476,2025-05-05,27,60.1,619.75
PRJ-SYN-000476,2025-06-04,28,62.78,645.05
PRJ-SYN-000476,2025-07-04,29,65.48,670.44
PRJ-SYN-000476,2025-08-03,30,68.2,695.91
PRJ-SYN-000476,2025-09-02,31,70.94,721.47
PRJ-SYN-000476,2025-10-02,32,73.69,747.11
PRJ-SYN-000476,2025-11-01,33,76.46,772.83
PRJ-SYN-000476,2025-12-01,34,79.25,798.63
PRJ-SYN-000476,2025-12-31,35,82.06,824.51
PRJ-SYN-000476,2026-01-30,36,84.88,850.46
PRJ-SYN-000476,2026-03-01,37,87.72,876.48
PRJ-SYN-000477,2024-10-07,37,50.11,2526.2
PRJ-SYN-000477,2024-11-06,38,51.74,2601.4
PRJ-SYN-000477,2024-12-06,39,53.38,2676.8
PRJ-SYN-000477,2025-01-05,40,55.03,2752.4
PRJ-SYN-000477,2025-02-04,41,56.68,2828.18
PRJ-SYN-000477,2025-03-06,42,58.35,2904.15
PRJ-SYN-000477,2025-04-05,43,60.02,2980.31
PRJ-SYN-000477,2025-05-05,44,61.7,3056.63
PRJ-SYN-000477,2025-06-04,45,63.38,3133.14
PRJ-SYN-000477,2025-07-04,46,65.08,3209.81
PRJ-SYN-000477,2025-08-03,47,66.78,3286.65
PRJ-SYN-000477,2025-09-02,48,68.49,3363.65
PRJ-SYN-000477,2025-10-02,49,70.2,3440.81
PRJ-SYN-000477,2025-11-01,50,71.92,3518.14
PRJ-SYN-000477,2025-12-01,51,73.65,3595.61
PRJ-SYN-000477,2025-12-31,52,75.39,3673.24
PRJ-SYN-000477,2026-01-30,53,77.13,3751.02
PRJ-SYN-000477,2026-03-01,54,78.88,3828.94
PRJ-SYN-000478,2024-10-07,53,70.41,116.19
PRJ-SYN-000478,2024-11-06,54,72.0,118.6
PRJ-SYN-000478,2024-12-06,55,73.61,121.02
PRJ-SYN-000478,2025-01-05,56,75.22,123.45
PRJ-SYN-000478,2025-02-04,57,76.83,125.87
PRJ-SYN-000478,2025-03-06,58,78.45,128.3
PRJ-SYN-000478,2025-04-05,59,80.08,130.74
PRJ-SYN-000478,2025-05-05,60,81.71,133.18
PRJ-SYN-000478,2025-06-04,61,83.35,135.62
PRJ-SYN-000478,2025-07-04,62,84.99,138.07
PRJ-SYN-000478,2025-08-03,63,86.64,140.52
PRJ-SYN-000478,2025-09-02,64,88.29,142.98
PRJ-SYN-000478,2025-10-02,65,89.95,145.44
PRJ-SYN-000478,2025-11-01,66,91.61,147.9
PRJ-SYN-000478,2025-12-01,67,93.28,150.37
PRJ-SYN-000478,2025-12-31,68,94.95,152.84
PRJ-SYN-000478,2026-01-30,69,96.63,155.31
PRJ-SYN-000478,2026-03-01,70,98.31,157.79
PRJ-SYN-000479,2024-10-07,14,29.77,65.19
PRJ-SYN-000479,2024-11-06,15,32.34,70.33
PRJ-SYN-000479,2024-12-06,16,34.94,75.51
PRJ-SYN-000479,2025-01-05,17,37.58,80.71
PRJ-SYN-000479,2025-02-04,18,40.24,85.95
PRJ-SYN-000479,2025-03-06,19,42.94,91.22
PRJ-SYN-000479,2025-04-05,20,45.67,96.51
PRJ-SYN-000479,2025-05-05,21,48.42,101.83
PRJ-SYN-000479,2025-06-04,22,51.2,107.18
PRJ-SYN-000479,2025-07-04,23,54.01,112.55
PRJ-SYN-000479,2025-08-03,24,56.84,117.95
PRJ-SYN-000479,2025-09-02,25,59.69,123.36
PRJ-SYN-000479,2025-10-02,26,62.57,128.8
PRJ-SYN-000479,2025-11-01,27,65.47,134.26
PRJ-SYN-000479,2025-12-01,28,68.39,139.74
PRJ-SYN-000479,2025-12-31,29,71.33,145.24
PRJ-SYN-000479,2026-01-30,30,74.29,150.76
PRJ-SYN-000479,2026-03-01,31,77.27,156.3
PRJ-SYN-000480,2024-10-07,24,51.09,90.0
PRJ-SYN-000480,2024-11-06,25,53.66,94.14
PRJ-SYN-000480,2024-12-06,26,56.24,98.29
PRJ-SYN-000480,2025-01-05,27,58.85,102.45
PRJ-SYN-000480,2025-02-04,28,61.47,106.63
PRJ-SYN-000480,2025-03-06,29,64.12,110.83
PRJ-SYN-000480,2025-04-05,30,66.78,115.04
PRJ-SYN-000480,2025-05-05,31,69.46,119.27
PRJ-SYN-000480,2025-06-04,32,72.16,123.51
PRJ-SYN-000480,2025-07-04,33,74.87,127.76
PRJ-SYN-000480,2025-08-03,34,77.6,132.02
PRJ-SYN-000480,2025-09-02,35,80.35,136.3
PRJ-SYN-000480,2025-10-02,36,83.11,140.59
PRJ-SYN-000480,2025-11-01,37,85.89,144.89
PRJ-SYN-000480,2025-12-01,38,88.68,149.21
PRJ-SYN-000480,2025-12-31,39,91.49,153.53
PRJ-SYN-000480,2026-01-30,40,94.31,157.87
PRJ-SYN-000480,2026-03-01,41,97.15,162.21
PRJ-SYN-000481,2024-10-07,11,29.91,49.4
PRJ-SYN-000481,2024-11-06,12,33.2,54.36
PRJ-SYN-000481,2024-12-06,13,36.55,59.36
PRJ-SYN-000481,2025-01-05,14,39.95,64.4
PRJ-SYN-000481,2025-02-04,15,43.39,69.48
PRJ-SYN-000481,2025-03-06,16,46.89,74.59
PRJ-SYN-000481,2025-04-05,17,50.43,79.73
PRJ-SYN-000481,2025-05-05,18,54.01,84.91
PRJ-SYN-000481,2025-06-04,19,57.63,90.11
PRJ-SYN-000481,2025-07-04,20,61.29,95.34
PRJ-SYN-000481,2025-08-03,21,64.98,100.6
PRJ-SYN-000481,2025-09-02,22,68.71,105.88
PRJ-SYN-000481,2025-10-02,23,72.48,111.19
PRJ-SYN-000481,2025-11-01,24,76.27,116.52
PRJ-SYN-000481,2025-12-01,25,80.1,121.87
PRJ-SYN-000481,2025-12-31,26,83.96,127.24
PRJ-SYN-000481,2026-01-30,27,87.85,132.63
PRJ-SYN-000481,2026-03-01,28,91.77,138.05
PRJ-SYN-000482,2024-10-07,37,61.08,568.37
PRJ-SYN-000482,2024-11-06,38,63.07,585.29
PRJ-SYN-000482,2024-12-06,39,65.07,602.26
PRJ-SYN-000482,2025-01-05,40,67.07,619.26
PRJ-SYN-000482,2025-02-04,41,69.09,636.31
PRJ-SYN-000482,2025-03-06,42,71.12,653.41
PRJ-SYN-000482,2025-04-05,43,73.15,670.54
PRJ-SYN-000482,2025-05-05,44,75.2,687.71
PRJ-SYN-000482,2025-06-04,45,77.26,704.93
PRJ-SYN-000482,2025-07-04,46,79.32,722.18
PRJ-SYN-000482,2025-08-03,47,81.39,739.46
PRJ-SYN-000482,2025-09-02,48,83.48,756.79
PRJ-SYN-000482,2025-10-02,49,85.57,774.15
PRJ-SYN-000482,2025-11-01,50,87.67,791.55
PRJ-SYN-000482,2025-12-01,51,89.78,808.98
PRJ-SYN-000482,2025-12-31,52,91.89,826.44
PRJ-SYN-000482,2026-01-30,53,94.02,843.94
PRJ-SYN-000482,2026-03-01,54,96.15,861.48
PRJ-SYN-000483,2024-10-07,68,75.44,1333.49
PRJ-SYN-000483,2024-11-06,69,76.78,1355.08
PRJ-SYN-000483,2024-12-06,70,78.11,1376.7
PRJ-SYN-000483,2025-01-05,71,79.45,1398.35
PRJ-SYN-000483,2025-02-04,72,80.8,1420.03
PRJ-SYN-000483,2025-03-06,73,82.15,1441.74
PRJ-SYN-000483,2025-04-05,74,83.5,1463.48
PRJ-SYN-000483,2025-05-05,75,84.85,1485.25
PRJ-SYN-000483,2025-06-04,76,86.21,1507.04
PRJ-SYN-000483,2025-07-04,77,87.58,1528.87
PRJ-SYN-000483,2025-08-03,78,88.94,1550.73
PRJ-SYN-000483,2025-09-02,79,90.31,1572.61
PRJ-SYN-000483,2025-10-02,80,91.69,1594.52
PRJ-SYN-000483,2025-11-01,81,93.06,1616.46
PRJ-SYN-000483,2025-12-01,82,94.44,1638.42
PRJ-SYN-000483,2025-12-31,83,95.83,1660.42
PRJ-SYN-000483,2026-01-30,84,97.22,1682.43
PRJ-SYN-000483,2026-03-01,85,98.61,1704.48
PRJ-SYN-000484,2024-10-07,34,53.83,162.04
PRJ-SYN-000484,2024-11-06,35,55.74,167.29
PRJ-SYN-000484,2024-12-06,36,57.65,172.56
PRJ-SYN-000484,2025-01-05,37,59.58,177.84
PRJ-SYN-000484,2025-02-04,38,61.52,183.13
PRJ-SYN-000484,2025-03-06,39,63.46,188.44
PRJ-SYN-000484,2025-04-05,40,65.42,193.76
PRJ-SYN-000484,2025-05-05,41,67.39,199.1
PRJ-SYN-000484,2025-06-04,42,69.37,204.45
PRJ-SYN-000484,2025-07-04,43,71.35,209.81
PRJ-SYN-000484,2025-08-03,44,73.35,215.18
PRJ-SYN-000484,2025-09-02,45,75.35,220.57
PRJ-SYN-000484,2025-10-02,46,77.37,225.97
PRJ-SYN-000484,2025-11-01,47,79.39,231.37
PRJ-SYN-000484,2025-12-01,48,81.42,236.8
PRJ-SYN-000484,2025-12-31,49,83.46,242.23
PRJ-SYN-000484,2026-01-30,50,85.51,247.67
PRJ-SYN-000484,2026-03-01,51,87.57,253.13
PRJ-SYN-000485,2024-10-07,22,48.8,202.2
PRJ-SYN-000485,2024-11-06,23,51.48,212.33
PRJ-SYN-000485,2024-12-06,24,54.17,222.51
PRJ-SYN-000485,2025-01-05,25,56.89,232.73
PRJ-SYN-000485,2025-02-04,26,59.63,242.99
PRJ-SYN-000485,2025-03-06,27,62.4,253.29
PRJ-SYN-000485,2025-04-05,28,65.18,263.62
PRJ-SYN-000485,2025-05-05,29,67.98,274.0
PRJ-SYN-000485,2025-06-04,30,70.81,284.41
PRJ-SYN-000485,2025-07-04,31,73.65,294.85
PRJ-SYN-000485,2025-08-03,32,76.51,305.33
PRJ-SYN-000485,2025-09-02,33,79.39,315.85
PRJ-SYN-000485,2025-10-02,34,82.28,326.39
PRJ-SYN-000485,2025-11-01,35,85.19,336.97
PRJ-SYN-000485,2025-12-01,36,88.12,347.57
PRJ-SYN-000485,2025-12-31,37,91.07,358.21
PRJ-SYN-000485,2026-01-30,38,94.03,368.87
PRJ-SYN-000485,2026-03-01,39,97.01,379.56
PRJ-SYN-000486,2024-10-07,67,75.16,2362.71
PRJ-SYN-000486,2024-11-06,68,76.51,2401.53
PRJ-SYN-000486,2024-12-06,69,77.86,2440.41
PRJ-SYN-000486,2025-01-05,70,79.22,2479.34
PRJ-SYN-000486,2025-02-04,71,80.58,2518.33
PRJ-SYN-000486,2025-03-06,72,81.94,2557.37
PRJ-SYN-000486,2025-04-05,73,83.31,2596.47
PRJ-SYN-000486,2025-05-05,74,84.68,2635.62
PRJ-SYN-000486,2025-06-04,75,86.05,2674.83
PRJ-SYN-000486,2025-07-04,76,87.43,2714.08
PRJ-SYN-000486,2025-08-03,77,88.81,2753.39
PRJ-SYN-000486,2025-09-02,78,90.2,2792.75
PRJ-SYN-000486,2025-10-02,79,91.59,2832.16
PRJ-SYN-000486,2025-11-01,80,92.98,2871.62
PRJ-SYN-000486,2025-12-01,81,94.38,2911.13
PRJ-SYN-000486,2025-12-31,82,95.78,2950.69
PRJ-SYN-000486,2026-01-30,83,97.18,2990.29
PRJ-SYN-000486,2026-03-01,84,98.59,3029.95
PRJ-SYN-000487,2024-10-07,54,70.81,143.88
PRJ-SYN-000487,2024-11-06,55,72.38,146.81
PRJ-SYN-000487,2024-12-06,56,73.97,149.75
PRJ-SYN-000487,2025-01-05,57,75.55,152.7
PRJ-SYN-000487,2025-02-04,58,77.15,155.65
PRJ-SYN-000487,2025-03-06,59,78.75,158.6
PRJ-SYN-000487,2025-04-05,60,80.35,161.56
PRJ-SYN-000487,2025-05-05,61,81.96,164.53
PRJ-SYN-000487,2025-06-04,62,83.57,167.49
PRJ-SYN-000487,2025-07-04,63,85.19,170.47
PRJ-SYN-000487,2025-08-03,64,86.82,173.45
PRJ-SYN-000487,2025-09-02,65,88.45,176.43
PRJ-SYN-000487,2025-10-02,66,90.09,179.42
PRJ-SYN-000487,2025-11-01,67,91.73,182.41
PRJ-SYN-000487,2025-12-01,68,93.37,185.41
PRJ-SYN-000487,2025-12-31,69,95.02,188.41
PRJ-SYN-000487,2026-01-30,70,96.68,191.42
PRJ-SYN-000487,2026-03-01,71,98.34,194.43
PRJ-SYN-000488,2024-10-07,10,22.21,116.94
PRJ-SYN-000488,2024-11-06,11,24.9,129.87
PRJ-SYN-000488,2024-12-06,12,27.64,142.91
PRJ-SYN-000488,2025-01-05,13,30.43,156.07
PRJ-SYN-000488,2025-02-04,14,33.26,169.32
PRJ-SYN-000488,2025-03-06,15,36.13,182.67
PRJ-SYN-000488,2025-04-05,16,39.03,196.11
PRJ-SYN-000488,2025-05-05,17,41.98,209.64
PRJ-SYN-000488,2025-06-04,18,44.96,223.24
PRJ-SYN-000488,2025-07-04,19,47.97,236.92
PRJ-SYN-000488,2025-08-03,20,51.02,250.67
PRJ-SYN-000488,2025-09-02,21,54.1,264.49
PRJ-SYN-000488,2025-10-02,22,57.2,278.38
PRJ-SYN-000488,2025-11-01,23,60.34,292.33
PRJ-SYN-000488,2025-12-01,24,63.5,306.34
PRJ-SYN-000488,2025-12-31,25,66.69,320.41
PRJ-SYN-000488,2026-01-30,26,69.9,334.54
PRJ-SYN-000488,2026-03-01,27,73.14,348.72
PRJ-SYN-000489,2024-10-07,72,76.51,388.2
PRJ-SYN-000489,2024-11-06,73,77.79,394.14
PRJ-SYN-000489,2024-12-06,74,79.07,400.08
PRJ-SYN-000489,2025-01-05,75,80.35,406.03
PRJ-SYN-000489,2025-02-04,76,81.64,411.99
PRJ-SYN-000489,2025-03-06,77,82.93,417.96
PRJ-SYN-000489,2025-04-05,78,84.22,423.93
PRJ-SYN-000489,2025-05-05,79,85.52,429.91
PRJ-SYN-000489,2025-06-04,80,86.82,435.9
PRJ-SYN-000489,2025-07-04,81,88.12,441.9
PRJ-SYN-000489,2025-08-03,82,89.43,447.9
PRJ-SYN-000489,2025-09-02,83,90.74,453.92
PRJ-SYN-000489,2025-10-02,84,92.05,459.94
PRJ-SYN-000489,2025-11-01,85,93.37,465.96
PRJ-SYN-000489,2025-12-01,86,94.69,472.0
PRJ-SYN-000489,2025-12-31,87,96.01,478.04
PRJ-SYN-000489,2026-01-30,88,97.34,484.08
PRJ-SYN-000489,2026-03-01,89,98.67,490.14
PRJ-SYN-000490,2024-10-07,59,65.98,686.24
PRJ-SYN-000490,2024-11-06,60,67.32,699.05
PRJ-SYN-000490,2024-12-06,61,68.67,711.87
PRJ-SYN-000490,2025-01-05,62,70.03,724.72
PRJ-SYN-000490,2025-02-04,63,71.38,737.59
PRJ-SYN-000490,2025-03-06,64,72.75,750.48
PRJ-SYN-000490,2025-04-05,65,74.11,763.39
PRJ-SYN-000490,2025-05-05,66,75.48,776.31
PRJ-SYN-000490,2025-06-04,67,76.86,789.26
PRJ-SYN-000490,2025-07-04,68,78.24,802.23
PRJ-SYN-000490,2025-08-03,69,79.62,815.22
PRJ-SYN-000490,2025-09-02,70,81.0,828.22
PRJ-SYN-000490,2025-10-02,71,82.4,841.25
PRJ-SYN-000490,2025-11-01,72,83.79,854.29
PRJ-SYN-000490,2025-12-01,73,85.19,867.35
PRJ-SYN-000490,2025-12-31,74,86.59,880.43
PRJ-SYN-000490,2026-01-30,75,88.0,893.53
PRJ-SYN-000490,2026-03-01,76,89.41,906.64
PRJ-SYN-000491,2024-10-07,18,43.53,113.82
PRJ-SYN-000491,2024-11-06,19,46.45,120.8
PRJ-SYN-000491,2024-12-06,20,49.39,127.81
PRJ-SYN-000491,2025-01-05,21,52.37,134.85
PRJ-SYN-000491,2025-02-04,22,55.38,141.93
PRJ-SYN-000491,2025-03-06,23,58.41,149.05
PRJ-SYN-000491,2025-04-05,24,61.47,156.19
PRJ-SYN-000491,2025-05-05,25,64.56,163.36
PRJ-SYN-000491,2025-06-04,26,67.67,170.57
PRJ-SYN-000491,2025-07-04,27,70.81,177.8
PRJ-SYN-000491,2025-08-03,28,73.97,185.05
PRJ-SYN-000491,2025-09-02,29,77.15,192.34
PRJ-SYN-000491,2025-10-02,30,80.35,199.64
PRJ-SYN-000491,2025-11-01,31,83.57,206.98
PRJ-SYN-000491,2025-12-01,32,86.82,214.33
PRJ-SYN-000491,2025-12-31,33,90.09,221.71
PRJ-SYN-000491,2026-01-30,34,93.37,229.11
PRJ-SYN-000491,2026-03-01,35,96.68,236.54
PRJ-SYN-000492,2024-10-07,44,57.63,2148.58
PRJ-SYN-000492,2024-11-06,45,59.2,2202.35
PRJ-SYN-000492,2024-12-06,46,60.79,2256.25
PRJ-SYN-000492,2025-01-05,47,62.38,2310.26
PRJ-SYN-000492,2025-02-04,48,63.97,2364.39
PRJ-SYN-000492,2025-03-06,49,65.57,2418.63
PRJ-SYN-000492,2025-04-05,50,67.18,2472.98
PRJ-SYN-000492,2025-05-05,51,68.8,2527.44
PRJ-SYN-000492,2025-06-04,52,70.42,2582.0
PRJ-SYN-000492,2025-07-04,53,72.05,2636.67
PRJ-SYN-000492,2025-08-03,54,73.68,2691.45
PRJ-SYN-000492,2025-09-02,55,75.32,2746.33
PRJ-SYN-000492,2025-10-02,56,76.97,2801.3
PRJ-SYN-000492,2025-11-01,57,78.62,2856.38
PRJ-SYN-000492,2025-12-01,58,80.28,2911.55
PRJ-SYN-000492,2025-12-31,59,81.94,2966.81
PRJ-SYN-000492,2026-01-30,60,83.61,3022.17
PRJ-SYN-000492,2026-03-01,61,85.29,3077.63
PRJ-SYN-000493,2024-10-07,62,73.65,667.65
PRJ-SYN-000493,2024-11-06,63,75.08,679.51
PRJ-SYN-000493,2024-12-06,64,76.51,691.38
PRJ-SYN-000493,2025-01-05,65,77.94,703.28
PRJ-SYN-000493,2025-02-04,66,79.39,715.19
PRJ-SYN-000493,2025-03-06,67,80.83,727.11
PRJ-SYN-000493,2025-04-05,68,82.28,739.06
PRJ-SYN-000493,2025-05-05,69,83.74,751.03
PRJ-SYN-000493,2025-06-04,70,85.19,763.01
PRJ-SYN-000493,2025-07-04,71,86.66,775.01
PRJ-SYN-000493,2025-08-03,72,88.12,787.02
PRJ-SYN-000493,2025-09-02,73,89.59,799.05
PRJ-SYN-000493,2025-10-02,74,91.07,811.1
PRJ-SYN-000493,2025-11-01,75,92.55,823.17
PRJ-SYN-000493,2025-12-01,76,94.03,835.25
PRJ-SYN-000493,2025-12-31,77,95.52,847.35
PRJ-SYN-000493,2026-01-30,78,97.01,859.46
PRJ-SYN-000493,2026-03-01,79,98.5,871.59
PRJ-SYN-000494,2024-10-07,36,42.42,1585.49
PRJ-SYN-000494,2024-11-06,37,43.84,1634.01
PRJ-SYN-000494,2024-12-06,38,45.27,1682.65
PRJ-SYN-000494,2025-01-05,39,46.7,1731.42
PRJ-SYN-000494,2025-02-04,40,48.14,1780.32
PRJ-SYN-000494,2025-03-06,41,49.59,1829.34
PRJ-SYN-000494,2025-04-05,42,51.04,1878.48
PRJ-SYN-000494,2025-05-05,43,52.51,1927.73
PRJ-SYN-000494,2025-06-04,44,53.97,1977.1
PRJ-SYN-000494,2025-07-04,45,55.45,2026.59
PRJ-SYN-000494,2025-08-03,46,56.93,2076.18
PRJ-SYN-000494,2025-09-02,47,58.42,2125.88
PRJ-SYN-000494,2025-10-02,48,59.91,2175.69
PRJ-SYN-000494,2025-11-01,49,61.42,2225.6
PRJ-SYN-000494,2025-12-01,50,62.92,2275.61
PRJ-SYN-000494,2025-12-31,51,64.44,2325.73
PRJ-SYN-000494,2026-01-30,52,65.95,2375.94
PRJ-SYN-000494,2026-03-01,53,67.48,2426.25
PRJ-SYN-000495,2024-10-07,41,47.32,637.77
PRJ-SYN-000495,2024-11-06,42,48.71,654.9
PRJ-SYN-000495,2024-12-06,43,50.11,672.08
PRJ-SYN-000495,2025-01-05,44,51.51,689.29
PRJ-SYN-000495,2025-02-04,45,52.92,706.54
PRJ-SYN-000495,2025-03-06,46,54.33,723.83
PRJ-SYN-000495,2025-04-05,47,55.75,741.16
PRJ-SYN-000495,2025-05-05,48,57.18,758.52
PRJ-SYN-000495,2025-06-04,49,58.61,775.92
PRJ-SYN-000495,2025-07-04,50,60.05,793.36
PRJ-SYN-000495,2025-08-03,51,61.49,810.83
PRJ-SYN-000495,2025-09-02,52,62.94,828.34
PRJ-SYN-000495,2025-10-02,53,64.4,845.88
PRJ-SYN-000495,2025-11-01,54,65.86,863.45
PRJ-SYN-000495,2025-12-01,55,67.32,881.05
PRJ-SYN-000495,2025-12-31,56,68.79,898.69
PRJ-SYN-000495,2026-01-30,57,70.27,916.36
PRJ-SYN-000495,2026-03-01,58,71.75,934.06
PRJ-SYN-000496,2024-10-07,18,43.53,774.36
PRJ-SYN-000496,2024-11-06,19,46.45,821.81
PRJ-SYN-000496,2024-12-06,20,49.39,869.51
PRJ-SYN-000496,2025-01-05,21,52.37,917.46
PRJ-SYN-000496,2025-02-04,22,55.38,965.63
PRJ-SYN-000496,2025-03-06,23,58.41,1014.02
PRJ-SYN-000496,2025-04-05,24,61.47,1062.62
PRJ-SYN-000496,2025-05-05,25,64.56,1111.42
PRJ-SYN-000496,2025-06-04,26,67.67,1160.42
PRJ-SYN-000496,2025-07-04,27,70.81,1209.61
PRJ-SYN-000496,2025-08-03,28,73.97,1258.98
PRJ-SYN-000496,2025-09-02,29,77.15,1308.52
PRJ-SYN-000496,2025-10-02,30,80.35,1358.24
PRJ-SYN-000496,2025-11-01,31,83.57,1408.13
PRJ-SYN-000496,2025-12-01,32,86.82,1458.17
PRJ-SYN-000496,2025-12-31,33,90.09,1508.37
PRJ-SYN-000496,2026-01-30,34,93.37,1558.73
PRJ-SYN-000496,2026-03-01,35,96.68,1609.23
PRJ-SYN-000497,2024-10-07,45,66.78,395.1
PRJ-SYN-000497,2024-11-06,46,68.56,404.77
PRJ-SYN-000497,2024-12-06,47,70.36,414.46
PRJ-SYN-000497,2025-01-05,48,72.16,424.17
PRJ-SYN-000497,2025-02-04,49,73.97,433.9
PRJ-SYN-000497,2025-03-06,50,75.78,443.65
PRJ-SYN-000497,2025-04-05,51,77.6,453.42
PRJ-SYN-000497,2025-05-05,52,79.43,463.21
PRJ-SYN-000497,2025-06-04,53,81.27,473.02
PRJ-SYN-000497,2025-07-04,54,83.11,482.84
PRJ-SYN-000497,2025-08-03,55,84.96,492.69
PRJ-SYN-000497,2025-09-02,56,86.82,502.55
PRJ-SYN-000497,2025-10-02,57,88.68,512.43
PRJ-SYN-000497,2025-11-01,58,90.55,522.33
PRJ-SYN-000497,2025-12-01,59,92.43,532.25
PRJ-SYN-000497,2025-12-31,60,94.31,542.18
PRJ-SYN-000497,2026-01-30,61,96.2,552.12
PRJ-SYN-000497,2026-03-01,62,98.1,562.09
PRJ-SYN-000498,2024-10-07,48,58.32,560.38
PRJ-SYN-000498,2024-11-06,49,59.79,573.24
PRJ-SYN-000498,2024-12-06,50,61.25,586.12
PRJ-SYN-000498,2025-01-05,51,62.73,599.03
PRJ-SYN-000498,2025-02-04,52,64.2,611.96
PRJ-SYN-000498,2025-03-06,53,65.69,624.92
PRJ-SYN-000498,2025-04-05,54,67.18,637.9
PRJ-SYN-000498,2025-05-05,55,68.67,650.91
PRJ-SYN-000498,2025-06-04,56,70.18,663.94
PRJ-SYN-000498,2025-07-04,57,71.68,676.99
PRJ-SYN-000498,2025-08-03,58,73.19,690.07
PRJ-SYN-000498,2025-09-02,59,74.71,703.16
PRJ-SYN-000498,2025-10-02,60,76.23,716.29
PRJ-SYN-000498,2025-11-01,61,77.76,729.43
PRJ-SYN-000498,2025-12-01,62,79.29,742.59
PRJ-SYN-000498,2025-12-31,63,80.83,755.78
PRJ-SYN-000498,2026-01-30,64,82.37,768.99
PRJ-SYN-000498,2026-03-01,65,83.92,782.21
PRJ-SYN-000499,2024-10-07,51,69.58,111.71
PRJ-SYN-000499,2024-11-06,52,71.22,114.13
PRJ-SYN-000499,2024-12-06,53,72.86,116.54
PRJ-SYN-000499,2025-01-05,54,74.52,118.96
PRJ-SYN-000499,2025-02-04,55,76.18,121.39
PRJ-SYN-000499,2025-03-06,56,77.84,123.82
PRJ-SYN-000499,2025-04-05,57,79.51,126.25
PRJ-SYN-000499,2025-05-05,58,81.19,128.69
PRJ-SYN-000499,2025-06-04,59,82.87,131.13
PRJ-SYN-000499,2025-07-04,60,84.56,133.58
PRJ-SYN-000499,2025-08-03,61,86.25,136.03
PRJ-SYN-000499,2025-09-02,62,87.95,138.49
PRJ-SYN-000499,2025-10-02,63,89.66,140.95
PRJ-SYN-000499,2025-11-01,64,91.37,143.41
PRJ-SYN-000499,2025-12-01,65,93.08,145.88
PRJ-SYN-000499,2025-12-31,66,94.81,148.35
PRJ-SYN-000499,2026-01-30,67,96.53,150.82
PRJ-SYN-000499,2026-03-01,68,98.26,153.3
PRJ-SYN-000500,2024-10-07,10,8.2,211.34
PRJ-SYN-000500,2024-11-06,11,9.2,234.7
PRJ-SYN-000500,2024-12-06,12,10.21,258.28
PRJ-SYN-000500,2025-01-05,13,11.24,282.05
PRJ-SYN-000500,2025-02-04,14,12.28,306.01
PRJ-SYN-000500,2025-03-06,15,13.34,330.13
PRJ-SYN-000500,2025-04-05,16,14.42,354.42
PRJ-SYN-000500,2025-05-05,17,15.51,378.86
PRJ-SYN-000500,2025-06-04,18,16.61,403.45
PRJ-SYN-000500,2025-07-04,19,17.72,428.17
PRJ-SYN-000500,2025-08-03,20,18.85,453.03
PRJ-SYN-000500,2025-09-02,21,19.98,478.0
PRJ-SYN-000500,2025-10-02,22,21.13,503.1
PRJ-SYN-000500,2025-11-01,23,22.29,528.31
PRJ-SYN-000500,2025-12-01,24,23.45,553.63
PRJ-SYN-000500,2025-12-31,25,24.63,579.06
PRJ-SYN-000500,2026-01-30,26,25.82,604.59
PRJ-SYN-000500,2026-03-01,27,27.01,630.22
